State_Name,District_Name,Agro_Climatic_Zone,Crop_Year,Season,Crop,Area_Sown,Production_Total,Yield_Kg_Ha,Precip_Seasonal_mm,Rain_Days_Extreme,Temp_Max_Avg,Heatwave_Days,Fertilizer_N_Tonnes,Fertilizer_P_Tonnes,Fertilizer_K_Tonnes,Net_Irrigated_Pct,Tubewell_Irrig_Pct,NPK_Total_Intensity_Kg_Ha,NPK_Balance_Ratio,Rainfall_Anomaly_Pct,Thermal_Stress_Index,Irrigation_Security_Score
Uttar Pradesh,Agra,Western UP,1997-98,Kharif,Rice,69147.3,182667.21,2641.7,805.6,5,31.8,0,8110.82,3406.55,1459.95,90.6,80.2,187.68,2.38,5.49,31.8,84.36
Uttar Pradesh,Agra,Western UP,1997-98,Rabi,Wheat,94962.8,270273.44,2846.1,98.5,0,33.2,5,14452.78,6503.75,2167.92,90.6,80.2,243.51,2.22,49.02,41.5,84.36
Uttar Pradesh,Agra,Western UP,1998-99,Kharif,Rice,87128.2,253450.64,2908.9,856.2,2,34.3,0,9733.55,4088.09,1752.04,85.3,80.4,178.74,2.38,12.12,34.3,82.36
Uttar Pradesh,Agra,Western UP,1998-99,Rabi,Wheat,98392.3,305609.19,3106.0,40.1,0,31.4,1,16176.54,7279.44,2426.48,85.3,80.4,263.05,2.22,-39.33,32.97,82.36
Uttar Pradesh,Agra,Western UP,1999-00,Kharif,Rice,114148.3,335447.37,2938.7,803.2,5,32.0,0,13995.24,5878.0,2519.14,84.8,81.9,196.17,2.38,5.18,32.0,83.06
Uttar Pradesh,Agra,Western UP,1999-00,Rabi,Wheat,96029.0,307014.26,3197.1,54.2,0,29.1,0,14638.48,6587.32,2195.77,84.8,81.9,243.9,2.22,-18.0,29.1,83.06
Uttar Pradesh,Agra,Western UP,2000-01,Kharif,Rice,75775.6,207387.21,2736.9,768.8,4,33.2,0,9146.36,3841.47,1646.35,91.0,83.5,193.13,2.38,0.67,33.2,86.5
Uttar Pradesh,Agra,Western UP,2000-01,Rabi,Wheat,111319.4,276707.31,2485.7,85.3,0,33.6,7,17084.33,7687.95,2562.65,91.0,83.5,245.55,2.22,29.05,45.36,86.5
Uttar Pradesh,Agra,Western UP,2001-02,Kharif,Rice,77047.6,232732.96,3020.6,887.7,4,34.4,0,9130.73,3834.91,1643.53,87.4,84.9,189.61,2.38,16.24,34.4,85.9
Uttar Pradesh,Agra,Western UP,2001-02,Rabi,Wheat,121185.4,387843.98,3200.4,90.6,0,32.2,2,17595.27,7917.87,2639.29,87.4,84.9,232.31,2.22,37.07,35.42,85.9
Uttar Pradesh,Agra,Western UP,2002-03,Kharif,Rice,86482.5,200905.04,2323.1,332.5,4,32.6,0,11297.35,4744.89,2033.52,90.5,80.0,209.01,2.38,-56.46,32.6,84.2
Uttar Pradesh,Agra,Western UP,2002-03,Rabi,Wheat,78593.3,249582.67,3175.6,80.8,0,32.3,3,11067.42,4980.34,1660.11,90.5,80.0,225.31,2.22,22.25,37.14,84.2
Uttar Pradesh,Agra,Western UP,2003-04,Kharif,Rice,99638.3,282488.07,2835.1,674.5,5,33.0,0,13460.1,5653.24,2422.82,91.0,79.7,216.14,2.38,-11.68,33.0,84.22
Uttar Pradesh,Agra,Western UP,2003-04,Rabi,Wheat,97910.5,265124.62,2707.8,66.5,0,33.7,7,14914.8,6711.66,2237.22,91.0,79.7,243.73,2.22,0.61,45.5,84.22
Uttar Pradesh,Agra,Western UP,2004-05,Kharif,Rice,87334.0,249382.3,2855.5,557.3,2,34.4,0,11303.03,4747.27,2034.55,92.6,85.6,207.08,2.38,-27.02,34.4,88.4
Uttar Pradesh,Agra,Western UP,2004-05,Rabi,Wheat,71195.9,261469.49,3672.5,22.1,0,31.8,0,10566.23,4754.81,1584.94,92.6,85.6,237.46,2.22,-66.56,31.8,88.4
Uttar Pradesh,Agra,Western UP,2005-06,Kharif,Rice,76043.4,219107.44,2881.3,625.4,3,34.5,0,10992.53,4616.86,1978.66,90.6,84.2,231.29,2.38,-18.11,34.5,86.76
Uttar Pradesh,Agra,Western UP,2005-06,Rabi,Wheat,102372.0,306123.24,2990.3,55.6,0,33.4,6,16169.07,7276.08,2425.36,90.6,84.2,252.71,2.22,-15.88,43.42,86.76
Uttar Pradesh,Agra,Western UP,2006-07,Kharif,Rice,110270.5,324548.19,2943.2,830.7,4,33.3,0,13780.29,5787.72,2480.45,93.1,85.5,199.95,2.38,8.78,33.3,88.54
Uttar Pradesh,Agra,Western UP,2006-07,Rabi,Wheat,94685.2,298824.07,3156.0,66.7,0,32.8,5,15700.31,7065.14,2355.05,93.1,85.5,265.31,2.22,0.91,41.0,88.54
Uttar Pradesh,Agra,Western UP,2007-08,Kharif,Rice,81533.5,228501.94,2802.6,900.2,7,33.9,0,9464.72,3975.18,1703.65,91.9,84.9,185.73,2.38,17.88,33.9,87.7
Uttar Pradesh,Agra,Western UP,2007-08,Rabi,Wheat,92192.9,344447.27,3736.2,60.5,0,29.7,0,13751.67,6188.25,2062.75,91.9,84.9,238.66,2.22,-8.47,29.7,87.7
Uttar Pradesh,Agra,Western UP,2008-09,Kharif,Rice,65516.7,228877.72,3493.4,939.4,0,32.1,0,8382.07,3520.47,1508.77,91.7,83.0,204.7,2.38,23.01,32.1,86.48
Uttar Pradesh,Agra,Western UP,2008-09,Rabi,Wheat,120236.7,446692.23,3715.1,81.2,0,31.5,1,18282.66,8227.2,2742.4,91.7,83.0,243.29,2.22,22.85,33.08,86.48
Uttar Pradesh,Agra,Western UP,2009-10,Kharif,Rice,85686.9,229271.95,2675.7,455.6,2,33.2,0,10997.14,4618.8,1979.49,95.7,86.8,205.35,2.38,-40.34,33.2,90.36
Uttar Pradesh,Agra,Western UP,2009-10,Rabi,Wheat,97526.5,278533.57,2856.0,58.8,0,32.9,8,16539.21,7442.65,2480.88,95.7,86.8,271.34,2.22,-11.04,46.06,90.36
Uttar Pradesh,Agra,Western UP,2010-11,Kharif,Rice,94732.8,296889.57,3134.0,732.2,3,32.7,0,13101.09,5502.46,2358.2,96.8,83.3,221.27,2.38,-4.12,32.7,88.7
Uttar Pradesh,Agra,Western UP,2010-11,Rabi,Wheat,103075.4,406539.19,3944.1,55.4,0,28.8,0,17325.18,7796.33,2598.78,96.8,83.3,268.93,2.22,-16.18,28.8,88.7
Uttar Pradesh,Agra,Western UP,2011-12,Kharif,Rice,60169.1,202487.16,3365.3,811.5,2,32.6,0,8385.51,3521.92,1509.39,89.4,83.3,222.99,2.38,6.26,32.6,85.74
Uttar Pradesh,Agra,Western UP,2011-12,Rabi,Wheat,90192.1,358810.28,3978.3,33.1,0,30.4,0,15840.0,7128.0,2376.0,89.4,83.3,281.0,2.22,-49.92,30.4,85.74
Uttar Pradesh,Agra,Western UP,2012-13,Kharif,Rice,94801.2,295468.47,3116.7,885.6,7,34.3,0,12530.24,5262.7,2255.44,93.0,85.4,211.48,2.38,15.97,34.3,88.44
Uttar Pradesh,Agra,Western UP,2012-13,Rabi,Wheat,94129.2,369851.7,3929.2,102.5,0,30.6,0,16999.47,7649.76,2549.92,93.0,85.4,288.96,2.22,55.08,30.6,88.44
Uttar Pradesh,Agra,Western UP,2013-14,Kharif,Rice,87489.2,272091.39,3110.0,1057.1,6,33.9,0,11598.85,4871.52,2087.79,97.5,86.4,212.12,2.38,38.42,33.9,90.84
Uttar Pradesh,Agra,Western UP,2013-14,Rabi,Wheat,100734.0,403233.5,4003.0,71.8,0,31.3,0,19186.7,8634.01,2878.0,97.5,86.4,304.75,2.22,8.63,31.3,90.84
Uttar Pradesh,Agra,Western UP,2014-15,Kharif,Rice,85965.8,275735.52,3207.5,910.2,6,34.5,0,10960.72,4603.5,1972.93,97.3,85.5,204.0,2.38,19.19,34.5,90.22
Uttar Pradesh,Agra,Western UP,2014-15,Rabi,Wheat,84100.7,352040.8,4185.9,59.7,0,30.1,0,14653.73,6594.18,2198.06,97.3,85.5,278.78,2.22,-9.68,30.1,90.22
Uttar Pradesh,Agra,Western UP,2015-16,Kharif,Rice,93338.1,282931.14,3031.2,571.0,3,33.0,0,14101.88,5922.79,2538.34,96.4,90.0,241.73,2.38,-25.23,33.0,92.56
Uttar Pradesh,Agra,Western UP,2015-16,Rabi,Wheat,126685.0,462383.86,3649.9,30.7,0,33.4,5,23328.9,10498.01,3499.34,96.4,90.0,294.64,2.22,-53.55,41.75,92.56
Uttar Pradesh,Agra,Western UP,2016-17,Kharif,Rice,79214.2,252713.49,3190.3,916.0,7,32.3,0,11369.79,4775.31,2046.56,98.0,87.6,229.65,2.38,19.95,32.3,91.76
Uttar Pradesh,Agra,Western UP,2016-17,Rabi,Wheat,107969.1,338590.89,3136.0,81.0,0,34.7,9,18334.99,8250.75,2750.25,98.0,87.6,271.71,2.22,22.55,50.32,91.76
Uttar Pradesh,Agra,Western UP,2017-18,Kharif,Rice,119520.4,383497.77,3208.6,944.1,7,34.0,0,16104.14,6763.74,2898.75,91.1,88.0,215.58,2.38,23.63,34.0,89.24
Uttar Pradesh,Agra,Western UP,2017-18,Rabi,Wheat,107555.3,434312.48,4038.0,112.2,0,30.5,0,18134.46,8160.51,2720.17,91.1,88.0,269.77,2.22,69.75,30.5,89.24
Uttar Pradesh,Agra,Western UP,2018-19,Kharif,Rice,88577.1,265988.77,3002.9,711.0,7,32.8,0,11761.7,4939.91,2117.11,98.0,85.6,212.46,2.38,-6.9,32.8,90.56
Uttar Pradesh,Agra,Western UP,2018-19,Rabi,Wheat,92494.6,403925.32,4367.0,66.1,0,29.1,0,17590.95,7915.93,2638.64,98.0,85.6,304.29,2.22,0.01,29.1,90.56
Uttar Pradesh,Aligarh,Western UP,1997-98,Kharif,Rice,89822.6,241476.78,2688.4,738.3,1,32.3,0,11279.04,4737.2,2030.23,86.7,82.9,200.91,2.38,-3.27,32.3,84.42
Uttar Pradesh,Aligarh,Western UP,1997-98,Rabi,Wheat,91640.4,267600.52,2920.1,93.8,0,32.2,2,14321.01,6444.46,2148.15,86.7,82.9,250.04,2.22,42.53,35.42,84.42
Uttar Pradesh,Aligarh,Western UP,1998-99,Kharif,Rice,88747.6,239975.87,2704.0,776.3,5,32.4,0,9468.04,3976.58,1704.25,89.4,79.7,170.7,2.38,1.71,32.4,83.58
Uttar Pradesh,Aligarh,Western UP,1998-99,Rabi,Wheat,93451.5,261800.78,2801.5,74.0,0,33.2,4,12376.35,5569.36,1856.45,89.4,79.7,211.9,2.22,12.44,39.84,83.58
Uttar Pradesh,Aligarh,Western UP,1999-00,Kharif,Rice,123708.2,345600.18,2793.7,893.6,3,33.5,0,14251.99,5985.84,2565.36,89.0,80.6,184.33,2.38,17.08,33.5,83.96
Uttar Pradesh,Aligarh,Western UP,1999-00,Rabi,Wheat,83908.7,272382.62,3246.2,51.3,0,30.4,0,11084.24,4987.91,1662.64,89.0,80.6,211.36,2.22,-22.05,30.4,83.96
Uttar Pradesh,Aligarh,Western UP,2000-01,Kharif,Rice,98792.3,263326.75,2665.5,729.7,3,32.8,0,10622.03,4461.25,1911.97,92.5,86.9,172.03,2.38,-4.39,32.8,89.14
Uttar Pradesh,Aligarh,Western UP,2000-01,Rabi,Wheat,95296.2,277332.41,2910.2,45.6,0,32.6,5,13354.04,6009.32,2003.11,92.5,86.9,224.21,2.22,-30.71,40.75,89.14
Uttar Pradesh,Aligarh,Western UP,2001-02,Kharif,Rice,72611.1,196737.24,2709.5,719.6,2,33.6,0,9152.89,3844.22,1647.52,89.5,82.0,201.69,2.38,-5.72,33.6,85.0
Uttar Pradesh,Aligarh,Western UP,2001-02,Rabi,Wheat,96246.0,328976.04,3418.1,63.3,0,31.2,0,15005.69,6752.56,2250.85,89.5,82.0,249.46,2.22,-3.82,31.2,85.0
Uttar Pradesh,Aligarh,Western UP,2002-03,Kharif,Rice,106559.2,269095.33,2525.3,565.3,5,33.3,0,12250.37,5145.16,2205.07,92.6,82.9,183.94,2.38,-25.93,33.3,86.78
Uttar Pradesh,Aligarh,Western UP,2002-03,Rabi,Wheat,80027.3,280591.55,3506.2,43.0,0,29.4,0,12609.91,5674.46,1891.49,92.6,82.9,252.11,2.22,-34.66,29.4,86.78
Uttar Pradesh,Aligarh,Western UP,2003-04,Kharif,Rice,77646.2,213117.63,2744.7,645.1,4,33.2,0,8108.75,3405.67,1459.57,85.3,82.4,167.09,2.38,-15.48,33.2,83.56
Uttar Pradesh,Aligarh,Western UP,2003-04,Rabi,Wheat,92327.2,294878.65,3193.8,85.7,0,30.4,0,13467.74,6060.48,2020.16,85.3,82.4,233.39,2.22,30.22,30.4,83.56
Uttar Pradesh,Aligarh,Western UP,2004-05,Kharif,Rice,114862.8,336357.31,2928.3,676.6,1,33.4,0,14394.45,6045.67,2591.0,88.7,82.7,200.51,2.38,-11.35,33.4,85.1
Uttar Pradesh,Aligarh,Western UP,2004-05,Rabi,Wheat,81365.4,281975.35,3465.5,66.9,0,29.5,0,12412.11,5585.45,1861.82,88.7,82.7,244.08,2.22,1.65,29.5,85.1
Uttar Pradesh,Aligarh,Western UP,2005-06,Kharif,Rice,75961.6,202393.53,2664.4,582.4,5,33.7,0,9361.06,3931.65,1684.99,92.2,85.2,197.17,2.38,-23.69,33.7,88.0
Uttar Pradesh,Aligarh,Western UP,2005-06,Rabi,Wheat,116076.3,425877.76,3668.9,52.8,0,31.0,0,18330.07,8248.53,2749.51,92.2,85.2,252.66,2.22,-19.77,31.0,88.0
Uttar Pradesh,Aligarh,Western UP,2006-07,Kharif,Rice,93595.6,260539.17,2783.7,641.3,2,33.5,0,11972.65,5028.51,2155.08,89.5,82.4,204.67,2.38,-15.98,33.5,85.24
Uttar Pradesh,Aligarh,Western UP,2006-07,Rabi,Wheat,77573.8,234247.61,3019.7,97.4,0,33.9,4,13109.26,5899.17,1966.39,89.5,82.4,270.39,2.22,48.0,40.68,85.24
Uttar Pradesh,Aligarh,Western UP,2007-08,Kharif,Rice,67995.2,192526.93,2831.5,665.8,3,33.0,0,7905.52,3320.32,1422.99,91.7,85.6,186.03,2.38,-12.77,33.0,88.04
Uttar Pradesh,Aligarh,Western UP,2007-08,Rabi,Wheat,96523.7,343577.78,3559.5,82.0,0,30.0,0,16315.71,7342.07,2447.36,91.7,85.6,270.45,2.22,24.6,30.0,88.04
Uttar Pradesh,Aligarh,Western UP,2008-09,Kharif,Rice,92772.4,253435.91,2731.8,1003.6,5,34.6,0,11884.56,4991.52,2139.22,94.9,86.0,204.97,2.38,31.49,34.6,89.56
Uttar Pradesh,Aligarh,Western UP,2008-09,Rabi,Wheat,72386.5,243167.58,3359.3,91.8,0,32.0,2,12076.88,5434.6,1811.53,94.9,86.0,266.94,2.22,39.49,35.2,89.56
Uttar Pradesh,Aligarh,Western UP,2009-10,Kharif,Rice,95286.4,258345.17,2711.2,595.8,5,34.1,0,12881.45,5410.21,2318.66,94.6,85.6,216.3,2.38,-21.94,34.1,89.2
Uttar Pradesh,Aligarh,Western UP,2009-10,Rabi,Wheat,83481.1,293515.4,3515.9,42.8,0,31.9,2,15997.21,7198.74,2399.58,94.6,85.6,306.6,2.22,-34.97,35.09,89.2
Uttar Pradesh,Aligarh,Western UP,2010-11,Kharif,Rice,83818.8,228121.99,2721.6,911.0,8,32.6,0,11442.39,4805.8,2059.63,98.0,87.6,218.42,2.38,19.36,32.6,91.76
Uttar Pradesh,Aligarh,Western UP,2010-11,Rabi,Wheat,93845.7,341208.79,3635.9,71.5,0,32.8,2,14499.33,6524.7,2174.9,98.0,87.6,247.2,2.22,8.64,36.08,91.76
Uttar Pradesh,Aligarh,Western UP,2011-12,Kharif,Rice,83819.4,241439.1,2880.5,853.8,6,32.6,0,11061.79,4645.95,1991.12,95.0,87.6,211.15,2.38,11.87,32.6,90.56
Uttar Pradesh,Aligarh,Western UP,2011-12,Rabi,Wheat,98094.0,347348.14,3541.0,72.7,0,32.0,3,16602.07,7470.93,2490.31,95.0,87.6,270.79,2.22,10.47,36.8,90.56
Uttar Pradesh,Aligarh,Western UP,2012-13,Kharif,Rice,94510.6,271640.41,2874.2,744.9,5,33.6,0,13529.83,5682.53,2435.37,98.0,88.7,229.05,2.38,-2.4,33.6,92.42
Uttar Pradesh,Aligarh,Western UP,2012-13,Rabi,Wheat,88975.7,302830.73,3403.5,71.5,0,32.5,4,14765.57,6644.51,2214.84,98.0,88.7,265.52,2.22,8.64,39.0,92.42
Uttar Pradesh,Aligarh,Western UP,2013-14,Kharif,Rice,68311.0,189764.96,2778.0,1250.9,9,33.4,0,8891.79,3734.55,1600.52,98.0,85.9,208.27,2.38,63.89,33.4,90.74
Uttar Pradesh,Aligarh,Western UP,2013-14,Rabi,Wheat,109472.9,424548.09,3878.1,74.2,0,30.4,0,18475.56,8314.0,2771.33,98.0,85.9,270.03,2.22,12.75,30.4,90.74
Uttar Pradesh,Aligarh,Western UP,2014-15,Kharif,Rice,82570.8,250323.92,3031.6,632.9,4,32.8,0,12026.13,5050.97,2164.7,95.2,85.3,233.03,2.38,-17.08,32.8,89.26
Uttar Pradesh,Aligarh,Western UP,2014-15,Rabi,Wheat,108058.5,406545.54,3762.3,78.3,0,31.9,1,19848.11,8931.65,2977.22,95.2,85.3,293.89,2.22,18.98,33.49,89.26
Uttar Pradesh,Aligarh,Western UP,2015-16,Kharif,Rice,79708.7,229460.24,2878.7,582.8,6,33.1,0,12016.21,5046.81,2162.92,95.4,89.5,241.2,2.38,-23.64,33.1,91.86
Uttar Pradesh,Aligarh,Western UP,2015-16,Rabi,Wheat,86974.7,348244.17,4004.0,62.9,0,30.3,0,15815.59,7117.02,2372.34,95.4,89.5,290.95,2.22,-4.42,30.3,91.86
Uttar Pradesh,Aligarh,Western UP,2016-17,Kharif,Rice,121859.6,383400.45,3146.2,853.3,5,33.1,0,15961.18,6703.7,2873.01,98.0,88.7,209.57,2.38,11.8,33.1,92.42
Uttar Pradesh,Aligarh,Western UP,2016-17,Rabi,Wheat,89683.7,338903.83,3778.9,48.0,0,31.2,1,17371.55,7817.2,2605.73,98.0,88.7,309.92,2.22,-27.06,32.76,92.42
Uttar Pradesh,Aligarh,Western UP,2017-18,Kharif,Rice,86154.9,249472.29,2895.6,989.1,7,33.1,0,12175.13,5113.55,2191.52,98.0,85.7,226.11,2.38,29.59,33.1,90.62
Uttar Pradesh,Aligarh,Western UP,2017-18,Rabi,Wheat,112813.0,469948.38,4165.7,72.2,0,29.9,0,20292.93,9131.82,3043.94,98.0,85.7,287.81,2.22,9.71,29.9,90.62
Uttar Pradesh,Aligarh,Western UP,2018-19,Kharif,Rice,99641.5,294324.41,2953.8,548.0,6,33.3,0,14068.9,5908.94,2532.4,95.0,89.0,225.91,2.38,-28.2,33.3,91.4
Uttar Pradesh,Aligarh,Western UP,2018-19,Rabi,Wheat,77982.4,279087.37,3578.9,101.7,0,32.0,3,15538.8,6992.46,2330.82,95.0,89.0,318.82,2.22,54.53,36.8,91.4
Uttar Pradesh,Baghpat,Western UP,1997-98,Kharif,Rice,97914.0,245395.69,2506.2,696.0,2,33.8,0,10410.6,4372.45,1873.91,87.2,78.6,170.12,2.38,-6.06,33.8,82.04
Uttar Pradesh,Baghpat,Western UP,1997-98,Rabi,Wheat,86166.8,225228.34,2613.9,59.4,0,34.0,4,11731.04,5278.97,1759.66,87.2,78.6,217.83,2.22,-2.87,40.8,82.04
Uttar Pradesh,Baghpat,Western UP,1998-99,Kharif,Rice,66090.8,178743.49,2704.5,782.6,5,34.0,0,7801.06,3276.44,1404.19,85.2,83.5,188.86,2.38,5.63,34.0,84.18
Uttar Pradesh,Baghpat,Western UP,1998-99,Rabi,Wheat,63787.1,202128.91,3168.8,53.8,0,29.9,0,9458.67,4256.4,1418.8,85.2,83.5,237.26,2.22,-12.03,29.9,84.18
Uttar Pradesh,Baghpat,Western UP,1999-00,Kharif,Rice,75335.4,206419.62,2740.0,875.4,4,33.5,0,8594.42,3609.65,1546.99,89.5,84.0,182.53,2.38,18.16,33.5,86.2
Uttar Pradesh,Baghpat,Western UP,1999-00,Rabi,Wheat,102179.4,0.0,3561.7,56.7,0,30.6,0,14424.87,6491.19,2163.73,89.5,84.0,225.88,2.22,-7.29,30.6,86.2
Uttar Pradesh,Baghpat,Western UP,2000-01,Kharif,Rice,94434.8,267244.92,2829.9,701.8,5,34.4,0,11560.8,4855.53,2080.94,91.3,81.8,195.87,2.38,-5.28,34.4,85.6
Uttar Pradesh,Baghpat,Western UP,2000-01,Rabi,Wheat,98493.3,326551.32,3315.5,79.4,0,30.6,0,15500.71,6975.32,2325.11,91.3,81.8,251.81,2.22,29.83,30.6,85.6
Uttar Pradesh,Baghpat,Western UP,2001-02,Kharif,Rice,82587.9,229324.44,2776.7,748.5,4,33.3,0,8841.11,3713.27,1591.4,94.3,83.7,171.28,2.38,1.03,33.3,87.94
Uttar Pradesh,Baghpat,Western UP,2001-02,Rabi,Wheat,97683.2,292215.69,2991.5,59.8,0,32.6,4,14756.87,6640.59,2213.53,94.3,83.7,241.71,2.22,-2.22,39.12,87.94
Uttar Pradesh,Baghpat,Western UP,2002-03,Kharif,Rice,88699.9,212691.06,2397.9,358.7,2,33.4,0,10008.44,4203.55,1801.52,88.3,84.9,180.54,2.38,-51.58,33.4,86.26
Uttar Pradesh,Baghpat,Western UP,2002-03,Rabi,Wheat,93593.9,326413.31,3487.5,43.7,0,32.0,0,13509.92,6079.46,2026.49,88.3,84.9,230.95,2.22,-28.54,32.0,86.26
Uttar Pradesh,Baghpat,Western UP,2003-04,Kharif,Rice,69642.7,205684.14,2953.4,730.4,4,34.9,0,8957.71,3762.24,1612.39,93.0,83.2,205.8,2.38,-1.42,34.9,87.12
Uttar Pradesh,Baghpat,Western UP,2003-04,Rabi,Wheat,86121.6,307390.42,3569.3,78.7,0,30.0,0,13333.55,6000.1,2000.03,93.0,83.2,247.72,2.22,28.69,30.0,87.12
Uttar Pradesh,Baghpat,Western UP,2004-05,Kharif,Rice,78073.2,203676.73,2608.8,569.8,5,33.9,0,9529.73,4002.49,1715.35,96.0,83.8,195.3,2.38,-23.09,33.9,88.68
Uttar Pradesh,Baghpat,Western UP,2004-05,Rabi,Wheat,78337.5,261654.15,3340.1,24.2,0,30.6,0,10408.24,4683.71,1561.24,96.0,83.8,212.58,2.22,-60.43,30.6,88.68
Uttar Pradesh,Baghpat,Western UP,2005-06,Kharif,Rice,70489.3,193741.51,2748.5,800.2,5,33.8,0,9261.88,3889.99,1667.14,93.4,81.8,210.23,2.38,8.01,33.8,86.44
Uttar Pradesh,Baghpat,Western UP,2005-06,Rabi,Wheat,112790.9,372130.87,3299.3,75.4,0,32.4,2,17139.91,7712.96,2570.99,93.4,81.8,243.14,2.22,23.29,35.64,86.44
Uttar Pradesh,Baghpat,Western UP,2006-07,Kharif,Rice,80877.8,240465.51,2973.2,577.3,1,33.5,0,11569.79,4859.31,2082.56,96.0,88.8,228.88,2.38,-22.08,33.5,91.68
Uttar Pradesh,Baghpat,Western UP,2006-07,Rabi,Wheat,90986.1,304078.92,3342.0,61.8,0,33.2,3,15260.77,6867.34,2289.11,96.0,88.8,268.36,2.22,1.05,38.18,91.68
Uttar Pradesh,Baghpat,Western UP,2007-08,Kharif,Rice,80272.8,221200.76,2755.6,800.4,7,34.5,0,9032.25,3793.54,1625.8,90.8,84.4,180.03,2.38,8.03,34.5,86.96
Uttar Pradesh,Baghpat,Western UP,2007-08,Rabi,Wheat,121466.8,449760.63,3702.7,56.7,0,31.4,0,18997.94,8549.08,2849.69,90.8,84.4,250.25,2.22,-7.29,31.4,86.96
Uttar Pradesh,Baghpat,Western UP,2008-09,Kharif,Rice,92109.1,270722.31,2939.1,971.5,2,32.8,0,11549.13,4850.63,2078.84,92.4,87.7,200.62,2.38,31.13,32.8,89.58
Uttar Pradesh,Baghpat,Western UP,2008-09,Rabi,Wheat,76957.2,274725.42,3569.8,60.3,0,28.5,0,12832.78,5774.75,1924.92,92.4,87.7,266.8,2.22,-1.4,28.5,89.58
Uttar Pradesh,Baghpat,Western UP,2009-10,Kharif,Rice,88221.4,212808.05,2412.2,387.3,4,33.7,0,12361.2,5191.7,2225.02,95.6,83.9,224.19,2.38,-47.72,33.7,88.58
Uttar Pradesh,Baghpat,Western UP,2009-10,Rabi,Wheat,87496.5,325153.44,3716.2,18.8,0,29.8,0,13253.02,5963.86,1987.95,95.6,83.9,242.35,2.22,-69.26,29.8,88.58
Uttar Pradesh,Baghpat,Western UP,2010-11,Kharif,Rice,84923.5,236658.26,2786.7,879.4,8,33.2,0,10087.13,4236.59,1815.68,93.9,87.1,190.05,2.38,18.7,33.2,89.82
Uttar Pradesh,Baghpat,Western UP,2010-11,Rabi,Wheat,104576.9,388930.5,3719.1,57.2,0,30.9,0,17457.2,7855.74,2618.58,93.9,87.1,267.09,2.22,-6.47,30.9,89.82
Uttar Pradesh,Baghpat,Western UP,2011-12,Kharif,Rice,89505.0,288979.17,3228.6,772.4,4,31.9,0,10981.92,4612.41,1976.75,92.0,84.2,196.31,2.38,4.25,31.9,87.32
Uttar Pradesh,Baghpat,Western UP,2011-12,Rabi,Wheat,79314.7,266252.49,3356.9,88.2,0,34.2,4,13409.74,6034.38,2011.46,92.0,84.2,270.51,2.22,44.22,41.04,87.32
Uttar Pradesh,Baghpat,Western UP,2012-13,Kharif,Rice,74788.8,219250.86,2931.6,747.5,4,31.8,0,8693.89,3651.43,1564.9,95.6,87.6,185.99,2.38,0.89,31.8,90.8
Uttar Pradesh,Baghpat,Western UP,2012-13,Rabi,Wheat,113246.5,443844.93,3919.3,69.1,0,31.9,0,18852.89,8483.8,2827.93,95.6,87.6,266.36,2.22,12.99,31.9,90.8
Uttar Pradesh,Baghpat,Western UP,2013-14,Kharif,Rice,98793.8,275914.32,2792.8,994.7,9,34.4,0,13630.83,5724.95,2453.55,97.9,85.1,220.76,2.38,34.26,34.4,90.22
Uttar Pradesh,Baghpat,Western UP,2013-14,Rabi,Wheat,112544.2,422048.38,3750.1,88.8,0,32.6,2,20592.81,9266.76,3088.92,97.9,85.1,292.76,2.22,45.2,35.86,90.22
Uttar Pradesh,Baghpat,Western UP,2014-15,Kharif,Rice,87899.7,280539.78,3191.6,708.7,3,33.0,0,12446.39,5227.48,2240.35,91.8,83.5,226.56,2.38,-4.34,33.0,86.82
Uttar Pradesh,Baghpat,Western UP,2014-15,Rabi,Wheat,108235.4,419688.15,3877.5,76.2,0,30.8,0,20224.17,9100.88,3033.63,91.8,83.5,298.97,2.22,24.6,30.8,86.82
Uttar Pradesh,Baghpat,Western UP,2015-16,Kharif,Rice,109962.7,299780.69,2726.2,544.8,5,32.9,0,14742.29,6191.76,2653.61,98.0,88.5,214.51,2.38,-26.47,32.9,92.3
Uttar Pradesh,Baghpat,Western UP,2015-16,Rabi,Wheat,94767.3,381172.83,4022.2,37.6,0,32.3,1,17348.15,7806.67,2602.22,98.0,88.5,292.9,2.22,-38.52,33.91,92.3
Uttar Pradesh,Baghpat,Western UP,2016-17,Kharif,Rice,83366.5,262286.96,3146.2,742.0,6,32.5,0,11376.69,4778.21,2047.8,98.0,87.3,218.35,2.38,0.15,32.5,91.58
Uttar Pradesh,Baghpat,Western UP,2016-17,Rabi,Wheat,64142.9,265534.3,4139.7,51.2,0,30.7,0,10707.21,4818.25,1606.08,98.0,87.3,267.08,2.22,-16.28,30.7,91.58
Uttar Pradesh,Baghpat,Western UP,2017-18,Kharif,Rice,88030.9,291784.55,3314.6,952.2,4,32.7,0,12647.73,5312.05,2276.59,98.0,90.6,229.88,2.38,28.52,32.7,93.56
Uttar Pradesh,Baghpat,Western UP,2017-18,Rabi,Wheat,96930.7,407866.43,4207.8,70.6,0,29.9,0,17323.02,7795.36,2598.45,98.0,90.6,285.94,2.22,15.44,29.9,93.56
Uttar Pradesh,Baghpat,Western UP,2018-19,Kharif,Rice,84482.5,281065.84,3326.9,859.6,4,33.5,0,11297.8,4745.08,2033.6,98.0,91.9,213.97,2.38,16.02,33.5,94.34
Uttar Pradesh,Baghpat,Western UP,2018-19,Rabi,Wheat,82749.3,326682.05,3947.9,74.1,0,31.6,1,14864.95,6689.23,2229.74,98.0,91.9,287.42,2.22,21.17,33.18,94.34
Uttar Pradesh,Bulandshahr,Western UP,1997-98,Kharif,Rice,90990.9,265238.01,2915.0,954.1,3,34.2,0,10048.57,4220.4,1808.74,87.6,83.0,176.7,2.38,25.37,34.2,84.84
Uttar Pradesh,Bulandshahr,Western UP,1997-98,Rabi,Wheat,82658.5,273952.53,3314.3,75.4,0,28.9,0,12244.64,5510.09,1836.7,87.6,83.0,237.02,2.22,19.58,28.9,84.84
Uttar Pradesh,Bulandshahr,Western UP,1998-99,Kharif,Rice,115010.5,323308.0,2811.1,708.6,3,34.2,0,11047.56,4639.98,1988.56,85.4,81.3,153.69,2.38,-6.89,34.2,82.94
Uttar Pradesh,Bulandshahr,Western UP,1998-99,Rabi,Wheat,107951.7,274887.97,2546.4,72.4,0,34.3,8,17975.21,8088.84,2696.28,85.4,81.3,266.42,2.22,14.83,48.02,82.94
Uttar Pradesh,Bulandshahr,Western UP,1999-00,Kharif,Rice,101523.4,279824.15,2756.3,751.5,2,33.6,0,12617.67,5299.42,2271.18,93.0,83.4,198.85,2.38,-1.25,33.6,87.24
Uttar Pradesh,Bulandshahr,Western UP,1999-00,Rabi,Wheat,93307.0,315867.8,3385.3,41.1,0,32.9,2,14352.64,6458.69,2152.9,93.0,83.4,246.11,2.22,-34.82,36.19,87.24
Uttar Pradesh,Bulandshahr,Western UP,2000-01,Kharif,Rice,93743.7,243819.79,2600.9,649.3,4,33.4,0,10907.76,4581.26,1963.4,89.8,87.7,186.17,2.38,-14.68,33.4,88.54
Uttar Pradesh,Bulandshahr,Western UP,2000-01,Rabi,Wheat,110036.2,293522.64,2667.5,75.0,0,34.9,9,15836.39,7126.38,2375.46,89.8,87.7,230.27,2.22,18.95,50.6,88.54
Uttar Pradesh,Bulandshahr,Western UP,2001-02,Kharif,Rice,102042.1,281351.98,2757.2,739.0,2,31.8,0,11776.11,4945.97,2119.7,98.0,85.6,184.65,2.38,-2.9,31.8,90.56
Uttar Pradesh,Bulandshahr,Western UP,2001-02,Rabi,Wheat,112828.5,391055.19,3465.9,72.3,0,32.2,3,19292.83,8681.77,2893.92,98.0,85.6,273.59,2.22,14.67,37.03,90.56
Uttar Pradesh,Bulandshahr,Western UP,2002-03,Kharif,Rice,111234.0,285283.65,2564.7,443.8,4,32.7,0,13449.51,5648.79,2420.91,89.7,84.1,193.46,2.38,-41.68,32.7,86.34
Uttar Pradesh,Bulandshahr,Western UP,2002-03,Rabi,Wheat,100868.1,344736.1,3417.7,9.0,0,31.8,1,16150.95,7267.93,2422.64,89.7,84.1,256.19,2.22,-85.73,33.39,86.34
Uttar Pradesh,Bulandshahr,Western UP,2003-04,Kharif,Rice,80032.3,255446.95,3191.8,768.5,2,34.9,0,10183.66,4277.14,1833.06,90.5,84.2,203.59,2.38,0.98,34.9,86.72
Uttar Pradesh,Bulandshahr,Western UP,2003-04,Rabi,Wheat,82307.1,274369.19,3333.5,73.1,0,33.3,3,12454.63,5604.58,1868.19,90.5,84.2,242.11,2.22,15.94,38.29,86.72
Uttar Pradesh,Bulandshahr,Western UP,2004-05,Kharif,Rice,87588.1,257120.53,2935.6,622.9,3,33.7,0,11774.13,4945.13,2119.34,89.7,83.9,215.08,2.38,-18.15,33.7,86.22
Uttar Pradesh,Bulandshahr,Western UP,2004-05,Rabi,Wheat,103743.3,393659.26,3794.6,19.4,0,30.4,0,17792.88,8006.8,2668.93,89.7,83.9,274.41,2.22,-69.23,30.4,86.22
Uttar Pradesh,Bulandshahr,Western UP,2005-06,Kharif,Rice,89267.4,272884.09,3056.9,663.5,3,34.3,0,10991.21,4616.31,1978.42,88.0,81.2,197.0,2.38,-12.82,34.3,83.92
Uttar Pradesh,Bulandshahr,Western UP,2005-06,Rabi,Wheat,102848.8,371019.11,3607.4,84.6,0,30.1,0,15435.29,6945.88,2315.29,88.0,81.2,240.12,2.22,34.18,30.1,83.92
Uttar Pradesh,Bulandshahr,Western UP,2006-07,Kharif,Rice,110127.4,324047.42,2942.5,881.8,9,33.3,0,14107.63,5925.21,2539.37,93.9,87.3,204.96,2.38,15.87,33.3,89.94
Uttar Pradesh,Bulandshahr,Western UP,2006-07,Rabi,Wheat,79521.5,299939.16,3771.8,33.1,0,30.6,0,13080.95,5886.43,1962.14,93.9,87.3,263.19,2.22,-47.5,30.6,89.94
Uttar Pradesh,Bulandshahr,Western UP,2007-08,Kharif,Rice,86370.8,267081.23,3092.3,855.3,6,32.7,0,9788.31,4111.09,1761.9,90.0,83.1,181.33,2.38,12.39,32.7,85.86
Uttar Pradesh,Bulandshahr,Western UP,2007-08,Rabi,Wheat,96957.4,362609.72,3739.9,67.1,0,32.4,1,14627.62,6582.43,2194.14,90.0,83.1,241.39,2.22,6.42,34.02,85.86
Uttar Pradesh,Bulandshahr,Western UP,2008-09,Kharif,Rice,82016.1,257501.24,3139.6,995.9,5,33.2,0,10911.15,4582.69,1964.01,95.0,84.0,212.86,2.38,30.86,33.2,88.4
Uttar Pradesh,Bulandshahr,Western UP,2008-09,Rabi,Wheat,108980.5,426685.6,3915.2,100.9,0,31.5,2,17440.63,7848.28,2616.09,95.0,84.0,256.05,2.22,60.03,34.65,88.4
Uttar Pradesh,Bulandshahr,Western UP,2009-10,Kharif,Rice,94408.3,273108.96,2892.9,629.1,3,33.0,0,11798.06,4955.18,2123.65,90.4,82.2,199.95,2.38,-17.34,33.0,85.48
Uttar Pradesh,Bulandshahr,Western UP,2009-10,Rabi,Wheat,97557.8,318414.61,3263.9,43.7,0,35.2,5,15640.87,7038.39,2346.13,90.4,82.2,256.52,2.22,-30.69,44.0,85.48
Uttar Pradesh,Bulandshahr,Western UP,2010-11,Kharif,Rice,100593.3,316273.47,3144.1,817.8,5,32.6,0,12716.47,5340.92,2288.96,98.0,90.6,202.26,2.38,7.46,32.6,93.56
Uttar Pradesh,Bulandshahr,Western UP,2010-11,Rabi,Wheat,111607.5,433165.7,3881.2,75.6,0,31.8,3,17591.44,7916.15,2638.72,98.0,90.6,252.19,2.22,19.9,36.57,93.56
Uttar Pradesh,Bulandshahr,Western UP,2011-12,Kharif,Rice,85771.6,244215.84,2847.3,817.0,10,34.4,0,10303.78,4327.59,1854.68,96.8,86.8,192.21,2.38,7.35,34.4,90.8
Uttar Pradesh,Bulandshahr,Western UP,2011-12,Rabi,Wheat,93365.4,351587.71,3765.7,63.2,0,32.8,4,15755.19,7089.84,2363.28,96.8,86.8,270.0,2.22,0.23,39.36,90.8
Uttar Pradesh,Bulandshahr,Western UP,2012-13,Kharif,Rice,94476.7,275447.0,2915.5,838.2,7,33.5,0,12574.11,5281.13,2263.34,98.0,86.7,212.95,2.38,10.14,33.5,91.22
Uttar Pradesh,Bulandshahr,Western UP,2012-13,Rabi,Wheat,109430.2,434210.97,3967.9,88.7,0,33.4,2,18249.8,8212.41,2737.47,98.0,86.7,266.83,2.22,40.68,36.74,91.22
Uttar Pradesh,Bulandshahr,Western UP,2013-14,Kharif,Rice,99634.3,326637.95,3278.4,901.0,5,32.8,0,13540.11,5686.84,2437.22,97.5,89.2,217.44,2.38,18.39,32.8,92.52
Uttar Pradesh,Bulandshahr,Western UP,2013-14,Rabi,Wheat,99416.0,396384.13,3987.1,83.4,0,32.2,2,18434.18,8295.38,2765.13,97.5,89.2,296.68,2.22,32.27,35.42,92.52
Uttar Pradesh,Bulandshahr,Western UP,2014-15,Kharif,Rice,101204.2,333834.49,3298.6,681.6,4,32.7,0,14049.24,5900.68,2528.86,94.1,86.9,222.11,2.38,-10.44,32.7,89.78
Uttar Pradesh,Bulandshahr,Western UP,2014-15,Rabi,Wheat,92949.4,393454.82,4233.0,77.1,0,31.3,0,17773.55,7998.1,2666.03,94.1,86.9,305.95,2.22,22.28,31.3,89.78
Uttar Pradesh,Bulandshahr,Western UP,2015-16,Kharif,Rice,91473.2,262224.08,2866.7,318.6,3,31.4,0,13203.07,5545.29,2376.55,98.0,87.8,230.94,2.38,-58.14,31.4,91.88
Uttar Pradesh,Bulandshahr,Western UP,2015-16,Rabi,Wheat,95848.0,396809.6,4140.0,34.8,0,32.4,1,16176.6,7279.47,2426.49,98.0,87.8,270.04,2.22,-44.81,34.02,91.88
Uttar Pradesh,Bulandshahr,Western UP,2016-17,Kharif,Rice,123264.7,426438.39,3459.5,862.2,4,33.3,0,15335.64,6440.97,2760.41,98.0,86.3,199.06,2.38,13.29,33.3,90.98
Uttar Pradesh,Bulandshahr,Western UP,2016-17,Rabi,Wheat,116270.1,426756.91,3670.4,40.8,0,33.5,5,20386.96,9174.13,3058.04,98.0,86.3,280.55,2.22,-35.29,41.88,90.98
Uttar Pradesh,Bulandshahr,Western UP,2017-18,Kharif,Rice,71113.9,239295.61,3365.0,1175.4,6,32.7,0,10522.24,4419.34,1894.0,98.0,90.2,236.74,2.38,54.45,32.7,93.32
Uttar Pradesh,Bulandshahr,Western UP,2017-18,Rabi,Wheat,89634.5,393864.98,4394.1,90.8,0,31.8,0,15066.34,6779.85,2259.95,98.0,90.2,268.94,2.22,44.01,31.8,93.32
Uttar Pradesh,Bulandshahr,Western UP,2018-19,Kharif,Rice,80305.0,283878.32,3535.0,868.5,4,36.0,0,11136.77,4677.44,2004.62,96.3,85.2,221.89,2.38,14.12,36.0,89.64
Uttar Pradesh,Bulandshahr,Western UP,2018-19,Rabi,Wheat,107674.0,485570.5,4509.6,50.9,0,30.6,0,20011.15,9005.02,3001.67,96.3,85.2,297.36,2.22,-19.27,30.6,89.64
Uttar Pradesh,Gautam Buddha Nagar,Western UP,1997-98,Kharif,Rice,74867.7,170646.48,2279.3,782.8,4,32.5,0,8628.83,3624.11,1553.19,87.0,83.9,184.41,2.38,-1.93,32.5,85.14
Uttar Pradesh,Gautam Buddha Nagar,Western UP,1997-98,Rabi,Wheat,88870.4,263286.39,2962.6,68.4,0,32.1,1,13982.88,6292.3,2097.43,87.0,83.9,251.74,2.22,-5.0,33.71,85.14
Uttar Pradesh,Gautam Buddha Nagar,Western UP,1998-99,Kharif,Rice,66668.3,134573.66,2018.6,1053.0,11,31.7,0,7513.37,3155.61,1352.41,92.3,83.6,180.32,2.38,31.92,31.7,87.08
Uttar Pradesh,Gautam Buddha Nagar,Western UP,1998-99,Rabi,Wheat,87219.7,281861.57,3231.6,41.2,0,30.5,0,12772.63,5747.68,1915.89,92.3,83.6,234.31,2.22,-42.77,30.5,87.08
Uttar Pradesh,Gautam Buddha Nagar,Western UP,1999-00,Kharif,Rice,95069.8,242020.39,2545.7,759.1,3,32.5,0,10252.67,4306.12,1845.48,91.2,83.4,172.55,2.38,-4.9,32.5,86.52
Uttar Pradesh,Gautam Buddha Nagar,Western UP,1999-00,Rabi,Wheat,113331.0,344116.66,3036.4,89.0,0,30.1,0,16109.04,7249.07,2416.36,91.2,83.4,227.43,2.22,23.62,30.1,86.52
Uttar Pradesh,Gautam Buddha Nagar,Western UP,2000-01,Kharif,Rice,85378.4,228070.89,2671.3,756.2,4,33.4,0,9106.82,3824.86,1639.23,91.2,83.6,170.66,2.38,-5.26,33.4,86.64
Uttar Pradesh,Gautam Buddha Nagar,Western UP,2000-01,Rabi,Wheat,74522.3,195340.77,2621.2,50.6,0,32.9,4,10496.2,4723.29,1574.43,91.2,83.6,225.35,2.22,-29.72,39.48,86.64
Uttar Pradesh,Gautam Buddha Nagar,Western UP,2001-02,Kharif,Rice,59679.4,136169.82,2281.7,903.7,5,33.7,0,7188.04,3018.98,1293.85,87.6,80.3,192.71,2.38,13.22,33.7,83.22
Uttar Pradesh,Gautam Buddha Nagar,Western UP,2001-02,Rabi,Wheat,101098.4,250254.05,2475.4,72.8,0,34.7,6,15803.55,7111.6,2370.53,87.6,80.3,250.11,2.22,1.12,45.11,83.22
Uttar Pradesh,Gautam Buddha Nagar,Western UP,2002-03,Kharif,Rice,87801.5,189412.53,2157.3,380.6,2,33.6,0,10310.26,4330.31,1855.85,89.0,79.7,187.88,2.38,-52.32,33.6,83.42
Uttar Pradesh,Gautam Buddha Nagar,Western UP,2002-03,Rabi,Wheat,106051.7,330627.08,3117.6,48.9,0,33.0,1,15243.8,6859.71,2286.57,89.0,79.7,229.98,2.22,-32.08,34.65,83.42
Uttar Pradesh,Gautam Buddha Nagar,Western UP,2003-04,Kharif,Rice,73997.8,177901.22,2404.1,739.1,5,32.7,0,9468.31,3976.69,1704.3,92.4,82.2,204.73,2.38,-7.4,32.7,86.28
Uttar Pradesh,Gautam Buddha Nagar,Western UP,2003-04,Rabi,Wheat,95095.4,259786.65,2731.9,78.6,0,33.8,5,14347.8,6456.51,2152.17,92.4,82.2,241.4,2.22,9.17,42.25,86.28
Uttar Pradesh,Gautam Buddha Nagar,Western UP,2004-05,Kharif,Rice,95032.5,269039.89,2831.0,791.7,3,34.0,0,11223.22,4713.75,2020.18,93.6,83.6,188.96,2.38,-0.81,34.0,87.6
Uttar Pradesh,Gautam Buddha Nagar,Western UP,2004-05,Rabi,Wheat,80999.1,213462.37,2635.4,46.4,0,32.8,5,12178.71,5480.42,1826.81,93.6,83.6,240.57,2.22,-35.55,41.0,87.6
Uttar Pradesh,Gautam Buddha Nagar,Western UP,2005-06,Kharif,Rice,91691.5,249288.2,2718.8,887.9,3,32.5,0,11610.43,4876.38,2089.88,93.6,86.1,202.6,2.38,11.24,32.5,89.1
Uttar Pradesh,Gautam Buddha Nagar,Western UP,2005-06,Rabi,Wheat,93940.9,311373.92,3314.6,50.9,0,28.1,0,14759.72,6641.88,2213.96,93.6,86.1,251.39,2.22,-29.3,28.1,89.1
Uttar Pradesh,Gautam Buddha Nagar,Western UP,2006-07,Kharif,Rice,109066.4,281397.14,2580.1,846.0,4,32.9,0,13240.61,5561.06,2383.31,91.1,83.5,194.24,2.38,5.99,32.9,86.54
Uttar Pradesh,Gautam Buddha Nagar,Western UP,2006-07,Rabi,Wheat,83793.6,278298.54,3321.2,64.6,0,30.8,0,13715.05,6171.77,2057.26,91.1,83.5,261.88,2.22,-10.27,30.8,86.54
Uttar Pradesh,Gautam Buddha Nagar,Western UP,2007-08,Kharif,Rice,86060.2,222921.67,2590.3,654.0,3,33.6,0,10313.75,4331.78,1856.48,93.0,84.2,191.75,2.38,-18.06,33.6,87.72
Uttar Pradesh,Gautam Buddha Nagar,Western UP,2007-08,Rabi,Wheat,61872.8,173876.74,2810.2,98.6,0,35.3,5,10147.01,4566.16,1522.05,93.0,84.2,262.4,2.22,36.95,44.12,87.72
Uttar Pradesh,Gautam Buddha Nagar,Western UP,2008-09,Kharif,Rice,111200.7,285539.44,2567.8,1085.8,5,32.4,0,14124.23,5932.18,2542.36,96.0,85.6,203.23,2.38,36.03,32.4,89.76
Uttar Pradesh,Gautam Buddha Nagar,Western UP,2008-09,Rabi,Wheat,82318.9,237714.17,2887.7,92.0,0,34.2,7,12731.54,5729.19,1909.73,96.0,85.6,247.46,2.22,27.78,46.17,89.76
Uttar Pradesh,Gautam Buddha Nagar,Western UP,2009-10,Kharif,Rice,81698.0,194216.81,2377.3,615.2,10,34.0,0,11430.95,4801.0,2057.57,98.0,87.5,223.87,2.38,-22.92,34.0,91.7
Uttar Pradesh,Gautam Buddha Nagar,Western UP,2009-10,Rabi,Wheat,81894.3,304822.25,3722.1,71.3,0,32.0,0,14655.87,6595.14,2198.38,98.0,87.5,286.34,2.22,-0.97,32.0,91.7
Uttar Pradesh,Gautam Buddha Nagar,Western UP,2010-11,Kharif,Rice,70567.4,177318.45,2512.8,738.7,4,32.2,0,8744.66,3672.76,1574.04,98.0,85.5,198.27,2.38,-7.45,32.2,90.5
Uttar Pradesh,Gautam Buddha Nagar,Western UP,2010-11,Rabi,Wheat,66757.0,210656.92,3155.6,86.3,0,31.9,3,11824.77,5321.15,1773.72,98.0,85.5,283.41,2.22,19.87,36.68,90.5
Uttar Pradesh,Gautam Buddha Nagar,Western UP,2011-12,Kharif,Rice,56775.0,157803.76,2779.5,729.5,5,32.0,0,7134.63,2996.55,1284.23,91.6,83.1,201.06,2.38,-8.6,32.0,86.5
Uttar Pradesh,Gautam Buddha Nagar,Western UP,2011-12,Rabi,Wheat,83253.8,278291.51,3342.7,80.4,0,32.5,2,13183.07,5932.38,1977.46,91.6,83.1,253.36,2.22,11.67,35.75,86.5
Uttar Pradesh,Gautam Buddha Nagar,Western UP,2012-13,Kharif,Rice,68463.2,174618.17,2550.5,843.5,7,32.4,0,8705.06,3656.12,1566.91,94.0,88.4,203.44,2.38,5.68,32.4,90.64
Uttar Pradesh,Gautam Buddha Nagar,Western UP,2012-13,Rabi,Wheat,81125.3,258228.26,3183.1,94.4,0,33.4,4,13472.31,6062.54,2020.85,94.0,88.4,265.71,2.22,31.12,40.08,90.64
Uttar Pradesh,Gautam Buddha Nagar,Western UP,2013-14,Kharif,Rice,58869.1,170181.2,2890.8,1092.3,6,33.4,0,7699.31,3233.71,1385.88,94.8,84.8,209.26,2.38,36.85,33.4,88.8
Uttar Pradesh,Gautam Buddha Nagar,Western UP,2013-14,Rabi,Wheat,85353.6,326849.53,3829.4,119.1,0,30.9,0,15867.7,7140.46,2380.15,94.8,84.8,297.45,2.22,65.43,30.9,88.8
Uttar Pradesh,Gautam Buddha Nagar,Western UP,2014-15,Kharif,Rice,89331.3,271709.36,3041.6,882.7,3,32.3,0,12474.23,5239.18,2245.36,96.0,86.4,223.42,2.38,10.59,32.3,90.24
Uttar Pradesh,Gautam Buddha Nagar,Western UP,2014-15,Rabi,Wheat,85697.5,312778.56,3649.8,86.7,0,31.3,0,14045.21,6320.34,2106.78,96.0,86.4,262.23,2.22,20.42,31.3,90.24
Uttar Pradesh,Gautam Buddha Nagar,Western UP,2015-16,Kharif,Rice,60068.6,151338.66,2519.4,465.5,3,33.1,0,9500.77,3990.33,1710.14,98.0,88.1,253.06,2.38,-41.68,33.1,92.06
Uttar Pradesh,Gautam Buddha Nagar,Western UP,2015-16,Rabi,Wheat,73859.5,236948.95,3208.1,35.3,0,33.9,5,12288.1,5529.64,1843.21,98.0,88.1,266.19,2.22,-50.97,42.38,92.06
Uttar Pradesh,Gautam Buddha Nagar,Western UP,2016-17,Kharif,Rice,117559.8,340150.24,2893.4,755.2,5,32.4,0,16595.22,6969.99,2987.14,97.1,88.4,225.86,2.38,-5.38,32.4,91.88
Uttar Pradesh,Gautam Buddha Nagar,Western UP,2016-17,Rabi,Wheat,79556.2,305877.82,3844.8,66.5,0,28.8,0,14889.01,6700.06,2233.35,97.1,88.4,299.44,2.22,-7.63,28.8,91.88
Uttar Pradesh,Gautam Buddha Nagar,Western UP,2017-18,Kharif,Rice,82434.8,228946.57,2777.3,1138.3,7,33.2,0,12206.94,5126.92,2197.25,96.0,89.5,236.93,2.38,42.61,33.2,92.1
Uttar Pradesh,Gautam Buddha Nagar,Western UP,2017-18,Rabi,Wheat,81131.3,244431.07,3012.8,73.9,0,34.8,7,14613.52,6576.08,2192.03,96.0,89.5,288.19,2.22,2.64,46.98,92.1
Uttar Pradesh,Gautam Buddha Nagar,Western UP,2018-19,Kharif,Rice,59704.6,186335.93,3121.0,829.9,3,34.5,0,8483.14,3562.92,1526.97,98.0,88.2,227.34,2.38,3.97,34.5,92.12
Uttar Pradesh,Gautam Buddha Nagar,Western UP,2018-19,Rabi,Wheat,77958.3,301741.52,3870.6,65.5,0,30.6,0,15062.72,6778.23,2259.41,98.0,88.2,309.14,2.22,-9.02,30.6,92.12
Uttar Pradesh,Ghaziabad,Western UP,1997-98,Kharif,Rice,89853.5,229161.27,2550.4,686.1,1,32.8,0,9869.72,4145.28,1776.55,92.5,83.3,175.75,2.38,-13.03,32.8,86.98
Uttar Pradesh,Ghaziabad,Western UP,1997-98,Rabi,Wheat,116722.3,392899.86,3366.1,68.7,0,29.8,0,18274.97,8223.74,2741.25,92.5,83.3,250.51,2.22,5.42,29.8,86.98
Uttar Pradesh,Ghaziabad,Western UP,1998-99,Kharif,Rice,91559.3,237358.67,2592.4,826.5,4,33.1,0,9807.52,4119.16,1765.35,93.0,81.7,171.39,2.38,4.76,33.1,86.22
Uttar Pradesh,Ghaziabad,Western UP,1998-99,Rabi,Wheat,118512.1,380238.69,3208.4,48.4,0,31.3,1,17900.39,8055.18,2685.06,93.0,81.7,241.67,2.22,-25.73,32.87,86.22
Uttar Pradesh,Ghaziabad,Western UP,1999-00,Kharif,Rice,63963.6,171467.9,2680.7,967.1,6,34.2,0,7598.57,3191.4,1367.74,83.8,79.1,190.07,2.38,22.58,34.2,80.98
Uttar Pradesh,Ghaziabad,Western UP,1999-00,Rabi,Wheat,87410.4,253142.36,2896.0,80.7,0,30.9,0,12128.58,5457.86,1819.29,83.8,79.1,222.01,2.22,23.84,30.9,80.98
Uttar Pradesh,Ghaziabad,Western UP,2000-01,Kharif,Rice,79516.5,234804.1,2952.9,751.2,2,33.3,0,8068.74,3388.87,1452.37,93.6,81.2,162.36,2.38,-4.78,33.3,86.16
Uttar Pradesh,Ghaziabad,Western UP,2000-01,Rabi,Wheat,79717.6,283886.53,3561.2,35.4,0,29.9,0,11449.5,5152.28,1717.43,93.6,81.2,229.8,2.22,-45.68,29.9,86.16
Uttar Pradesh,Ghaziabad,Western UP,2001-02,Kharif,Rice,83837.2,238332.24,2842.8,736.8,4,33.9,0,9941.09,4175.26,1789.4,89.2,79.9,189.72,2.38,-6.61,33.9,83.62
Uttar Pradesh,Ghaziabad,Western UP,2001-02,Rabi,Wheat,98468.7,320153.62,3251.3,61.3,0,31.9,0,15046.73,6771.03,2257.01,89.2,79.9,244.49,2.22,-5.93,31.9,83.62
Uttar Pradesh,Ghaziabad,Western UP,2002-03,Kharif,Rice,69377.2,170855.47,2462.7,573.9,5,34.1,0,8405.47,3530.3,1512.99,90.7,82.6,193.85,2.38,-27.26,34.1,85.84
Uttar Pradesh,Ghaziabad,Western UP,2002-03,Rabi,Wheat,74725.7,250642.65,3354.2,61.9,0,30.7,0,11812.0,5315.4,1771.8,90.7,82.6,252.91,2.22,-5.01,30.7,85.84
Uttar Pradesh,Ghaziabad,Western UP,2003-04,Kharif,Rice,97633.4,261339.27,2676.7,664.4,5,34.6,0,12264.95,5151.28,2207.69,93.2,81.0,201.0,2.38,-15.79,34.6,85.88
Uttar Pradesh,Ghaziabad,Western UP,2003-04,Rabi,Wheat,86561.8,288684.84,3335.0,55.3,0,31.5,1,12779.31,5750.69,1916.9,93.2,81.0,236.21,2.22,-15.14,33.08,85.88
Uttar Pradesh,Ghaziabad,Western UP,2004-05,Kharif,Rice,99659.6,261675.32,2625.7,479.9,2,33.1,0,11106.19,4664.6,1999.11,91.1,81.9,178.31,2.38,-39.17,33.1,85.58
Uttar Pradesh,Ghaziabad,Western UP,2004-05,Rabi,Wheat,106362.9,375371.0,3529.2,27.5,0,28.1,0,16799.96,7559.98,2519.99,91.1,81.9,252.72,2.22,-57.8,28.1,85.58
Uttar Pradesh,Ghaziabad,Western UP,2005-06,Kharif,Rice,108431.7,296313.63,2732.7,833.4,5,33.2,0,12607.24,5295.04,2269.3,94.1,84.1,186.03,2.38,5.64,33.2,88.1
Uttar Pradesh,Ghaziabad,Western UP,2005-06,Rabi,Wheat,102050.0,381438.01,3737.8,84.8,0,30.1,0,15969.49,7186.27,2395.42,94.1,84.1,250.38,2.22,30.13,30.1,88.1
Uttar Pradesh,Ghaziabad,Western UP,2006-07,Kharif,Rice,102306.2,280440.65,2741.2,711.5,4,33.7,0,12738.23,5350.06,2292.88,92.4,86.2,199.22,2.38,-9.82,33.7,88.68
Uttar Pradesh,Ghaziabad,Western UP,2006-07,Rabi,Wheat,82115.2,287417.02,3500.2,32.2,0,29.3,0,13856.65,6235.49,2078.5,92.4,86.2,269.99,2.22,-50.59,29.3,88.68
Uttar Pradesh,Ghaziabad,Western UP,2007-08,Kharif,Rice,91120.2,276710.31,3036.8,753.4,3,33.7,0,10636.2,4467.2,1914.52,91.0,83.6,186.76,2.38,-4.5,33.7,86.56
Uttar Pradesh,Ghaziabad,Western UP,2007-08,Rabi,Wheat,90232.2,311702.44,3454.4,46.6,0,28.6,0,14351.73,6458.28,2152.76,91.0,83.6,254.49,2.22,-28.49,28.6,86.56
Uttar Pradesh,Ghaziabad,Western UP,2008-09,Kharif,Rice,83271.4,191766.83,2302.9,1163.5,12,31.7,0,10703.3,4495.39,1926.59,91.2,86.3,205.66,2.38,47.48,31.7,88.26
Uttar Pradesh,Ghaziabad,Western UP,2008-09,Rabi,Wheat,84923.4,313169.21,3687.7,94.1,0,31.4,0,14870.64,6691.79,2230.6,91.2,86.3,280.17,2.22,44.4,31.4,88.26
Uttar Pradesh,Ghaziabad,Western UP,2009-10,Kharif,Rice,73849.0,204216.22,2765.3,638.7,4,32.5,0,9914.93,4164.27,1784.69,91.9,85.8,214.82,2.38,-19.04,32.5,88.24
Uttar Pradesh,Ghaziabad,Western UP,2009-10,Rabi,Wheat,97773.7,348319.25,3562.5,40.2,0,31.2,1,16732.52,7529.63,2509.88,91.9,85.8,273.82,2.22,-38.31,32.76,88.24
Uttar Pradesh,Ghaziabad,Western UP,2010-11,Kharif,Rice,103346.6,273046.47,2642.0,928.6,10,32.1,0,13492.39,5666.8,2428.63,89.6,86.0,208.89,2.38,17.7,32.1,87.44
Uttar Pradesh,Ghaziabad,Western UP,2010-11,Rabi,Wheat,83912.1,254102.78,3028.2,43.3,0,33.8,8,13693.64,6162.14,2054.05,89.6,86.0,261.1,2.22,-33.55,47.32,87.44
Uttar Pradesh,Ghaziabad,Western UP,2011-12,Kharif,Rice,77408.8,239900.34,3099.1,862.8,3,32.1,0,10720.86,4502.76,1929.75,98.0,87.3,221.59,2.38,9.36,32.1,91.58
Uttar Pradesh,Ghaziabad,Western UP,2011-12,Rabi,Wheat,106395.6,436354.36,4101.2,47.6,0,30.0,0,18163.48,8173.56,2724.52,98.0,87.3,273.15,2.22,-26.96,30.0,91.58
Uttar Pradesh,Ghaziabad,Western UP,2012-13,Kharif,Rice,78040.4,230284.77,2950.8,648.9,3,31.5,0,10714.6,4500.13,1928.63,90.9,87.6,219.67,2.38,-17.75,31.5,88.92
Uttar Pradesh,Ghaziabad,Western UP,2012-13,Rabi,Wheat,97653.2,296532.72,3036.6,65.1,0,32.7,6,16639.91,7487.96,2495.99,90.9,87.6,272.64,2.22,-0.1,42.51,88.92
Uttar Pradesh,Ghaziabad,Western UP,2013-14,Kharif,Rice,82525.9,250397.85,3034.2,1135.0,4,33.4,0,11188.98,4699.37,2014.02,98.0,88.6,216.93,2.38,43.86,33.4,92.36
Uttar Pradesh,Ghaziabad,Western UP,2013-14,Rabi,Wheat,86992.9,345862.08,3975.8,73.8,0,31.3,0,14793.74,6657.18,2219.06,98.0,88.6,272.09,2.22,13.25,31.3,92.36
Uttar Pradesh,Ghaziabad,Western UP,2014-15,Kharif,Rice,77965.6,235916.51,3025.9,856.1,7,33.4,0,11081.81,4654.36,1994.73,98.0,86.1,227.42,2.38,8.51,33.4,90.86
Uttar Pradesh,Ghaziabad,Western UP,2014-15,Rabi,Wheat,78265.1,309091.64,3949.3,110.1,0,28.8,0,13368.37,6015.77,2005.26,98.0,86.1,273.29,2.22,68.95,28.8,90.86
Uttar Pradesh,Ghaziabad,Western UP,2015-16,Kharif,Rice,101344.3,292695.45,2888.1,439.6,2,35.7,0,14107.12,5924.99,2539.28,98.0,85.3,222.72,2.38,-44.28,35.7,90.38
Uttar Pradesh,Ghaziabad,Western UP,2015-16,Rabi,Wheat,80755.5,336273.29,4164.1,30.1,0,30.7,0,14065.92,6329.67,2109.89,98.0,85.3,278.69,2.22,-53.81,30.7,90.38
Uttar Pradesh,Ghaziabad,Western UP,2016-17,Kharif,Rice,75480.4,236291.74,3130.5,800.2,4,32.8,0,10573.78,4440.99,1903.28,94.2,87.9,224.14,2.38,1.43,32.8,90.42
Uttar Pradesh,Ghaziabad,Western UP,2016-17,Rabi,Wheat,75123.5,291989.57,3886.8,45.2,0,30.4,0,14011.7,6305.26,2101.75,94.2,87.9,298.42,2.22,-30.64,30.4,90.42
Uttar Pradesh,Ghaziabad,Western UP,2017-18,Kharif,Rice,90366.2,280409.99,3103.0,1204.1,9,34.1,0,12766.78,5362.05,2298.02,98.0,87.9,226.05,2.38,52.62,34.1,91.94
Uttar Pradesh,Ghaziabad,Western UP,2017-18,Rabi,Wheat,85015.1,369603.32,4347.5,76.7,0,29.9,0,15614.0,7026.3,2342.1,98.0,87.9,293.86,2.22,17.7,29.9,91.94
Uttar Pradesh,Ghaziabad,Western UP,2018-19,Kharif,Rice,96586.8,334764.19,3465.9,769.6,3,35.1,0,14387.93,6042.93,2589.83,97.1,91.0,238.34,2.38,-2.45,35.1,93.44
Uttar Pradesh,Ghaziabad,Western UP,2018-19,Rabi,Wheat,98783.7,389225.18,3940.2,82.2,0,32.3,3,17975.51,8088.98,2696.33,97.1,91.0,291.15,2.22,26.14,37.14,93.44
Uttar Pradesh,Hapur,Western UP,2011-12,Kharif,Rice,85203.8,249251.69,2925.4,881.4,2,34.6,0,9713.08,4079.49,1748.35,96.2,87.4,182.4,2.38,11.39,34.6,90.92
Uttar Pradesh,Hapur,Western UP,2011-12,Rabi,Wheat,83245.9,297423.41,3572.8,73.9,0,31.4,0,15113.07,6800.88,2266.96,96.2,87.4,290.48,2.22,23.14,31.4,90.92
Uttar Pradesh,Hapur,Western UP,2012-13,Kharif,Rice,98381.0,263210.74,2675.4,881.9,6,34.2,0,12011.91,5045.0,2162.14,96.0,80.8,195.35,2.38,11.45,34.2,86.88
Uttar Pradesh,Hapur,Western UP,2012-13,Rabi,Wheat,73203.1,270939.29,3701.2,60.4,0,29.9,0,12560.02,5652.01,1884.0,96.0,80.8,274.52,2.22,0.65,29.9,86.88
Uttar Pradesh,Hapur,Western UP,2013-14,Kharif,Rice,82253.7,254017.69,3088.2,1143.1,1,34.2,0,10734.59,4508.53,1932.23,98.0,87.0,208.81,2.38,44.46,34.2,91.4
Uttar Pradesh,Hapur,Western UP,2013-14,Rabi,Wheat,83137.8,296927.11,3571.5,109.0,0,32.3,1,14129.3,6358.19,2119.4,98.0,87.0,271.92,2.22,81.63,33.91,91.4
Uttar Pradesh,Hapur,Western UP,2014-15,Kharif,Rice,83067.5,249551.84,3004.2,845.6,3,33.1,0,12023.35,5049.81,2164.2,95.1,85.5,231.59,2.38,6.87,33.1,89.34
Uttar Pradesh,Hapur,Western UP,2014-15,Rabi,Wheat,80908.0,276279.56,3414.7,34.2,0,32.8,3,15057.8,6776.01,2258.67,95.1,85.5,297.78,2.22,-43.01,37.72,89.34
Uttar Pradesh,Hapur,Western UP,2015-16,Kharif,Rice,81383.9,231813.53,2848.4,549.9,2,32.9,0,11990.72,5036.1,2158.33,95.7,88.4,235.74,2.38,-30.5,32.9,91.32
Uttar Pradesh,Hapur,Western UP,2015-16,Rabi,Wheat,68741.5,0.0,3561.7,34.5,0,31.4,0,12081.29,5436.58,1812.19,95.7,88.4,281.2,2.22,-42.51,31.4,91.32
Uttar Pradesh,Hapur,Western UP,2016-17,Kharif,Rice,74534.7,216245.23,2901.3,798.4,3,33.5,0,10388.8,4363.29,1869.98,95.7,84.5,223.01,2.38,0.9,33.5,88.98
Uttar Pradesh,Hapur,Western UP,2016-17,Rabi,Wheat,88030.7,314373.04,3571.2,57.6,0,32.2,1,15604.68,7022.11,2340.7,95.7,84.5,283.62,2.22,-4.02,33.81,88.98
Uttar Pradesh,Hapur,Western UP,2017-18,Kharif,Rice,89594.3,270303.79,3017.0,1129.4,4,32.9,0,12344.37,5184.64,2221.99,98.0,91.3,220.45,2.38,42.73,32.9,93.98
Uttar Pradesh,Hapur,Western UP,2017-18,Rabi,Wheat,78160.2,309216.62,3956.2,78.5,0,29.1,0,15539.72,6992.87,2330.96,98.0,91.3,318.11,2.22,30.81,29.1,93.98
Uttar Pradesh,Hapur,Western UP,2018-19,Kharif,Rice,90641.1,269410.3,2972.3,750.5,4,32.6,0,12460.03,5233.21,2242.8,98.0,85.4,219.94,2.38,-5.15,32.6,90.44
Uttar Pradesh,Hapur,Western UP,2018-19,Rabi,Wheat,79797.3,320465.56,4016.0,76.3,0,32.3,0,16029.13,7213.11,2404.37,98.0,85.4,321.4,2.22,27.14,32.3,90.44
Uttar Pradesh,Mathura,Western UP,1997-98,Kharif,Rice,76346.9,181719.83,2380.2,745.0,4,33.4,0,9243.85,3882.42,1663.89,85.0,82.7,193.72,2.38,-5.32,33.4,83.62
Uttar Pradesh,Mathura,Western UP,1997-98,Rabi,Wheat,77296.1,217256.8,2810.7,58.5,0,31.9,0,11569.86,5206.44,1735.48,85.0,82.7,239.49,2.22,-16.2,31.9,83.62
Uttar Pradesh,Mathura,Western UP,1998-99,Kharif,Rice,85013.9,221334.31,2603.5,847.7,2,32.6,0,10636.04,4467.14,1914.49,86.6,83.0,200.18,2.38,7.74,32.6,84.44
Uttar Pradesh,Mathura,Western UP,1998-99,Rabi,Wheat,94015.0,269715.75,2868.9,45.8,0,32.3,1,13646.57,6140.96,2046.99,86.6,83.0,232.25,2.22,-34.39,33.91,84.44
Uttar Pradesh,Mathura,Western UP,1999-00,Kharif,Rice,105020.8,275042.12,2618.9,788.2,2,33.3,0,12208.71,5127.66,2197.57,90.0,85.0,186.0,2.38,0.17,33.3,87.0
Uttar Pradesh,Mathura,Western UP,1999-00,Rabi,Wheat,109400.7,330676.48,3022.6,100.2,0,30.6,0,18016.88,8107.6,2702.53,90.0,85.0,263.5,2.22,43.53,30.6,87.0
Uttar Pradesh,Mathura,Western UP,2000-01,Kharif,Rice,80702.7,216017.92,2676.7,790.7,3,33.6,0,9928.32,4169.89,1787.1,88.9,79.1,196.84,2.38,0.49,33.6,83.02
Uttar Pradesh,Mathura,Western UP,2000-01,Rabi,Wheat,89177.8,265516.66,2977.4,58.5,0,30.9,0,12218.41,5498.28,1832.76,88.9,79.1,219.22,2.22,-16.2,30.9,83.02
Uttar Pradesh,Mathura,Western UP,2001-02,Kharif,Rice,77235.8,209646.38,2714.4,897.5,3,34.2,0,9720.41,4082.57,1749.67,90.4,86.0,201.37,2.38,14.07,34.2,87.76
Uttar Pradesh,Mathura,Western UP,2001-02,Rabi,Wheat,99293.2,302194.65,3043.5,58.1,0,31.2,0,16826.93,7572.12,2524.04,90.4,86.0,271.15,2.22,-16.78,31.2,87.76
Uttar Pradesh,Mathura,Western UP,2002-03,Kharif,Rice,85594.2,185632.67,2168.8,448.0,1,33.8,0,11753.75,4936.57,2115.67,85.7,85.1,219.71,2.38,-43.06,33.8,85.34
Uttar Pradesh,Mathura,Western UP,2002-03,Rabi,Wheat,91874.5,260478.83,2835.2,57.1,0,31.3,1,13736.15,6181.27,2060.42,85.7,85.1,239.22,2.22,-18.21,32.87,85.34
Uttar Pradesh,Mathura,Western UP,2003-04,Kharif,Rice,77664.0,212736.12,2739.2,759.4,3,33.7,0,9646.55,4051.55,1736.38,97.1,81.8,198.73,2.38,-3.49,33.7,87.92
Uttar Pradesh,Mathura,Western UP,2003-04,Rabi,Wheat,98811.4,285575.57,2890.1,66.5,0,31.8,2,16558.42,7451.29,2483.76,97.1,81.8,268.12,2.22,-4.74,34.98,87.92
Uttar Pradesh,Mathura,Western UP,2004-05,Kharif,Rice,68715.7,152164.9,2214.4,376.8,1,33.8,0,7825.21,3286.59,1408.54,90.2,85.7,182.2,2.38,-52.11,33.8,87.5
Uttar Pradesh,Mathura,Western UP,2004-05,Rabi,Wheat,101895.6,325366.64,3193.1,53.4,0,30.2,0,15749.72,7087.37,2362.46,90.2,85.7,247.31,2.22,-23.51,30.2,87.5
Uttar Pradesh,Mathura,Western UP,2005-06,Kharif,Rice,66154.0,173556.14,2623.5,902.8,3,34.2,0,8585.66,3605.98,1545.42,89.3,82.9,207.65,2.38,14.74,34.2,85.46
Uttar Pradesh,Mathura,Western UP,2005-06,Rabi,Wheat,70717.2,180562.67,2553.3,41.8,0,32.6,6,11767.95,5295.58,1765.19,89.3,82.9,266.25,2.22,-40.12,42.38,85.46
Uttar Pradesh,Mathura,Western UP,2006-07,Kharif,Rice,97192.7,252896.94,2602.0,742.9,7,34.4,0,11195.97,4702.31,2015.27,92.3,84.5,184.31,2.38,-5.58,34.4,87.62
Uttar Pradesh,Mathura,Western UP,2006-07,Rabi,Wheat,70434.5,227849.85,3234.9,74.0,0,31.1,0,10581.55,4761.7,1587.23,92.3,84.5,240.37,2.22,6.0,31.1,87.62
Uttar Pradesh,Mathura,Western UP,2007-08,Kharif,Rice,76349.4,183987.13,2409.8,954.6,11,32.6,0,9256.49,3887.72,1666.17,90.8,87.3,193.98,2.38,21.32,32.6,88.7
Uttar Pradesh,Mathura,Western UP,2007-08,Rabi,Wheat,96407.4,299357.05,3105.1,75.7,0,31.4,1,16604.69,7472.11,2490.7,90.8,87.3,275.58,2.22,8.44,32.97,88.7
Uttar Pradesh,Mathura,Western UP,2008-09,Kharif,Rice,69187.2,179137.14,2589.2,1215.7,8,33.6,0,9916.89,4165.09,1785.04,95.5,84.5,229.33,2.38,54.51,33.6,88.9
Uttar Pradesh,Mathura,Western UP,2008-09,Rabi,Wheat,96022.6,290969.64,3030.2,103.3,0,32.3,4,14921.4,6714.63,2238.21,95.5,84.5,248.63,2.22,47.97,38.76,88.9
Uttar Pradesh,Mathura,Western UP,2009-10,Kharif,Rice,86677.9,223124.16,2574.2,569.8,4,34.3,0,10904.5,4579.89,1962.81,90.0,87.3,201.29,2.38,-27.58,34.3,88.38
Uttar Pradesh,Mathura,Western UP,2009-10,Rabi,Wheat,84264.4,250447.54,2972.2,50.2,0,32.7,4,14570.94,6556.92,2185.64,90.0,87.3,276.67,2.22,-28.09,39.24,88.38
Uttar Pradesh,Mathura,Western UP,2010-11,Kharif,Rice,98496.5,272142.58,2763.0,747.7,4,34.3,0,12951.2,5439.51,2331.22,93.6,86.0,210.38,2.38,-4.97,34.3,89.04
Uttar Pradesh,Mathura,Western UP,2010-11,Rabi,Wheat,91811.0,312807.98,3407.1,62.8,0,31.8,3,15037.87,6767.04,2255.68,93.6,86.0,262.07,2.22,-10.04,36.57,89.04
Uttar Pradesh,Mathura,Western UP,2011-12,Kharif,Rice,76960.9,221340.18,2876.0,803.3,3,34.2,0,9899.43,4157.76,1781.9,98.0,86.3,205.81,2.38,2.09,34.2,90.98
Uttar Pradesh,Mathura,Western UP,2011-12,Rabi,Wheat,93009.3,331275.18,3561.7,72.2,0,31.8,1,16089.89,7240.45,2413.48,98.0,86.3,276.79,2.22,3.42,33.39,90.98
Uttar Pradesh,Mathura,Western UP,2012-13,Kharif,Rice,95955.9,264407.05,2755.5,856.6,5,34.3,0,12247.22,5143.83,2204.5,98.0,85.7,204.21,2.38,8.87,34.3,90.62
Uttar Pradesh,Mathura,Western UP,2012-13,Rabi,Wheat,102992.2,373032.68,3622.0,67.0,0,29.3,0,18862.15,8487.97,2829.32,98.0,85.7,293.03,2.22,-4.03,29.3,90.62
Uttar Pradesh,Mathura,Western UP,2013-14,Kharif,Rice,79701.9,222769.71,2795.0,1006.0,6,32.5,0,11939.48,5014.58,2149.11,95.0,86.4,239.68,2.38,27.86,32.5,89.84
Uttar Pradesh,Mathura,Western UP,2013-14,Rabi,Wheat,71001.1,259961.94,3661.4,89.1,0,31.2,1,11703.78,5266.7,1755.57,95.0,86.4,263.74,2.22,27.63,32.76,89.84
Uttar Pradesh,Mathura,Western UP,2014-15,Kharif,Rice,89677.5,257558.75,2872.1,773.6,5,34.4,0,12919.5,5426.19,2325.51,98.0,87.6,230.51,2.38,-1.68,34.4,91.76
Uttar Pradesh,Mathura,Western UP,2014-15,Rabi,Wheat,89933.0,277751.54,3088.4,86.4,0,33.6,5,15837.15,7126.72,2375.57,98.0,87.6,281.76,2.22,23.76,42.0,91.76
Uttar Pradesh,Mathura,Western UP,2015-16,Kharif,Rice,74352.7,165687.19,2228.4,402.9,5,34.4,0,10742.87,4512.0,1933.72,98.0,87.1,231.18,2.38,-48.79,34.4,91.46
Uttar Pradesh,Mathura,Western UP,2015-16,Rabi,Wheat,81921.8,312677.12,3816.8,50.7,0,32.4,0,13845.2,6230.34,2076.78,98.0,87.1,270.41,2.22,-27.38,32.4,91.46
Uttar Pradesh,Mathura,Western UP,2016-17,Kharif,Rice,76383.5,224049.0,2933.2,883.4,4,33.1,0,11542.19,4847.72,2077.59,97.1,87.5,241.77,2.38,12.27,33.1,91.34
Uttar Pradesh,Mathura,Western UP,2016-17,Rabi,Wheat,110302.2,423694.06,3841.2,104.6,0,29.9,0,20430.98,9193.94,3064.65,97.1,87.5,296.36,2.22,49.83,29.9,91.34
Uttar Pradesh,Mathura,Western UP,2017-18,Kharif,Rice,66844.3,186626.69,2792.0,995.6,6,33.6,0,9441.02,3965.23,1699.38,94.5,87.0,225.98,2.38,26.53,33.6,90.0
Uttar Pradesh,Mathura,Western UP,2017-18,Rabi,Wheat,76149.7,286471.84,3762.0,61.5,0,31.8,1,13730.88,6178.89,2059.63,94.5,87.0,288.5,2.22,-11.91,33.39,90.0
Uttar Pradesh,Mathura,Western UP,2018-19,Kharif,Rice,79814.5,250177.61,3134.5,908.9,4,34.9,0,12121.38,5090.98,2181.85,92.9,86.0,242.99,2.38,15.51,34.9,88.76
Uttar Pradesh,Mathura,Western UP,2018-19,Rabi,Wheat,89065.6,266237.16,2989.2,78.8,0,33.2,6,17029.78,7663.4,2554.47,92.9,86.0,305.93,2.22,12.88,43.16,88.76
Uttar Pradesh,Meerut,Western UP,1997-98,Kharif,Rice,85387.1,229304.38,2685.5,875.5,5,33.3,0,10529.0,4422.18,1895.22,86.3,79.4,197.29,2.38,15.3,33.3,82.16
Uttar Pradesh,Meerut,Western UP,1997-98,Rabi,Wheat,82582.7,228313.52,2764.7,70.3,0,33.6,2,12495.63,5623.03,1874.34,86.3,79.4,242.1,2.22,4.65,36.96,82.16
Uttar Pradesh,Meerut,Western UP,1998-99,Kharif,Rice,86881.7,213696.64,2459.6,749.2,6,31.9,0,9647.99,4052.15,1736.64,88.1,83.0,177.68,2.38,-1.33,31.9,85.04
Uttar Pradesh,Meerut,Western UP,1998-99,Rabi,Wheat,89398.9,284300.54,3180.1,54.7,0,29.7,0,14980.13,6741.06,2247.02,88.1,83.0,268.1,2.22,-18.57,29.7,85.04
Uttar Pradesh,Meerut,Western UP,1999-00,Kharif,Rice,110526.7,318393.05,2880.7,784.8,1,32.7,0,11820.34,4964.54,2127.66,89.8,84.2,171.11,2.38,3.35,32.7,86.44
Uttar Pradesh,Meerut,Western UP,1999-00,Rabi,Wheat,90872.1,281524.32,3098.0,54.1,0,30.5,0,13613.87,6126.24,2042.08,89.8,84.2,239.7,2.22,-19.47,30.5,86.44
Uttar Pradesh,Meerut,Western UP,2000-01,Kharif,Rice,90674.2,212528.61,2343.9,723.0,6,32.2,0,11837.57,4971.78,2130.76,88.3,81.9,208.88,2.38,-4.78,32.2,84.46
Uttar Pradesh,Meerut,Western UP,2000-01,Rabi,Wheat,68824.5,213008.63,3095.0,47.7,0,30.2,0,9761.88,4392.85,1464.28,88.3,81.9,226.94,2.22,-28.99,30.2,84.46
Uttar Pradesh,Meerut,Western UP,2001-02,Kharif,Rice,102059.8,253860.68,2487.4,816.4,3,33.5,0,11298.94,4745.55,2033.81,84.8,84.6,177.13,2.38,7.52,33.5,84.68
Uttar Pradesh,Meerut,Western UP,2001-02,Rabi,Wheat,68335.9,204583.48,2993.8,40.9,0,31.4,1,11753.93,5289.27,1763.09,84.8,84.6,275.2,2.22,-39.12,32.97,84.68
Uttar Pradesh,Meerut,Western UP,2002-03,Kharif,Rice,67318.4,145651.77,2163.6,380.7,3,33.3,0,7353.08,3088.29,1323.55,89.8,83.7,174.77,2.38,-49.86,33.3,86.14
Uttar Pradesh,Meerut,Western UP,2002-03,Rabi,Wheat,103963.0,343035.91,3299.6,27.4,0,29.6,0,16214.7,7296.61,2432.2,89.8,83.7,249.55,2.22,-59.21,29.6,86.14
Uttar Pradesh,Meerut,Western UP,2003-04,Kharif,Rice,87952.1,243720.3,2771.1,808.7,4,32.5,0,10678.49,4484.96,1922.13,84.4,80.2,194.26,2.38,6.5,32.5,81.88
Uttar Pradesh,Meerut,Western UP,2003-04,Rabi,Wheat,97059.8,283537.72,2921.3,76.4,0,32.1,2,14379.88,6470.95,2156.98,84.4,80.2,237.05,2.22,13.73,35.31,81.88
Uttar Pradesh,Meerut,Western UP,2004-05,Kharif,Rice,118282.1,298229.5,2521.3,544.6,1,32.6,0,13819.97,5804.39,2487.59,93.5,83.2,186.94,2.38,-28.28,32.6,87.32
Uttar Pradesh,Meerut,Western UP,2004-05,Rabi,Wheat,82692.3,264423.4,3197.7,45.0,0,31.5,1,14658.32,6596.25,2198.75,93.5,83.2,283.62,2.22,-33.01,33.08,87.32
Uttar Pradesh,Meerut,Western UP,2005-06,Kharif,Rice,83679.7,0.0,2892.9,793.0,7,34.1,0,9619.09,4040.02,1731.44,92.8,84.0,183.92,2.38,4.43,34.1,87.52
Uttar Pradesh,Meerut,Western UP,2005-06,Rabi,Wheat,85257.6,285430.99,3347.9,75.7,0,33.7,0,14197.65,6388.94,2129.65,92.8,84.0,266.44,2.22,12.69,33.7,87.52
Uttar Pradesh,Meerut,Western UP,2006-07,Kharif,Rice,69253.8,190014.15,2743.7,681.9,2,32.2,0,8533.78,3584.19,1536.08,96.4,84.3,197.16,2.38,-10.2,32.2,89.14
Uttar Pradesh,Meerut,Western UP,2006-07,Rabi,Wheat,83290.9,266063.73,3194.4,52.0,0,33.8,3,11003.08,4951.39,1650.46,96.4,84.3,211.37,2.22,-22.59,38.87,89.14
Uttar Pradesh,Meerut,Western UP,2007-08,Kharif,Rice,92062.3,224233.61,2435.7,767.1,5,33.0,0,11383.76,4781.18,2049.08,91.4,85.6,197.84,2.38,1.02,33.0,87.92
Uttar Pradesh,Meerut,Western UP,2007-08,Rabi,Wheat,86752.8,297995.12,3435.0,69.1,0,30.7,0,13035.18,5865.83,1955.28,91.4,85.6,240.41,2.22,2.86,30.7,87.92
Uttar Pradesh,Meerut,Western UP,2008-09,Kharif,Rice,109235.3,266849.55,2442.9,1037.9,8,32.7,0,12562.72,5276.34,2261.29,92.2,87.3,184.01,2.38,36.69,32.7,89.26
Uttar Pradesh,Meerut,Western UP,2008-09,Rabi,Wheat,76635.6,263653.85,3440.4,74.4,0,31.4,1,12639.57,5687.81,1895.94,92.2,87.3,263.89,2.22,10.75,32.97,89.26
Uttar Pradesh,Meerut,Western UP,2009-10,Kharif,Rice,97812.7,248713.61,2542.8,484.9,5,32.1,0,13148.68,5522.45,2366.76,97.8,88.8,215.08,2.38,-36.14,32.1,92.4
Uttar Pradesh,Meerut,Western UP,2009-10,Rabi,Wheat,106904.5,333339.77,3118.1,27.8,0,32.6,4,17159.08,7721.59,2573.86,97.8,88.8,256.81,2.22,-58.62,39.12,92.4
Uttar Pradesh,Meerut,Western UP,2010-11,Kharif,Rice,77512.4,214310.05,2764.8,785.2,5,32.4,0,10594.11,4449.53,1906.94,96.1,89.4,218.68,2.38,3.41,32.4,92.08
Uttar Pradesh,Meerut,Western UP,2010-11,Rabi,Wheat,95086.4,341649.36,3593.0,85.6,0,31.6,2,15896.23,7153.3,2384.43,96.1,89.4,267.48,2.22,27.42,34.76,92.08
Uttar Pradesh,Meerut,Western UP,2011-12,Kharif,Rice,80274.5,247500.4,3083.2,723.7,2,33.7,0,10545.73,4429.21,1898.23,90.1,86.1,210.19,2.38,-4.69,33.7,87.7
Uttar Pradesh,Meerut,Western UP,2011-12,Rabi,Wheat,80882.8,259800.64,3212.1,87.5,0,31.1,1,13211.13,5945.01,1981.67,90.1,86.1,261.34,2.22,30.25,32.66,87.7
Uttar Pradesh,Meerut,Western UP,2012-13,Kharif,Rice,76289.4,195480.42,2562.4,553.1,4,33.3,0,10712.92,4499.43,1928.33,93.3,88.2,224.68,2.38,-27.16,33.3,90.24
Uttar Pradesh,Meerut,Western UP,2012-13,Rabi,Wheat,92834.0,350374.19,3774.2,70.5,0,32.2,0,16213.71,7296.17,2432.06,93.3,88.2,279.44,2.22,4.95,32.2,90.24
Uttar Pradesh,Meerut,Western UP,2013-14,Kharif,Rice,95153.9,286683.43,3012.8,1164.4,3,32.8,0,13784.63,5789.55,2481.23,91.3,88.2,231.79,2.38,53.35,32.8,89.44
Uttar Pradesh,Meerut,Western UP,2013-14,Rabi,Wheat,81740.1,300322.96,3674.1,124.5,0,32.2,0,14761.46,6642.66,2214.22,91.3,88.2,288.94,2.22,85.33,32.2,89.44
Uttar Pradesh,Meerut,Western UP,2014-15,Kharif,Rice,83301.8,226133.03,2714.6,747.2,6,33.3,0,10010.54,4204.43,1801.9,92.6,84.8,192.28,2.38,-1.6,33.3,87.92
Uttar Pradesh,Meerut,Western UP,2014-15,Rabi,Wheat,81796.8,264377.56,3232.1,90.4,0,32.2,4,12806.95,5763.13,1921.04,92.6,84.8,250.51,2.22,34.57,38.64,87.92
Uttar Pradesh,Meerut,Western UP,2015-16,Kharif,Rice,77171.0,205621.56,2664.5,443.8,4,34.2,0,11246.59,4723.57,2024.39,98.0,88.4,233.18,2.38,-41.55,34.2,92.24
Uttar Pradesh,Meerut,Western UP,2015-16,Rabi,Wheat,73808.7,282330.83,3825.2,54.3,0,28.6,0,12643.28,5689.48,1896.49,98.0,88.4,274.08,2.22,-19.17,28.6,92.24
Uttar Pradesh,Meerut,Western UP,2016-17,Kharif,Rice,87652.6,282064.03,3218.0,754.4,3,34.2,0,13631.1,5725.06,2453.6,95.7,88.1,248.82,2.38,-0.65,34.2,91.14
Uttar Pradesh,Meerut,Western UP,2016-17,Rabi,Wheat,98651.2,350975.5,3557.7,76.1,0,31.3,3,17030.44,7663.7,2554.57,95.7,88.1,276.21,2.22,13.28,35.99,91.14
Uttar Pradesh,Meerut,Western UP,2017-18,Kharif,Rice,87731.3,266456.36,3037.2,996.6,5,32.6,0,12602.18,5292.92,2268.39,98.0,87.7,229.83,2.38,31.25,32.6,91.82
Uttar Pradesh,Meerut,Western UP,2017-18,Rabi,Wheat,114741.4,458277.21,3994.0,66.5,0,29.8,0,22151.34,9968.1,3322.7,98.0,87.7,308.89,2.22,-1.01,29.8,91.82
Uttar Pradesh,Meerut,Western UP,2018-19,Kharif,Rice,72227.4,216606.95,2999.0,712.2,3,33.7,0,10443.44,4386.25,1879.82,98.0,86.3,231.35,2.38,-6.21,33.7,90.98
Uttar Pradesh,Meerut,Western UP,2018-19,Rabi,Wheat,95158.7,377816.57,3970.4,90.5,0,30.1,0,15851.71,7133.27,2377.76,98.0,86.3,266.53,2.22,34.72,30.1,90.98
Uttar Pradesh,Muzaffarnagar,Western UP,1997-98,Kharif,Rice,92140.1,210637.26,2286.1,805.6,10,32.7,0,11087.18,4656.61,1995.69,84.6,80.5,192.53,2.38,3.63,32.7,82.14
Uttar Pradesh,Muzaffarnagar,Western UP,1997-98,Rabi,Wheat,76407.4,257073.97,3364.5,62.9,0,30.7,0,11891.12,5351.0,1783.67,84.6,80.5,249.0,2.22,-6.87,30.7,82.14
Uttar Pradesh,Muzaffarnagar,Western UP,1998-99,Kharif,Rice,90816.1,225417.11,2482.1,870.8,8,34.5,0,10182.83,4276.79,1832.91,88.7,84.2,179.4,2.38,12.02,34.5,86.0
Uttar Pradesh,Muzaffarnagar,Western UP,1998-99,Rabi,Wheat,117578.3,368397.55,3133.2,88.0,0,32.2,2,18079.65,8135.84,2711.95,88.7,84.2,246.03,2.22,30.29,35.42,86.0
Uttar Pradesh,Muzaffarnagar,Western UP,1999-00,Kharif,Rice,88033.6,251220.87,2853.7,751.3,3,32.0,0,8863.93,3722.85,1595.51,88.6,83.8,161.1,2.38,-3.35,32.0,85.72
Uttar Pradesh,Muzaffarnagar,Western UP,1999-00,Rabi,Wheat,98558.4,330576.76,3354.1,68.1,0,28.6,0,14589.9,6565.46,2188.49,88.6,83.8,236.85,2.22,0.83,28.6,85.72
Uttar Pradesh,Muzaffarnagar,Western UP,2000-01,Kharif,Rice,79480.9,223251.58,2808.9,667.2,2,31.6,0,9463.05,3974.48,1703.35,91.6,77.0,190.5,2.38,-14.17,31.6,82.84
Uttar Pradesh,Muzaffarnagar,Western UP,2000-01,Rabi,Wheat,97190.3,283080.76,2912.6,50.6,0,33.3,5,13838.59,6227.36,2075.79,91.6,77.0,227.82,2.22,-25.08,41.62,82.84
Uttar Pradesh,Muzaffarnagar,Western UP,2001-02,Kharif,Rice,83314.9,255230.17,3063.4,776.7,1,32.8,0,8904.39,3739.85,1602.79,89.1,83.1,171.0,2.38,-0.08,32.8,85.5
Uttar Pradesh,Muzaffarnagar,Western UP,2001-02,Rabi,Wheat,92256.2,320426.48,3473.2,57.0,0,31.0,0,12919.15,5813.62,1937.87,89.1,83.1,224.06,2.22,-15.61,31.0,85.5
Uttar Pradesh,Muzaffarnagar,Western UP,2002-03,Kharif,Rice,83899.3,240357.56,2864.8,493.0,4,33.3,0,10013.37,4205.62,1802.41,93.2,84.9,190.96,2.38,-36.58,33.3,88.22
Uttar Pradesh,Muzaffarnagar,Western UP,2002-03,Rabi,Wheat,120903.8,429652.48,3553.7,34.9,0,32.0,2,19443.93,8749.77,2916.59,93.2,84.9,257.31,2.22,-48.33,35.2,88.22
Uttar Pradesh,Muzaffarnagar,Western UP,2003-04,Kharif,Rice,118495.0,348724.86,2943.0,775.9,6,33.0,0,14955.0,6281.1,2691.9,87.2,82.7,201.93,2.38,-0.19,33.0,84.5
Uttar Pradesh,Muzaffarnagar,Western UP,2003-04,Rabi,Wheat,104423.5,300738.77,2880.0,85.5,0,32.9,5,17068.63,7680.88,2560.29,87.2,82.7,261.53,2.22,26.59,41.12,84.5
Uttar Pradesh,Muzaffarnagar,Western UP,2004-05,Kharif,Rice,83247.0,243139.49,2920.7,590.5,4,33.7,0,9421.54,3957.05,1695.88,90.0,83.2,181.08,2.38,-24.04,33.7,85.92
Uttar Pradesh,Muzaffarnagar,Western UP,2004-05,Rabi,Wheat,113544.9,336796.42,2966.2,51.2,0,33.4,6,18540.25,8343.11,2781.04,90.0,83.2,261.26,2.22,-24.19,43.42,85.92
Uttar Pradesh,Muzaffarnagar,Western UP,2005-06,Kharif,Rice,103973.6,307198.88,2954.6,830.3,5,33.0,0,12817.48,5383.34,2307.15,89.5,84.9,197.24,2.38,6.81,33.0,86.74
Uttar Pradesh,Muzaffarnagar,Western UP,2005-06,Rabi,Wheat,110814.5,350119.51,3159.5,28.7,0,32.1,4,19256.97,8665.63,2888.54,89.5,84.9,278.04,2.22,-57.51,38.52,86.74
Uttar Pradesh,Muzaffarnagar,Western UP,2006-07,Kharif,Rice,100700.7,286089.44,2841.0,836.5,9,33.4,0,12968.93,5446.95,2334.41,96.4,88.4,206.06,2.38,7.61,33.4,91.6
Uttar Pradesh,Muzaffarnagar,Western UP,2006-07,Rabi,Wheat,105580.8,411633.1,3898.7,83.9,0,28.3,0,16305.82,7337.62,2445.87,96.4,88.4,247.1,2.22,24.22,28.3,91.6
Uttar Pradesh,Muzaffarnagar,Western UP,2007-08,Kharif,Rice,81126.4,262864.6,3240.2,796.7,5,32.3,0,11178.57,4695.0,2012.14,94.8,85.6,220.47,2.38,2.49,32.3,89.28
Uttar Pradesh,Muzaffarnagar,Western UP,2007-08,Rabi,Wheat,96886.4,377962.14,3901.1,75.4,0,31.0,0,16136.92,7261.61,2420.54,94.8,85.6,266.49,2.22,11.64,31.0,89.28
Uttar Pradesh,Muzaffarnagar,Western UP,2008-09,Kharif,Rice,81439.4,206667.43,2537.7,1027.4,12,32.8,0,10586.2,4446.21,1905.52,96.9,87.2,207.98,2.38,32.17,32.8,91.08
Uttar Pradesh,Muzaffarnagar,Western UP,2008-09,Rabi,Wheat,88902.2,334957.7,3767.7,71.8,0,32.9,3,15547.11,6996.2,2332.07,96.9,87.2,279.81,2.22,6.31,37.83,91.08
Uttar Pradesh,Muzaffarnagar,Western UP,2009-10,Kharif,Rice,92774.8,272844.6,2940.9,571.3,2,33.1,0,11560.24,4855.3,2080.84,97.0,84.0,199.37,2.38,-26.51,33.1,89.2
Uttar Pradesh,Muzaffarnagar,Western UP,2009-10,Rabi,Wheat,90087.4,333859.7,3706.0,49.4,0,31.7,2,16650.91,7492.91,2497.64,97.0,84.0,295.73,2.22,-26.86,34.87,89.2
Uttar Pradesh,Muzaffarnagar,Western UP,2010-11,Kharif,Rice,92399.7,234298.45,2535.7,546.1,4,32.6,0,12496.52,5248.54,2249.37,91.0,89.9,216.39,2.38,-29.75,32.6,90.34
Uttar Pradesh,Muzaffarnagar,Western UP,2010-11,Rabi,Wheat,100811.6,393826.67,3906.6,53.4,0,30.1,0,17224.19,7750.89,2583.63,91.0,89.9,273.37,2.22,-20.94,30.1,90.34
Uttar Pradesh,Muzaffarnagar,Western UP,2011-12,Kharif,Rice,79991.0,264432.61,3305.8,821.0,3,34.0,0,9848.66,4136.44,1772.76,96.9,91.3,197.0,2.38,5.61,34.0,93.54
Uttar Pradesh,Muzaffarnagar,Western UP,2011-12,Rabi,Wheat,83509.6,341606.15,4090.6,59.1,0,31.0,0,13752.51,6188.63,2062.88,96.9,91.3,263.49,2.22,-12.5,31.0,93.54
Uttar Pradesh,Muzaffarnagar,Western UP,2012-13,Kharif,Rice,106660.3,314811.28,2951.5,916.4,6,32.3,0,15109.38,6345.94,2719.69,91.1,86.4,226.65,2.38,17.89,32.3,88.28
Uttar Pradesh,Muzaffarnagar,Western UP,2012-13,Rabi,Wheat,103257.1,402748.03,3900.4,83.2,0,32.6,2,17156.29,7720.33,2573.44,91.1,86.4,265.84,2.22,23.18,35.86,88.28
Uttar Pradesh,Muzaffarnagar,Western UP,2013-14,Kharif,Rice,60190.9,213348.51,3544.5,1086.2,3,32.7,0,7955.19,3341.18,1431.93,95.4,87.0,211.47,2.38,39.73,32.7,90.36
Uttar Pradesh,Muzaffarnagar,Western UP,2013-14,Rabi,Wheat,93658.4,394597.3,4213.2,78.5,0,30.6,0,16037.33,7216.8,2405.6,95.4,87.0,273.97,2.22,16.23,30.6,90.36
Uttar Pradesh,Muzaffarnagar,Western UP,2014-15,Kharif,Rice,85461.7,253897.42,2970.9,755.8,7,30.8,0,11493.63,4827.32,2068.85,98.0,86.8,215.18,2.38,-2.77,30.8,91.28
Uttar Pradesh,Muzaffarnagar,Western UP,2014-15,Rabi,Wheat,79399.7,336545.71,4238.6,98.0,0,30.6,0,14282.65,6427.19,2142.4,98.0,86.8,287.81,2.22,45.1,30.6,91.28
Uttar Pradesh,Muzaffarnagar,Western UP,2015-16,Kharif,Rice,102412.3,315208.7,3077.8,505.7,1,33.8,0,13758.11,5778.41,2476.46,98.0,85.9,214.94,2.38,-34.95,33.8,90.74
Uttar Pradesh,Muzaffarnagar,Western UP,2015-16,Rabi,Wheat,108989.9,468833.52,4301.6,67.0,0,31.3,0,19380.71,8721.32,2907.11,98.0,85.9,284.51,2.22,-0.8,31.3,90.74
Uttar Pradesh,Muzaffarnagar,Western UP,2016-17,Kharif,Rice,115746.5,351666.47,3038.2,850.4,10,32.7,0,14437.52,6063.76,2598.75,96.7,85.8,199.57,2.38,9.4,32.7,90.16
Uttar Pradesh,Muzaffarnagar,Western UP,2016-17,Rabi,Wheat,90484.0,394567.13,4360.6,71.5,0,30.5,0,16200.6,7290.27,2430.09,96.7,85.8,286.47,2.22,5.86,30.5,90.16
Uttar Pradesh,Muzaffarnagar,Western UP,2017-18,Kharif,Rice,99866.5,334843.22,3352.9,1010.2,3,33.4,0,12254.02,5146.69,2205.72,98.0,90.1,196.33,2.38,29.95,33.4,93.26
Uttar Pradesh,Muzaffarnagar,Western UP,2017-18,Rabi,Wheat,107038.7,446194.01,4168.5,82.6,0,32.3,1,18462.07,8307.93,2769.31,98.0,90.1,275.97,2.22,22.3,33.91,93.26
Uttar Pradesh,Muzaffarnagar,Western UP,2018-19,Kharif,Rice,88603.9,299666.81,3382.1,843.3,4,31.8,0,12531.47,5263.22,2255.66,98.0,85.8,226.29,2.38,8.48,31.8,90.68
Uttar Pradesh,Muzaffarnagar,Western UP,2018-19,Rabi,Wheat,99820.8,441710.0,4425.0,56.9,0,33.8,1,17769.74,7996.38,2665.46,98.0,85.8,284.83,2.22,-15.75,35.49,90.68
Uttar Pradesh,Shamli,Western UP,2011-12,Kharif,Rice,106367.0,343332.62,3227.8,728.5,2,34.2,0,12682.07,5326.47,2282.77,89.5,85.2,190.77,2.38,-7.33,34.2,86.92
Uttar Pradesh,Shamli,Western UP,2011-12,Rabi,Wheat,111203.2,380321.18,3420.1,90.4,0,31.8,3,19210.22,8644.6,2881.53,89.5,85.2,276.4,2.22,43.68,36.57,86.92
Uttar Pradesh,Shamli,Western UP,2012-13,Kharif,Rice,95382.9,284499.28,2982.7,912.2,4,32.9,0,13257.06,5567.96,2386.27,96.2,84.3,222.38,2.38,16.04,32.9,89.06
Uttar Pradesh,Shamli,Western UP,2012-13,Rabi,Wheat,101002.6,371921.33,3682.3,81.7,0,30.6,0,19109.39,8599.23,2866.41,96.2,84.3,302.72,2.22,29.85,30.6,89.06
Uttar Pradesh,Shamli,Western UP,2013-14,Kharif,Rice,90661.2,267217.69,2947.4,1204.0,5,34.8,0,12432.26,5221.55,2237.81,92.8,90.5,219.41,2.38,53.16,34.8,91.42
Uttar Pradesh,Shamli,Western UP,2013-14,Rabi,Wheat,90356.4,0.0,3561.7,73.0,0,32.4,1,15999.33,7199.7,2399.9,92.8,90.5,283.31,2.22,16.02,34.02,91.42
Uttar Pradesh,Shamli,Western UP,2014-15,Kharif,Rice,77966.7,238347.44,3057.0,801.0,6,34.0,0,10238.58,4300.2,1842.94,98.0,87.2,210.11,2.38,1.89,34.0,91.52
Uttar Pradesh,Shamli,Western UP,2014-15,Rabi,Wheat,78194.3,307351.59,3930.6,58.2,0,29.5,0,14229.23,6403.16,2134.39,98.0,87.2,291.16,2.22,-7.5,29.5,91.52
Uttar Pradesh,Shamli,Western UP,2015-16,Kharif,Rice,97932.5,291920.56,2980.8,504.7,2,33.3,0,13525.55,5680.73,2434.6,98.0,88.2,220.98,2.38,-35.8,33.3,92.12
Uttar Pradesh,Shamli,Western UP,2015-16,Rabi,Wheat,92188.5,362974.85,3937.3,45.8,0,32.6,1,17677.29,7954.78,2651.59,98.0,88.2,306.8,2.22,-27.21,34.23,92.12
Uttar Pradesh,Shamli,Western UP,2016-17,Kharif,Rice,85999.0,274131.86,3187.6,857.1,3,34.8,0,11660.15,4897.27,2098.83,98.0,89.3,216.94,2.38,9.03,34.8,92.78
Uttar Pradesh,Shamli,Western UP,2016-17,Rabi,Wheat,89866.1,339748.0,3780.6,61.5,0,33.5,3,15885.09,7148.29,2382.76,98.0,89.3,282.82,2.22,-2.25,38.52,92.78
Uttar Pradesh,Shamli,Western UP,2017-18,Kharif,Rice,92277.8,284222.58,3080.1,1161.3,7,32.6,0,13288.04,5580.98,2391.85,98.0,87.0,230.4,2.38,47.73,32.6,91.4
Uttar Pradesh,Shamli,Western UP,2017-18,Rabi,Wheat,93760.8,373896.84,3987.8,58.6,0,32.3,2,15923.4,7165.53,2388.51,98.0,87.0,271.73,2.22,-6.86,35.53,91.4
Uttar Pradesh,Shamli,Western UP,2018-19,Kharif,Rice,84518.2,264509.46,3129.6,761.0,3,33.5,0,11816.44,4962.91,2126.96,97.6,89.2,223.7,2.38,-3.19,33.5,92.56
Uttar Pradesh,Shamli,Western UP,2018-19,Rabi,Wheat,77777.6,312346.13,4015.9,78.6,0,29.2,0,14264.38,6418.97,2139.66,97.6,89.2,293.44,2.22,24.92,29.2,92.56
Uttar Pradesh,Amroha,Western UP,1997-98,Kharif,Rice,110260.3,322844.63,2928.0,839.4,3,34.6,0,12173.13,5112.71,2191.16,84.2,79.3,176.65,2.38,10.35,34.6,81.26
Uttar Pradesh,Amroha,Western UP,1997-98,Rabi,Wheat,87912.2,276633.75,3146.7,56.6,0,31.3,1,12101.22,5445.55,1815.18,84.2,79.3,220.24,2.22,-17.42,32.87,81.26
Uttar Pradesh,Amroha,Western UP,1998-99,Kharif,Rice,81139.2,223076.56,2749.3,834.8,6,33.9,0,8339.79,3502.71,1501.16,90.2,83.3,164.45,2.38,9.74,33.9,86.06
Uttar Pradesh,Amroha,Western UP,1998-99,Rabi,Wheat,101205.9,325655.11,3217.7,45.0,0,30.6,0,14268.01,6420.61,2140.2,90.2,83.3,225.57,2.22,-34.34,30.6,86.06
Uttar Pradesh,Amroha,Western UP,1999-00,Kharif,Rice,82674.1,244795.31,2961.0,800.9,4,33.4,0,10392.9,4365.02,1870.72,92.5,84.3,201.13,2.38,5.29,33.4,87.58
Uttar Pradesh,Amroha,Western UP,1999-00,Rabi,Wheat,116899.0,408369.36,3493.4,75.3,0,30.8,0,17662.9,7948.31,2649.44,92.5,84.3,241.75,2.22,9.87,30.8,87.58
Uttar Pradesh,Amroha,Western UP,2000-01,Kharif,Rice,93694.3,250919.65,2678.1,798.5,4,32.8,0,10576.05,4441.94,1903.69,92.6,81.6,180.61,2.38,4.97,32.8,86.0
Uttar Pradesh,Amroha,Western UP,2000-01,Rabi,Wheat,111386.1,375635.57,3372.4,91.7,0,30.3,0,17753.09,7988.89,2662.96,92.6,81.6,255.01,2.22,33.8,30.3,86.0
Uttar Pradesh,Amroha,Western UP,2001-02,Kharif,Rice,111470.3,304829.53,2734.6,596.3,4,33.2,0,12540.1,5266.84,2257.22,90.5,82.4,180.0,2.38,-21.61,33.2,85.64
Uttar Pradesh,Amroha,Western UP,2001-02,Rabi,Wheat,92331.0,323143.88,3499.8,79.3,0,33.3,2,15254.2,6864.39,2288.13,90.5,82.4,264.34,2.22,15.7,36.63,85.64
Uttar Pradesh,Amroha,Western UP,2002-03,Kharif,Rice,78102.5,203467.55,2605.1,468.4,3,31.8,0,9654.5,4054.89,1737.81,93.4,83.9,197.78,2.38,-38.42,31.8,87.7
Uttar Pradesh,Amroha,Western UP,2002-03,Rabi,Wheat,101972.8,331245.63,3248.4,90.6,0,32.4,2,16623.49,7480.57,2493.52,93.4,83.9,260.83,2.22,32.19,35.64,87.7
Uttar Pradesh,Amroha,Western UP,2003-04,Kharif,Rice,92323.8,254248.63,2753.9,649.2,4,33.9,0,11403.21,4789.35,2052.58,93.0,81.3,197.62,2.38,-14.66,33.9,85.98
Uttar Pradesh,Amroha,Western UP,2003-04,Rabi,Wheat,86580.7,324360.35,3746.3,64.6,0,30.9,0,13107.16,5898.22,1966.07,93.0,81.3,242.22,2.22,-5.74,30.9,85.98
Uttar Pradesh,Amroha,Western UP,2004-05,Kharif,Rice,73130.9,167099.06,2284.9,339.4,3,34.3,0,9038.32,3796.09,1626.9,89.0,83.2,197.75,2.38,-55.38,34.3,85.52
Uttar Pradesh,Amroha,Western UP,2004-05,Rabi,Wheat,93444.2,308176.79,3298.0,9.9,0,32.3,3,15564.46,7004.01,2334.67,89.0,83.2,266.5,2.22,-85.56,37.14,85.52
Uttar Pradesh,Amroha,Western UP,2005-06,Kharif,Rice,87615.8,265319.67,3028.2,784.9,4,33.1,0,11171.48,4692.02,2010.87,94.9,82.2,204.01,2.38,3.18,33.1,87.28
Uttar Pradesh,Amroha,Western UP,2005-06,Rabi,Wheat,109342.4,414015.23,3786.4,56.3,0,32.1,0,18367.91,8265.56,2755.19,94.9,82.2,268.78,2.22,-17.85,32.1,87.28
Uttar Pradesh,Amroha,Western UP,2006-07,Kharif,Rice,125272.1,352076.64,2810.5,659.5,4,33.6,0,14619.54,6140.21,2631.52,88.2,86.6,186.72,2.38,-13.3,33.6,87.24
Uttar Pradesh,Amroha,Western UP,2006-07,Rabi,Wheat,102121.4,312491.2,3060.0,91.8,0,33.1,5,15649.46,7042.26,2347.42,88.2,86.6,245.19,2.22,33.94,41.38,87.24
Uttar Pradesh,Amroha,Western UP,2007-08,Kharif,Rice,88296.7,257318.5,2914.2,596.6,5,33.9,0,10980.21,4611.69,1976.44,90.0,86.8,198.97,2.38,-21.57,33.9,88.08
Uttar Pradesh,Amroha,Western UP,2007-08,Rabi,Wheat,101195.6,381099.58,3766.0,59.9,0,31.8,0,17283.7,7777.66,2592.55,90.0,86.8,273.27,2.22,-12.6,31.8,88.08
Uttar Pradesh,Amroha,Western UP,2008-09,Kharif,Rice,102327.9,306279.37,2993.1,930.0,7,34.3,0,13845.19,5814.98,2492.13,91.9,85.8,216.48,2.38,22.26,34.3,88.24
Uttar Pradesh,Amroha,Western UP,2008-09,Rabi,Wheat,87013.5,317188.76,3645.3,86.3,0,31.8,0,15671.82,7052.32,2350.77,91.9,85.8,288.17,2.22,25.92,31.8,88.24
Uttar Pradesh,Amroha,Western UP,2009-10,Kharif,Rice,75051.7,238209.17,3173.9,600.1,1,33.1,0,9299.44,3905.76,1673.9,92.9,83.4,198.25,2.38,-21.11,33.1,87.2
Uttar Pradesh,Amroha,Western UP,2009-10,Rabi,Wheat,95499.5,328976.78,3444.8,83.8,0,33.6,4,16064.72,7229.12,2409.71,92.9,83.4,269.15,2.22,22.27,40.32,87.2
Uttar Pradesh,Amroha,Western UP,2010-11,Kharif,Rice,111541.8,336061.42,3012.9,656.7,3,32.9,0,16212.41,6809.21,2918.23,94.6,88.7,232.56,2.38,-13.67,32.9,91.06
Uttar Pradesh,Amroha,Western UP,2010-11,Rabi,Wheat,109782.0,376442.9,3429.0,91.0,0,32.2,4,19769.1,8896.1,2965.37,94.6,88.7,288.12,2.22,32.77,38.64,91.06
Uttar Pradesh,Amroha,Western UP,2011-12,Kharif,Rice,85587.4,266315.59,3111.6,934.7,7,31.8,0,10644.55,4470.71,1916.02,96.9,87.1,198.99,2.38,22.88,31.8,91.02
Uttar Pradesh,Amroha,Western UP,2011-12,Rabi,Wheat,97072.9,401112.81,4132.1,59.6,0,28.7,0,16594.71,7467.62,2489.21,96.9,87.1,273.52,2.22,-13.04,28.7,91.02
Uttar Pradesh,Amroha,Western UP,2012-13,Kharif,Rice,78153.9,227586.23,2912.0,867.8,9,34.3,0,11107.0,4664.94,1999.26,98.0,85.2,227.39,2.38,14.08,34.3,90.32
Uttar Pradesh,Amroha,Western UP,2012-13,Rabi,Wheat,106952.8,399736.0,3737.5,56.6,0,32.5,4,18113.94,8151.27,2717.09,98.0,85.2,270.98,2.22,-17.42,39.0,90.32
Uttar Pradesh,Amroha,Western UP,2013-14,Kharif,Rice,66766.2,204180.75,3058.1,1142.0,6,33.0,0,9212.3,3869.17,1658.21,96.1,88.6,220.77,2.38,50.13,33.0,91.6
Uttar Pradesh,Amroha,Western UP,2013-14,Rabi,Wheat,92294.9,386900.89,4192.0,85.2,0,30.7,0,15125.31,6806.39,2268.8,96.1,88.6,262.21,2.22,24.31,30.7,91.6
Uttar Pradesh,Amroha,Western UP,2014-15,Kharif,Rice,79526.7,274423.84,3450.7,747.5,4,32.8,0,10005.67,4202.38,1801.02,90.9,89.9,201.3,2.38,-1.73,32.8,90.3
Uttar Pradesh,Amroha,Western UP,2014-15,Rabi,Wheat,99233.4,392532.0,3955.6,60.3,0,30.7,0,18342.85,8254.28,2751.43,90.9,89.9,295.75,2.22,-12.02,30.7,90.3
Uttar Pradesh,Amroha,Western UP,2015-16,Kharif,Rice,84315.5,248590.24,2948.3,422.7,0,33.6,0,11126.21,4673.01,2002.72,98.0,89.7,211.13,2.38,-44.43,33.6,93.02
Uttar Pradesh,Amroha,Western UP,2015-16,Rabi,Wheat,88230.3,366483.98,4153.7,37.7,0,32.5,1,15206.22,6842.8,2280.93,98.0,89.7,275.76,2.22,-44.99,34.12,93.02
Uttar Pradesh,Amroha,Western UP,2016-17,Kharif,Rice,107589.9,371281.89,3450.9,794.0,3,33.8,0,13352.7,5608.13,2403.49,98.0,88.9,198.57,2.38,4.38,33.8,92.54
Uttar Pradesh,Amroha,Western UP,2016-17,Rabi,Wheat,93786.6,359208.7,3830.1,73.6,0,32.3,3,16904.5,7607.02,2535.67,98.0,88.9,288.39,2.22,7.39,37.14,92.54
Uttar Pradesh,Amroha,Western UP,2017-18,Kharif,Rice,104028.6,338562.49,3254.5,1059.5,6,32.3,0,14817.98,6223.55,2667.24,95.1,89.5,227.91,2.38,39.28,32.3,91.74
Uttar Pradesh,Amroha,Western UP,2017-18,Rabi,Wheat,93180.5,396012.74,4250.0,88.4,0,30.7,0,18104.31,8146.94,2715.65,95.1,89.5,310.87,2.22,28.98,30.7,91.74
Uttar Pradesh,Amroha,Western UP,2018-19,Kharif,Rice,101739.5,324576.24,3190.3,749.7,6,32.1,0,15452.79,6490.17,2781.5,96.1,88.4,243.02,2.38,-1.44,32.1,91.48
Uttar Pradesh,Amroha,Western UP,2018-19,Rabi,Wheat,101050.3,354700.92,3510.1,91.8,0,33.7,7,18676.79,8404.56,2801.52,96.1,88.4,295.72,2.22,33.94,45.5,91.48
Uttar Pradesh,Bijnor,Western UP,1997-98,Kharif,Rice,79479.8,193355.6,2432.8,797.9,6,31.5,0,8277.49,3476.55,1489.95,86.6,83.3,166.63,2.38,5.8,31.5,84.62
Uttar Pradesh,Bijnor,Western UP,1997-98,Rabi,Wheat,102291.2,277039.5,2708.3,77.8,0,33.2,3,15396.55,6928.45,2309.48,86.6,83.3,240.83,2.22,23.45,38.18,84.62
Uttar Pradesh,Bijnor,Western UP,1998-99,Kharif,Rice,69551.0,170707.52,2454.4,846.6,4,31.9,0,7302.88,3067.21,1314.52,87.4,83.3,168.0,2.38,12.25,31.9,84.94
Uttar Pradesh,Bijnor,Western UP,1998-99,Rabi,Wheat,84637.4,240116.64,2837.0,69.8,0,32.7,2,11856.97,5335.64,1778.55,87.4,83.3,224.15,2.22,10.75,35.97,84.94
Uttar Pradesh,Bijnor,Western UP,1999-00,Kharif,Rice,86771.8,219473.04,2529.3,732.0,3,31.8,0,11493.56,4827.29,2068.84,85.2,82.1,211.93,2.38,-2.94,31.8,83.34
Uttar Pradesh,Bijnor,Western UP,1999-00,Rabi,Wheat,99685.0,317594.37,3186.0,83.0,0,31.3,1,15894.33,7152.45,2384.15,85.2,82.1,255.11,2.22,31.7,32.87,83.34
Uttar Pradesh,Bijnor,Western UP,2000-01,Kharif,Rice,75948.5,198340.05,2611.5,734.4,2,33.2,0,9598.74,4031.47,1727.77,87.4,82.2,202.22,2.38,-2.62,33.2,84.28
Uttar Pradesh,Bijnor,Western UP,2000-01,Rabi,Wheat,100850.8,317411.24,3147.3,46.4,0,30.7,0,14583.02,6562.36,2187.45,87.4,82.2,231.36,2.22,-26.38,30.7,84.28
Uttar Pradesh,Bijnor,Western UP,2001-02,Kharif,Rice,75303.6,208234.2,2765.3,693.6,3,33.5,0,8497.22,3568.83,1529.5,83.7,81.9,180.54,2.38,-8.03,33.5,82.62
Uttar Pradesh,Bijnor,Western UP,2001-02,Rabi,Wheat,92903.5,282136.0,3036.9,54.4,0,31.6,0,13486.71,6069.02,2023.01,83.7,81.9,232.27,2.22,-13.68,31.6,82.62
Uttar Pradesh,Bijnor,Western UP,2002-03,Kharif,Rice,93117.9,236432.93,2539.1,643.2,4,33.2,0,10929.28,4590.3,1967.27,91.1,80.8,187.79,2.38,-14.72,33.2,84.92
Uttar Pradesh,Bijnor,Western UP,2002-03,Rabi,Wheat,77789.2,245720.48,3158.8,63.2,0,30.5,0,12507.09,5628.19,1876.06,91.1,80.8,257.25,2.22,0.28,30.5,84.92
Uttar Pradesh,Bijnor,Western UP,2003-04,Kharif,Rice,93267.6,254872.99,2732.7,670.4,2,34.3,0,11589.52,4867.6,2086.11,94.9,82.4,198.82,2.38,-11.11,34.3,87.4
Uttar Pradesh,Bijnor,Western UP,2003-04,Rabi,Wheat,100004.4,240739.27,2407.3,64.7,0,34.3,9,16148.89,7267.0,2422.33,94.9,82.4,258.37,2.22,2.66,49.73,87.4
Uttar Pradesh,Bijnor,Western UP,2004-05,Kharif,Rice,90531.5,206698.26,2283.2,389.7,2,33.1,0,12279.15,5157.24,2210.25,93.9,84.5,217.01,2.38,-48.33,33.1,88.26
Uttar Pradesh,Bijnor,Western UP,2004-05,Rabi,Wheat,95743.4,342493.44,3577.2,13.0,0,30.1,0,14581.37,6561.62,2187.21,93.9,84.5,243.67,2.22,-79.37,30.1,88.26
Uttar Pradesh,Bijnor,Western UP,2005-06,Kharif,Rice,96323.6,258707.45,2685.8,730.4,3,33.2,0,12732.35,5347.59,2291.82,92.1,82.4,211.49,2.38,-3.15,33.2,86.28
Uttar Pradesh,Bijnor,Western UP,2005-06,Rabi,Wheat,104366.2,345065.23,3306.3,89.7,0,31.5,2,17565.9,7904.65,2634.88,92.1,82.4,269.3,2.22,42.33,34.65,86.28
Uttar Pradesh,Bijnor,Western UP,2006-07,Kharif,Rice,77159.4,228004.76,2955.0,843.6,2,33.0,0,9246.8,3883.66,1664.42,90.2,84.4,191.74,2.38,11.86,33.0,86.72
Uttar Pradesh,Bijnor,Western UP,2006-07,Rabi,Wheat,100021.9,345759.1,3456.8,64.8,0,29.7,0,16012.0,7205.4,2401.8,90.2,84.4,256.14,2.22,2.82,29.7,86.72
Uttar Pradesh,Bijnor,Western UP,2007-08,Kharif,Rice,82918.8,220194.63,2655.5,798.6,8,33.6,0,11037.91,4635.92,1986.82,95.9,82.2,212.99,2.38,5.89,33.6,87.68
Uttar Pradesh,Bijnor,Western UP,2007-08,Rabi,Wheat,63909.8,225968.67,3535.7,88.0,0,31.8,1,11002.42,4951.09,1650.36,95.9,82.2,275.45,2.22,39.63,33.39,87.68
Uttar Pradesh,Bijnor,Western UP,2008-09,Kharif,Rice,106588.7,309662.9,2905.2,986.2,4,33.5,0,13377.45,5618.53,2407.94,90.9,87.3,200.81,2.38,30.76,33.5,88.74
Uttar Pradesh,Bijnor,Western UP,2008-09,Rabi,Wheat,71742.8,201023.65,2802.0,53.2,0,33.1,7,12042.8,5419.26,1806.42,90.9,87.3,268.58,2.22,-15.59,44.69,88.74
Uttar Pradesh,Bijnor,Western UP,2009-10,Kharif,Rice,92340.6,219275.33,2374.6,349.6,2,32.9,0,12519.8,5258.32,2253.56,93.3,83.2,216.93,2.38,-53.65,32.9,87.24
Uttar Pradesh,Bijnor,Western UP,2009-10,Rabi,Wheat,98047.1,303189.18,3092.3,30.5,0,32.3,5,14888.92,6700.01,2233.34,93.3,83.2,242.97,2.22,-51.6,40.38,87.24
Uttar Pradesh,Bijnor,Western UP,2010-11,Kharif,Rice,87853.9,277959.41,3163.9,759.9,3,35.3,0,11393.32,4785.19,2050.8,89.4,87.2,207.5,2.38,0.76,35.3,88.08
Uttar Pradesh,Bijnor,Western UP,2010-11,Rabi,Wheat,86975.7,325065.83,3737.4,76.2,0,31.4,0,14333.21,6449.95,2149.98,89.4,87.2,263.67,2.22,20.91,31.4,88.08
Uttar Pradesh,Bijnor,Western UP,2011-12,Kharif,Rice,80738.1,233566.69,2892.9,763.6,4,34.1,0,11948.47,5018.36,2150.72,96.4,84.4,236.78,2.38,1.25,34.1,89.2
Uttar Pradesh,Bijnor,Western UP,2011-12,Rabi,Wheat,79776.0,318937.24,3997.9,65.7,0,27.5,0,14357.21,6460.75,2153.58,96.4,84.4,287.95,2.22,4.25,27.5,89.2
Uttar Pradesh,Bijnor,Western UP,2012-13,Kharif,Rice,82250.5,234305.63,2848.7,669.0,5,34.2,0,10957.21,4602.03,1972.3,95.5,83.6,213.15,2.38,-11.29,34.2,88.36
Uttar Pradesh,Bijnor,Western UP,2012-13,Rabi,Wheat,109580.1,415066.01,3787.8,80.5,0,29.6,0,19099.29,8594.68,2864.89,95.5,83.6,278.87,2.22,27.73,29.6,88.36
Uttar Pradesh,Bijnor,Western UP,2013-14,Kharif,Rice,88378.8,259850.32,2940.2,1048.3,5,33.2,0,12251.86,5145.78,2205.33,95.9,83.3,221.81,2.38,39.0,33.2,88.34
Uttar Pradesh,Bijnor,Western UP,2013-14,Rabi,Wheat,110088.3,422305.92,3836.1,74.5,0,29.5,0,18488.77,8319.95,2773.32,95.9,83.3,268.71,2.22,18.21,29.5,88.34
Uttar Pradesh,Bijnor,Western UP,2014-15,Kharif,Rice,92749.0,281781.72,3038.1,594.1,4,34.1,0,10566.8,4438.06,1902.02,96.3,87.8,182.29,2.38,-21.23,34.1,91.2
Uttar Pradesh,Bijnor,Western UP,2014-15,Rabi,Wheat,110071.7,420679.83,3821.9,75.5,0,30.3,0,20223.91,9100.76,3033.59,96.3,87.8,293.97,2.22,19.8,30.3,91.2
Uttar Pradesh,Bijnor,Western UP,2015-16,Kharif,Rice,83323.4,222811.75,2674.1,506.7,5,31.9,0,11771.36,4943.97,2118.85,98.0,86.9,226.04,2.38,-32.81,31.9,91.34
Uttar Pradesh,Bijnor,Western UP,2015-16,Rabi,Wheat,101211.6,379130.94,3745.9,31.9,0,32.3,3,18808.94,8464.02,2821.34,98.0,86.9,297.34,2.22,-49.38,37.14,91.34
Uttar Pradesh,Bijnor,Western UP,2016-17,Kharif,Rice,63966.1,206426.49,3227.1,893.3,4,33.9,0,9233.47,3878.06,1662.02,95.2,85.0,230.96,2.38,18.45,33.9,89.08
Uttar Pradesh,Bijnor,Western UP,2016-17,Rabi,Wheat,95911.8,376559.11,3926.1,62.4,0,30.7,0,16671.28,7502.08,2500.69,95.2,85.0,278.11,2.22,-0.99,30.7,89.08
Uttar Pradesh,Bijnor,Western UP,2017-18,Kharif,Rice,105563.8,292721.99,2772.9,990.4,8,32.2,0,15499.31,6509.71,2789.88,94.4,85.0,234.92,2.38,31.32,32.2,88.76
Uttar Pradesh,Bijnor,Western UP,2017-18,Rabi,Wheat,119405.9,345277.21,2891.6,86.9,0,32.8,9,21659.03,9746.56,3248.85,94.4,85.0,290.22,2.22,37.89,47.56,88.76
Uttar Pradesh,Bijnor,Western UP,2018-19,Kharif,Rice,81878.7,283210.66,3458.9,831.6,2,34.1,0,11942.02,5015.65,2149.56,94.4,91.3,233.36,2.38,10.27,34.1,92.54
Uttar Pradesh,Bijnor,Western UP,2018-19,Rabi,Wheat,84086.6,339096.98,4032.7,59.8,0,31.1,0,16048.21,7221.69,2407.23,94.4,91.3,305.37,2.22,-5.11,31.1,92.54
Uttar Pradesh,Moradabad,Western UP,1997-98,Kharif,Rice,90340.1,183578.12,2032.1,562.5,5,33.7,0,8956.23,3761.61,1612.12,88.0,81.5,158.62,2.38,-26.99,33.7,84.1
Uttar Pradesh,Moradabad,Western UP,1997-98,Rabi,Wheat,92061.8,255229.93,2772.4,43.4,0,32.4,2,14469.41,6511.23,2170.41,88.0,81.5,251.47,2.22,-24.09,35.64,84.1
Uttar Pradesh,Moradabad,Western UP,1998-99,Kharif,Rice,67421.5,152875.42,2267.5,842.6,6,33.0,0,7312.71,3071.34,1316.29,85.2,82.9,173.54,2.38,9.36,33.0,83.82
Uttar Pradesh,Moradabad,Western UP,1998-99,Rabi,Wheat,73153.3,214243.82,2928.7,61.5,0,30.6,0,10714.58,4821.56,1607.19,85.2,82.9,234.35,2.22,7.57,30.6,83.82
Uttar Pradesh,Moradabad,Western UP,1999-00,Kharif,Rice,86456.8,208543.18,2412.1,893.7,3,33.0,0,10911.27,4582.73,1964.03,86.4,83.9,201.93,2.38,15.99,33.0,84.9
Uttar Pradesh,Moradabad,Western UP,1999-00,Rabi,Wheat,82219.9,252738.27,3073.9,90.1,0,31.5,0,11776.02,5299.21,1766.4,86.4,83.9,229.16,2.22,57.6,31.5,84.9
Uttar Pradesh,Moradabad,Western UP,2000-01,Kharif,Rice,108093.8,296345.0,2741.6,852.9,5,34.8,0,11972.8,5028.58,2155.1,91.6,85.7,177.22,2.38,10.7,34.8,88.06
Uttar Pradesh,Moradabad,Western UP,2000-01,Rabi,Wheat,95988.5,301748.88,3143.6,77.3,0,30.7,0,14203.44,6391.55,2130.52,91.6,85.7,236.75,2.22,35.21,30.7,88.06
Uttar Pradesh,Moradabad,Western UP,2001-02,Kharif,Rice,76729.3,183603.66,2392.9,735.2,7,33.0,0,9628.49,4043.96,1733.13,86.0,78.4,200.78,2.38,-4.58,33.0,81.44
Uttar Pradesh,Moradabad,Western UP,2001-02,Rabi,Wheat,79501.5,246461.38,3100.1,89.9,0,31.0,0,11965.41,5384.43,1794.81,86.0,78.4,240.81,2.22,57.25,31.0,81.44
Uttar Pradesh,Moradabad,Western UP,2002-03,Kharif,Rice,67313.5,140417.17,2086.0,344.2,2,32.9,0,8205.57,3446.34,1477.0,95.4,84.6,195.04,2.38,-55.33,32.9,88.92
Uttar Pradesh,Moradabad,Western UP,2002-03,Rabi,Wheat,71657.1,250277.18,3492.7,27.0,0,28.9,0,12039.42,5417.74,1805.91,95.4,84.6,268.82,2.22,-52.77,28.9,88.92
Uttar Pradesh,Moradabad,Western UP,2003-04,Kharif,Rice,70811.5,174939.04,2470.5,790.9,4,34.6,0,8515.61,3576.55,1532.81,92.4,84.5,192.41,2.38,2.65,34.6,87.66
Uttar Pradesh,Moradabad,Western UP,2003-04,Rabi,Wheat,79161.1,237598.39,3001.5,85.2,0,32.2,3,12923.44,5815.55,1938.52,92.4,84.5,261.21,2.22,49.03,37.03,87.66
Uttar Pradesh,Moradabad,Western UP,2004-05,Kharif,Rice,88591.8,202228.85,2282.7,413.5,1,32.9,0,11458.42,4812.54,2062.52,94.2,82.4,206.94,2.38,-46.33,32.9,87.12
Uttar Pradesh,Moradabad,Western UP,2004-05,Rabi,Wheat,66798.7,213727.22,3199.6,38.9,0,30.0,0,11025.19,4961.33,1653.78,94.2,82.4,264.08,2.22,-31.96,30.0,87.12
Uttar Pradesh,Moradabad,Western UP,2005-06,Kharif,Rice,89055.1,221721.79,2489.7,808.6,6,33.3,0,11583.68,4865.15,2085.06,92.1,86.4,208.12,2.38,4.95,33.3,88.68
Uttar Pradesh,Moradabad,Western UP,2005-06,Rabi,Wheat,94029.5,289395.7,3077.7,31.5,0,31.9,0,15252.68,6863.71,2287.9,92.1,86.4,259.54,2.22,-44.9,31.9,88.68
Uttar Pradesh,Moradabad,Western UP,2006-07,Kharif,Rice,75608.2,213900.71,2829.1,836.3,3,33.1,0,8978.09,3770.8,1616.06,88.7,84.8,189.99,2.38,8.54,33.1,86.36
Uttar Pradesh,Moradabad,Western UP,2006-07,Rabi,Wheat,102638.0,306738.23,2988.5,78.4,0,32.3,1,16929.19,7618.13,2539.38,88.7,84.8,263.91,2.22,37.13,33.91,86.36
Uttar Pradesh,Moradabad,Western UP,2007-08,Kharif,Rice,83752.5,242818.73,2899.2,736.3,3,33.0,0,9901.38,4158.58,1782.25,90.4,85.9,189.16,2.38,-4.44,33.0,87.7
Uttar Pradesh,Moradabad,Western UP,2007-08,Rabi,Wheat,93034.6,314867.5,3384.4,48.0,0,31.0,0,14388.5,6474.82,2158.27,90.4,85.9,247.45,2.22,-16.04,31.0,87.7
Uttar Pradesh,Moradabad,Western UP,2008-09,Kharif,Rice,86933.3,222054.89,2554.3,1032.7,7,33.0,0,11354.35,4768.83,2043.78,96.3,86.5,208.98,2.38,34.03,33.0,90.42
Uttar Pradesh,Moradabad,Western UP,2008-09,Rabi,Wheat,100160.5,338466.15,3379.2,81.0,0,31.7,1,16938.0,7622.1,2540.7,96.3,86.5,270.57,2.22,41.68,33.29,90.42
Uttar Pradesh,Moradabad,Western UP,2009-10,Kharif,Rice,82974.9,194876.44,2348.6,372.2,1,34.3,0,10649.91,4472.96,1916.98,90.8,86.7,205.36,2.38,-51.69,34.3,88.34
Uttar Pradesh,Moradabad,Western UP,2009-10,Rabi,Wheat,60817.6,210538.63,3461.8,38.8,0,30.3,0,10763.44,4843.55,1614.52,90.8,86.7,283.17,2.22,-32.13,30.3,88.34
Uttar Pradesh,Moradabad,Western UP,2010-11,Kharif,Rice,84170.3,230941.66,2743.7,737.5,1,32.5,0,12116.63,5088.99,2180.99,90.9,85.3,230.33,2.38,-4.28,32.5,87.54
Uttar Pradesh,Moradabad,Western UP,2010-11,Rabi,Wheat,79893.6,242061.24,3029.8,45.4,0,32.4,3,14523.44,6535.55,2178.52,90.9,85.3,290.86,2.22,-20.59,37.26,87.54
Uttar Pradesh,Moradabad,Western UP,2011-12,Kharif,Rice,72686.1,202734.47,2789.2,603.3,4,32.0,0,9386.71,3942.42,1689.61,90.7,86.6,206.62,2.38,-21.7,32.0,88.24
Uttar Pradesh,Moradabad,Western UP,2011-12,Rabi,Wheat,92261.6,302550.82,3279.3,89.8,0,30.3,0,15942.2,7173.99,2391.33,90.7,86.6,276.47,2.22,57.07,30.3,88.24
Uttar Pradesh,Moradabad,Western UP,2012-13,Kharif,Rice,78198.7,235511.7,3011.7,865.4,4,33.3,0,10424.07,4378.11,1876.33,94.2,90.2,213.28,2.38,12.32,33.3,91.8
Uttar Pradesh,Moradabad,Western UP,2012-13,Rabi,Wheat,85759.8,296694.84,3459.6,61.7,0,30.1,0,14056.22,6325.3,2108.43,94.2,90.2,262.24,2.22,7.92,30.1,91.8
Uttar Pradesh,Moradabad,Western UP,2013-14,Kharif,Rice,84463.4,242433.72,2870.3,1037.5,5,33.0,0,10101.68,4242.71,1818.3,94.2,86.2,191.36,2.38,34.66,33.0,89.4
Uttar Pradesh,Moradabad,Western UP,2013-14,Rabi,Wheat,89339.1,318607.48,3566.3,60.9,0,30.4,0,15428.09,6942.64,2314.21,94.2,86.2,276.31,2.22,6.52,30.4,89.4
Uttar Pradesh,Moradabad,Western UP,2014-15,Kharif,Rice,71195.8,214621.52,3014.5,712.8,2,34.2,0,10256.91,4307.9,1846.24,98.0,86.4,230.51,2.38,-7.49,34.2,91.04
Uttar Pradesh,Moradabad,Western UP,2014-15,Rabi,Wheat,91299.1,328263.73,3595.5,37.9,0,31.4,1,16639.94,7487.97,2495.99,98.0,86.4,291.61,2.22,-33.71,32.97,91.04
Uttar Pradesh,Moradabad,Western UP,2015-16,Kharif,Rice,64905.2,189795.46,2924.2,639.4,3,33.0,0,9442.73,3965.94,1699.69,96.9,91.4,232.78,2.38,-17.01,33.0,93.6
Uttar Pradesh,Moradabad,Western UP,2015-16,Rabi,Wheat,88500.6,331494.47,3745.7,5.0,0,27.8,0,15027.71,6762.47,2254.16,96.9,91.4,271.69,2.22,-91.25,27.8,93.6
Uttar Pradesh,Moradabad,Western UP,2016-17,Kharif,Rice,60579.1,168123.89,2775.3,784.1,8,33.0,0,7637.96,3207.94,1374.83,98.0,86.8,201.73,2.38,1.77,33.0,91.28
Uttar Pradesh,Moradabad,Western UP,2016-17,Rabi,Wheat,85380.4,304064.02,3561.3,20.5,0,33.6,1,14857.06,6685.68,2228.56,98.0,86.8,278.42,2.22,-64.14,35.28,91.28
Uttar Pradesh,Moradabad,Western UP,2017-18,Kharif,Rice,82407.1,235591.99,2858.9,1039.4,6,33.7,0,11073.98,4651.07,1993.32,95.9,87.7,215.01,2.38,34.9,33.7,90.98
Uttar Pradesh,Moradabad,Western UP,2017-18,Rabi,Wheat,91171.2,277539.16,3044.2,72.4,0,33.7,7,17124.93,7706.22,2568.74,95.9,87.7,300.53,2.22,26.64,45.5,90.98
Uttar Pradesh,Moradabad,Western UP,2018-19,Kharif,Rice,97258.4,284684.8,2927.1,835.0,5,34.6,0,13233.06,5557.89,2381.95,97.2,90.8,217.7,2.38,8.37,34.6,93.36
Uttar Pradesh,Moradabad,Western UP,2018-19,Rabi,Wheat,76934.5,281434.82,3658.1,55.2,0,31.2,1,15017.28,6757.78,2252.59,97.2,90.8,312.31,2.22,-3.45,32.76,93.36
Uttar Pradesh,Rampur,Western UP,1997-98,Kharif,Rice,101089.0,259131.79,2563.4,887.7,5,33.0,0,11483.41,4823.03,2067.01,87.7,82.5,181.76,2.38,15.16,33.0,84.58
Uttar Pradesh,Rampur,Western UP,1997-98,Rabi,Wheat,86272.6,266791.14,3092.4,64.4,0,30.9,0,12933.79,5820.2,1940.07,87.7,82.5,239.87,2.22,4.87,30.9,84.58
Uttar Pradesh,Rampur,Western UP,1998-99,Kharif,Rice,93565.7,234914.12,2510.7,804.4,5,33.6,0,9252.24,3885.94,1665.4,88.4,83.0,158.22,2.38,4.36,33.6,85.16
Uttar Pradesh,Rampur,Western UP,1998-99,Rabi,Wheat,81704.6,244728.78,2995.3,51.0,0,29.4,0,13004.9,5852.21,1950.74,88.4,83.0,254.67,2.22,-16.95,29.4,85.16
Uttar Pradesh,Rampur,Western UP,1999-00,Kharif,Rice,102648.6,252671.48,2461.5,796.6,5,32.3,0,11737.78,4929.87,2112.8,88.4,82.7,182.96,2.38,3.34,32.3,84.98
Uttar Pradesh,Rampur,Western UP,1999-00,Rabi,Wheat,88895.5,261900.14,2946.2,73.4,0,31.2,0,13322.74,5995.23,1998.41,88.4,82.7,239.79,2.22,19.53,31.2,84.98
Uttar Pradesh,Rampur,Western UP,2000-01,Kharif,Rice,80814.6,211216.08,2613.6,836.5,1,33.2,0,9748.52,4094.38,1754.73,86.5,84.3,193.01,2.38,8.52,33.2,85.18
Uttar Pradesh,Rampur,Western UP,2000-01,Rabi,Wheat,84103.3,235305.32,2797.8,45.0,0,31.9,2,13406.48,6032.92,2010.97,86.5,84.3,255.05,2.22,-26.72,35.09,85.18
Uttar Pradesh,Rampur,Western UP,2001-02,Kharif,Rice,89860.8,233444.45,2597.8,812.8,8,34.0,0,11052.93,4642.23,1989.53,90.8,83.5,196.8,2.38,5.45,34.0,86.42
Uttar Pradesh,Rampur,Western UP,2001-02,Rabi,Wheat,80020.7,215243.86,2689.9,86.8,0,33.2,5,12627.49,5682.37,1894.12,90.8,83.5,252.48,2.22,41.35,41.5,86.42
Uttar Pradesh,Rampur,Western UP,2002-03,Kharif,Rice,90324.7,217048.95,2403.0,535.1,3,32.0,0,10743.08,4512.09,1933.75,86.4,82.6,190.3,2.38,-30.58,32.0,84.12
Uttar Pradesh,Rampur,Western UP,2002-03,Rabi,Wheat,80788.7,267201.16,3307.4,59.7,0,30.4,0,12300.68,5535.31,1845.1,86.4,82.6,243.61,2.22,-2.78,30.4,84.12
Uttar Pradesh,Rampur,Western UP,2003-04,Kharif,Rice,82912.3,217482.1,2623.0,739.8,5,33.3,0,8361.4,3511.79,1505.05,90.6,85.6,161.35,2.38,-4.03,33.3,87.6
Uttar Pradesh,Rampur,Western UP,2003-04,Rabi,Wheat,91744.2,288845.23,3148.4,75.8,0,31.9,1,12756.29,5740.33,1913.44,90.6,85.6,222.47,2.22,23.44,33.49,87.6
Uttar Pradesh,Rampur,Western UP,2004-05,Kharif,Rice,101219.3,238183.31,2353.1,577.3,8,34.1,0,12302.43,5167.02,2214.44,91.0,86.9,194.47,2.38,-25.11,34.1,88.54
Uttar Pradesh,Rampur,Western UP,2004-05,Rabi,Wheat,83463.7,272644.6,3266.6,29.5,0,30.8,0,13221.8,5949.81,1983.27,91.0,86.9,253.46,2.22,-51.96,30.8,88.54
Uttar Pradesh,Rampur,Western UP,2005-06,Kharif,Rice,97055.9,263151.41,2711.3,675.0,2,34.2,0,11295.44,4744.09,2033.18,86.8,86.4,186.21,2.38,-12.43,34.2,86.56
Uttar Pradesh,Rampur,Western UP,2005-06,Rabi,Wheat,100405.4,317596.01,3163.1,64.2,0,30.4,0,16264.2,7318.89,2439.63,86.8,86.4,259.18,2.22,4.55,30.4,86.56
Uttar Pradesh,Rampur,Western UP,2006-07,Kharif,Rice,69761.3,170688.88,2446.8,652.0,5,31.2,0,8616.44,3618.91,1550.96,90.9,88.8,197.62,2.38,-15.42,31.2,89.64
Uttar Pradesh,Rampur,Western UP,2006-07,Rabi,Wheat,112920.8,383809.9,3398.9,79.0,0,30.2,0,18152.39,8168.57,2722.86,90.9,88.8,257.21,2.22,28.65,30.2,89.64
Uttar Pradesh,Rampur,Western UP,2007-08,Kharif,Rice,76197.1,201154.76,2639.9,832.1,3,32.8,0,9111.43,3826.8,1640.06,88.5,88.4,191.32,2.38,7.95,32.8,88.44
Uttar Pradesh,Rampur,Western UP,2007-08,Rabi,Wheat,107912.5,360213.81,3338.0,35.1,0,34.1,1,17427.46,7842.36,2614.12,88.5,88.4,258.39,2.22,-42.84,35.8,88.44
Uttar Pradesh,Rampur,Western UP,2008-09,Kharif,Rice,79889.1,189918.78,2377.3,1115.4,9,33.7,0,9552.63,4012.1,1719.47,86.1,85.8,191.32,2.38,44.7,33.7,85.92
Uttar Pradesh,Rampur,Western UP,2008-09,Rabi,Wheat,102478.9,313011.84,3054.4,73.1,0,31.6,3,16583.0,7462.35,2487.45,86.1,85.8,258.91,2.22,19.04,36.34,85.92
Uttar Pradesh,Rampur,Western UP,2009-10,Kharif,Rice,65053.5,145326.06,2233.9,373.5,6,32.7,0,7943.96,3336.46,1429.91,89.5,83.5,195.38,2.38,-51.55,32.7,85.9
Uttar Pradesh,Rampur,Western UP,2009-10,Rabi,Wheat,88705.2,214932.42,2423.0,16.3,0,34.6,9,15635.13,7035.81,2345.27,89.5,83.5,282.02,2.22,-73.46,50.17,85.9
Uttar Pradesh,Rampur,Western UP,2010-11,Kharif,Rice,93377.4,276525.49,2961.4,881.7,3,33.5,0,13629.55,5724.41,2453.32,92.2,83.3,233.54,2.38,14.38,33.5,86.86
Uttar Pradesh,Rampur,Western UP,2010-11,Rabi,Wheat,98760.1,311056.68,3149.6,73.6,0,32.8,4,17377.3,7819.79,2606.6,92.2,83.3,281.53,2.22,19.86,39.36,86.86
Uttar Pradesh,Rampur,Western UP,2011-12,Kharif,Rice,75079.0,232026.54,3090.4,834.3,4,33.8,0,9148.96,3842.56,1646.81,95.8,86.1,194.97,2.38,8.23,33.8,89.98
Uttar Pradesh,Rampur,Western UP,2011-12,Rabi,Wheat,79708.3,303399.03,3806.4,47.6,0,30.4,0,13842.05,6228.92,2076.31,95.8,86.1,277.85,2.22,-22.48,30.4,89.98
Uttar Pradesh,Rampur,Western UP,2012-13,Kharif,Rice,68154.3,198262.93,2909.0,826.2,7,33.9,0,10122.3,4251.36,1822.01,98.0,87.4,237.63,2.38,7.18,33.9,91.64
Uttar Pradesh,Rampur,Western UP,2012-13,Rabi,Wheat,100636.7,374147.89,3717.8,69.4,0,31.9,1,18405.35,8282.41,2760.8,98.0,87.4,292.62,2.22,13.02,33.49,91.64
Uttar Pradesh,Rampur,Western UP,2013-14,Kharif,Rice,95760.3,260134.29,2716.5,895.7,7,32.8,0,12842.76,5393.96,2311.7,98.0,84.8,214.58,2.38,16.2,32.8,90.08
Uttar Pradesh,Rampur,Western UP,2013-14,Rabi,Wheat,79516.4,314802.78,3959.0,90.1,0,30.5,0,15209.66,6844.35,2281.45,98.0,84.8,306.04,2.22,46.72,30.5,90.08
Uttar Pradesh,Rampur,Western UP,2014-15,Kharif,Rice,80693.9,230648.93,2858.3,661.1,4,32.5,0,10287.22,4320.63,1851.7,92.4,87.9,203.98,2.38,-14.23,32.5,89.7
Uttar Pradesh,Rampur,Western UP,2014-15,Rabi,Wheat,95864.2,322784.85,3367.1,91.2,0,33.0,3,17246.75,7761.04,2587.01,92.4,87.9,287.85,2.22,48.52,37.95,89.7
Uttar Pradesh,Rampur,Western UP,2015-16,Kharif,Rice,73005.5,175312.55,2401.4,354.7,2,33.8,0,9425.95,3958.9,1696.67,98.0,85.1,206.58,2.38,-53.98,33.8,90.26
Uttar Pradesh,Rampur,Western UP,2015-16,Rabi,Wheat,92986.8,294533.05,3167.5,51.2,0,32.4,6,17962.61,8083.18,2694.39,98.0,85.1,309.08,2.22,-16.62,42.12,90.26
Uttar Pradesh,Rampur,Western UP,2016-17,Kharif,Rice,74326.4,235664.74,3170.7,731.6,1,33.7,0,10153.56,4264.49,1827.64,93.4,84.2,218.57,2.38,-5.09,33.7,87.88
Uttar Pradesh,Rampur,Western UP,2016-17,Rabi,Wheat,101027.5,403448.98,3993.5,69.8,0,29.4,0,19965.36,8984.41,2994.8,93.4,84.2,316.2,2.22,13.67,29.4,87.88
Uttar Pradesh,Rampur,Western UP,2017-18,Kharif,Rice,89625.3,287597.92,3208.9,1074.0,2,33.6,0,12183.04,5116.88,2192.95,97.3,88.3,217.49,2.38,39.33,33.6,91.9
Uttar Pradesh,Rampur,Western UP,2017-18,Rabi,Wheat,66590.7,228964.42,3438.4,85.0,0,33.3,5,12912.31,5810.54,1936.85,97.3,88.3,310.25,2.22,38.42,41.62,91.9
Uttar Pradesh,Rampur,Western UP,2018-19,Kharif,Rice,103675.5,336691.14,3247.5,832.0,4,34.7,0,14743.1,6192.1,2653.76,98.0,87.6,227.53,2.38,7.94,34.7,91.76
Uttar Pradesh,Rampur,Western UP,2018-19,Rabi,Wheat,100696.2,418263.46,4153.7,73.0,0,30.6,0,18623.11,8380.4,2793.47,98.0,87.6,295.91,2.22,18.88,30.6,91.76
Uttar Pradesh,Sambhal,Western UP,2011-12,Kharif,Rice,79256.2,227325.09,2868.2,646.2,7,32.7,0,10853.65,4558.53,1953.66,98.0,89.2,219.11,2.38,-15.07,32.7,92.72
Uttar Pradesh,Sambhal,Western UP,2011-12,Rabi,Wheat,91622.9,349085.22,3810.0,92.4,0,32.6,1,15547.01,6996.15,2332.05,98.0,89.2,271.5,2.22,41.61,34.23,92.72
Uttar Pradesh,Sambhal,Western UP,2012-13,Kharif,Rice,108546.0,344663.68,3175.3,896.3,4,32.0,0,15082.18,6334.52,2714.79,95.9,86.7,222.32,2.38,17.8,32.0,90.38
Uttar Pradesh,Sambhal,Western UP,2012-13,Rabi,Wheat,115518.9,460532.76,3986.6,90.4,0,31.1,1,17796.1,8008.24,2669.41,95.9,86.7,246.49,2.22,38.55,32.66,90.38
Uttar Pradesh,Sambhal,Western UP,2013-14,Kharif,Rice,81267.5,257338.05,3166.6,1010.3,7,32.4,0,11652.49,4894.04,2097.45,96.1,87.0,229.41,2.38,32.79,32.4,90.64
Uttar Pradesh,Sambhal,Western UP,2013-14,Rabi,Wheat,103526.9,429552.84,4149.2,101.0,0,30.2,0,16761.5,7542.68,2514.23,96.1,87.0,259.05,2.22,54.79,30.2,90.64
Uttar Pradesh,Sambhal,Western UP,2014-15,Kharif,Rice,76397.3,253677.45,3320.5,888.0,3,32.7,0,10079.83,4233.53,1814.37,95.7,90.1,211.1,2.38,16.71,32.7,92.34
Uttar Pradesh,Sambhal,Western UP,2014-15,Rabi,Wheat,105698.2,395828.49,3744.9,63.7,0,32.3,2,19733.86,8880.24,2960.08,95.7,90.1,298.72,2.22,-2.37,35.53,92.34
Uttar Pradesh,Sambhal,Western UP,2015-16,Kharif,Rice,108509.6,319803.67,2947.2,538.6,3,33.7,0,14976.5,6290.13,2695.77,96.2,85.8,220.83,2.38,-29.21,33.7,89.96
Uttar Pradesh,Sambhal,Western UP,2015-16,Rabi,Wheat,87869.8,366253.25,4168.1,31.6,0,30.4,0,16369.42,7366.24,2455.41,96.2,85.8,298.07,2.22,-51.57,30.4,89.96
Uttar Pradesh,Sambhal,Western UP,2016-17,Kharif,Rice,100420.1,340969.75,3395.4,855.0,2,34.9,0,12814.47,5382.08,2306.61,91.7,87.8,204.17,2.38,12.37,34.9,89.36
Uttar Pradesh,Sambhal,Western UP,2016-17,Rabi,Wheat,97113.9,371396.18,3824.3,52.1,0,32.6,3,16682.47,7507.11,2502.37,91.7,87.8,274.85,2.22,-20.15,37.49,89.36
Uttar Pradesh,Sambhal,Western UP,2017-18,Kharif,Rice,60057.6,189012.29,3147.2,1074.5,6,33.4,0,7610.24,3196.3,1369.84,96.3,86.4,202.75,2.38,41.22,33.4,90.36
Uttar Pradesh,Sambhal,Western UP,2017-18,Rabi,Wheat,83445.0,320643.66,3842.6,106.1,0,32.1,3,15692.84,7061.78,2353.93,96.3,86.4,300.9,2.22,62.61,36.91,90.36
Uttar Pradesh,Sambhal,Western UP,2018-19,Kharif,Rice,97670.9,350482.21,3588.4,894.2,2,32.5,0,12440.65,5225.07,2239.32,98.0,90.0,203.8,2.38,17.53,32.5,93.2
Uttar Pradesh,Sambhal,Western UP,2018-19,Rabi,Wheat,107057.1,394078.68,3681.0,68.7,0,33.4,5,18343.19,8254.43,2751.48,98.0,90.0,274.14,2.22,5.29,41.75,93.2
Uttar Pradesh,Bareilly,Western UP,1997-98,Kharif,Rice,68015.2,174174.65,2560.8,675.4,2,34.1,0,7183.15,3016.92,1292.97,92.4,83.1,168.98,2.38,-9.4,34.1,86.82
Uttar Pradesh,Bareilly,Western UP,1997-98,Rabi,Wheat,88252.8,285647.39,3236.7,86.2,0,27.9,0,13777.64,6199.94,2066.65,92.4,83.1,249.79,2.22,28.08,27.9,86.82
Uttar Pradesh,Bareilly,Western UP,1998-99,Kharif,Rice,105264.1,276091.29,2622.8,779.3,2,33.4,0,12486.13,5244.18,2247.5,88.9,85.0,189.79,2.38,4.54,33.4,86.56
Uttar Pradesh,Bareilly,Western UP,1998-99,Rabi,Wheat,89662.7,294288.55,3282.2,53.3,0,31.2,0,14170.48,6376.72,2125.57,88.9,85.0,252.87,2.22,-20.81,31.2,86.56
Uttar Pradesh,Bareilly,Western UP,1999-00,Kharif,Rice,78413.2,207689.66,2648.7,889.0,4,33.4,0,9049.49,3800.79,1628.91,89.2,84.7,184.65,2.38,19.25,33.4,86.5
Uttar Pradesh,Bareilly,Western UP,1999-00,Rabi,Wheat,58174.3,159424.61,2740.5,89.7,0,32.5,3,8490.23,3820.61,1273.54,89.2,84.7,233.51,2.22,33.28,37.38,86.5
Uttar Pradesh,Bareilly,Western UP,2000-01,Kharif,Rice,101923.4,298831.04,2931.9,689.3,1,33.0,0,11395.45,4786.09,2051.18,93.0,83.5,178.89,2.38,-7.54,33.0,87.3
Uttar Pradesh,Bareilly,Western UP,2000-01,Rabi,Wheat,110997.7,357616.59,3221.8,91.9,0,31.9,2,17800.72,8010.33,2670.11,93.0,83.5,256.59,2.22,36.55,35.09,87.3
Uttar Pradesh,Bareilly,Western UP,2001-02,Kharif,Rice,69875.8,195777.7,2801.8,706.4,0,33.5,0,7293.23,3063.16,1312.78,90.8,83.7,167.0,2.38,-5.24,33.5,86.54
Uttar Pradesh,Bareilly,Western UP,2001-02,Rabi,Wheat,92064.5,296747.22,3223.3,89.7,0,32.5,1,14261.04,6417.47,2139.16,90.8,83.7,247.84,2.22,33.28,34.12,86.54
Uttar Pradesh,Bareilly,Western UP,2002-03,Kharif,Rice,65478.8,141424.83,2159.9,258.6,2,33.8,0,8055.55,3383.33,1450.0,87.3,83.5,196.84,2.38,-65.31,33.8,85.02
Uttar Pradesh,Bareilly,Western UP,2002-03,Rabi,Wheat,125306.1,400831.1,3198.8,34.4,0,30.6,0,21538.21,9692.2,3230.73,87.3,83.5,275.02,2.22,-48.89,30.6,85.02
Uttar Pradesh,Bareilly,Western UP,2003-04,Kharif,Rice,82401.7,224954.1,2730.0,653.4,5,32.9,0,9366.13,3933.78,1685.9,93.9,83.2,181.86,2.38,-12.35,32.9,87.48
Uttar Pradesh,Bareilly,Western UP,2003-04,Rabi,Wheat,88873.6,316291.33,3558.9,38.8,0,31.5,0,13696.34,6163.35,2054.45,93.9,83.2,246.58,2.22,-42.35,31.5,87.48
Uttar Pradesh,Bareilly,Western UP,2004-05,Kharif,Rice,78994.0,199130.68,2520.8,542.2,3,33.3,0,9297.07,3904.77,1673.47,92.4,83.7,188.31,2.38,-27.27,33.3,87.18
Uttar Pradesh,Bareilly,Western UP,2004-05,Rabi,Wheat,81842.5,258660.28,3160.5,49.9,0,31.9,2,11857.51,5335.88,1778.63,92.4,83.7,231.81,2.22,-25.86,35.09,87.18
Uttar Pradesh,Bareilly,Western UP,2005-06,Kharif,Rice,66366.8,188626.84,2842.2,633.5,4,34.5,0,9059.16,3804.85,1630.65,90.9,84.2,218.4,2.38,-15.02,34.5,86.88
Uttar Pradesh,Bareilly,Western UP,2005-06,Rabi,Wheat,92680.7,311212.82,3357.9,48.4,0,32.7,2,14877.23,6694.75,2231.58,90.9,84.2,256.83,2.22,-28.09,35.97,86.88
Uttar Pradesh,Bareilly,Western UP,2006-07,Kharif,Rice,85255.5,245529.26,2879.9,911.2,1,32.4,0,10990.36,4615.95,1978.27,88.2,82.2,206.26,2.38,22.23,32.4,84.6
Uttar Pradesh,Bareilly,Western UP,2006-07,Rabi,Wheat,103948.9,351638.25,3382.8,75.7,0,31.8,2,15479.51,6965.78,2321.93,88.2,82.2,238.26,2.22,12.48,34.98,84.6
Uttar Pradesh,Bareilly,Western UP,2007-08,Kharif,Rice,112934.9,338106.26,2993.8,839.9,2,32.7,0,13483.17,5662.93,2426.97,90.5,85.6,191.02,2.38,12.66,32.7,87.56
Uttar Pradesh,Bareilly,Western UP,2007-08,Rabi,Wheat,87905.2,262430.09,2985.4,40.8,0,33.2,5,14201.61,6390.72,2130.24,90.5,85.6,258.49,2.22,-39.38,41.5,87.56
Uttar Pradesh,Bareilly,Western UP,2008-09,Kharif,Rice,75978.1,227310.86,2991.8,1036.7,5,35.2,0,8798.35,3695.3,1583.7,91.9,86.1,185.28,2.38,39.06,35.2,88.42
Uttar Pradesh,Bareilly,Western UP,2008-09,Rabi,Wheat,102080.2,286347.76,2805.1,95.9,0,33.5,8,17366.46,7814.91,2604.97,91.9,86.1,272.2,2.22,42.49,46.9,88.42
Uttar Pradesh,Bareilly,Western UP,2009-10,Kharif,Rice,96164.6,269842.77,2806.1,520.6,3,32.0,0,12452.22,5229.93,2241.4,98.0,82.9,207.18,2.38,-30.17,32.0,88.94
Uttar Pradesh,Bareilly,Western UP,2009-10,Rabi,Wheat,118219.7,435707.28,3685.6,56.9,0,30.9,0,20241.04,9108.47,3036.16,98.0,82.9,273.94,2.22,-15.46,30.9,88.94
Uttar Pradesh,Bareilly,Western UP,2010-11,Kharif,Rice,113549.3,361811.62,3186.4,823.9,2,33.2,0,15894.95,6675.88,2861.09,97.9,88.1,223.97,2.38,10.52,33.2,92.02
Uttar Pradesh,Bareilly,Western UP,2010-11,Rabi,Wheat,112108.9,389155.74,3471.2,65.8,0,33.5,3,19495.11,8772.8,2924.27,97.9,88.1,278.23,2.22,-2.23,38.52,92.02
Uttar Pradesh,Bareilly,Western UP,2011-12,Kharif,Rice,69558.7,181640.88,2611.3,653.7,8,32.3,0,8580.7,3603.9,1544.53,95.5,84.8,197.37,2.38,-12.31,32.3,89.08
Uttar Pradesh,Bareilly,Western UP,2011-12,Rabi,Wheat,99313.4,312820.54,3149.8,17.4,0,32.3,5,15966.8,7185.06,2395.02,95.5,84.8,257.23,2.22,-74.15,40.38,89.08
Uttar Pradesh,Bareilly,Western UP,2012-13,Kharif,Rice,66719.9,195057.16,2923.5,678.3,4,31.3,0,9419.86,3956.34,1695.57,93.1,84.4,225.9,2.38,-9.01,31.3,87.88
Uttar Pradesh,Bareilly,Western UP,2012-13,Rabi,Wheat,71493.1,244949.89,3426.2,93.8,0,34.2,3,11000.96,4950.43,1650.14,93.1,84.4,246.2,2.22,39.37,39.33,87.88
Uttar Pradesh,Bareilly,Western UP,2013-14,Kharif,Rice,76411.0,247940.51,3244.8,805.7,4,33.1,0,10075.8,4231.84,1813.64,98.0,87.3,210.98,2.38,8.08,33.1,91.58
Uttar Pradesh,Bareilly,Western UP,2013-14,Rabi,Wheat,98619.6,351076.03,3559.9,57.1,0,33.3,4,17307.78,7788.5,2596.17,98.0,87.3,280.8,2.22,-15.16,39.96,91.58
Uttar Pradesh,Bareilly,Western UP,2014-15,Kharif,Rice,86598.0,265751.0,3068.8,774.9,5,31.5,0,12261.6,5149.87,2207.09,95.5,87.3,226.55,2.38,3.95,31.5,90.58
Uttar Pradesh,Bareilly,Western UP,2014-15,Rabi,Wheat,97889.3,386540.63,3948.8,54.9,0,30.8,0,17402.59,7831.17,2610.39,95.5,87.3,284.45,2.22,-18.43,30.8,90.58
Uttar Pradesh,Bareilly,Western UP,2015-16,Kharif,Rice,108888.5,330314.5,3033.5,698.8,4,32.7,0,14214.77,5970.2,2558.66,97.3,86.8,208.87,2.38,-6.26,32.7,91.0
Uttar Pradesh,Bareilly,Western UP,2015-16,Rabi,Wheat,88172.5,359891.93,4081.7,67.2,0,33.0,1,16102.38,7246.07,2415.36,97.3,86.8,292.2,2.22,-0.15,34.65,91.0
Uttar Pradesh,Bareilly,Western UP,2016-17,Kharif,Rice,44959.0,134279.55,2986.7,797.6,8,32.5,0,6546.98,2749.73,1178.46,98.0,89.0,232.99,2.38,6.99,32.5,92.6
Uttar Pradesh,Bareilly,Western UP,2016-17,Rabi,Wheat,90975.2,304698.47,3349.2,67.3,0,33.2,6,14668.66,6600.9,2200.3,98.0,89.0,257.98,2.22,-0.01,43.16,92.6
Uttar Pradesh,Bareilly,Western UP,2017-18,Kharif,Rice,81578.8,252799.49,3098.8,885.5,6,31.7,0,12364.79,5193.21,2225.66,94.9,89.4,242.51,2.38,18.78,31.7,91.6
Uttar Pradesh,Bareilly,Western UP,2017-18,Rabi,Wheat,100117.4,404566.71,4040.9,59.6,0,30.9,0,19837.5,8926.88,2975.63,94.9,89.4,317.03,2.22,-11.45,30.9,91.6
Uttar Pradesh,Bareilly,Western UP,2018-19,Kharif,Rice,83948.1,295048.94,3514.7,884.0,2,31.6,0,12403.59,5209.51,2232.65,98.0,87.7,236.4,2.38,18.58,31.6,91.82
Uttar Pradesh,Bareilly,Western UP,2018-19,Rabi,Wheat,112707.2,494877.9,4390.8,82.1,0,29.1,0,22501.37,10125.62,3375.21,98.0,87.7,319.43,2.22,21.98,29.1,91.82
Uttar Pradesh,Badaun,Western UP,1997-98,Kharif,Rice,75975.2,209066.96,2751.8,821.6,5,33.2,0,9571.05,4019.84,1722.79,90.3,82.3,201.56,2.38,3.56,33.2,85.5
Uttar Pradesh,Badaun,Western UP,1997-98,Rabi,Wheat,102879.6,329375.04,3201.6,67.6,0,30.4,0,15608.7,7023.92,2341.31,90.3,82.3,242.75,2.22,11.64,30.4,85.5
Uttar Pradesh,Badaun,Western UP,1998-99,Kharif,Rice,77565.6,194931.44,2513.1,909.6,5,33.0,0,8908.92,3741.75,1603.61,90.5,84.3,183.77,2.38,14.65,33.0,86.78
Uttar Pradesh,Badaun,Western UP,1998-99,Rabi,Wheat,84669.3,277861.96,3281.7,42.5,0,28.4,0,13809.32,6214.19,2071.4,90.5,84.3,260.96,2.22,-29.81,28.4,86.78
Uttar Pradesh,Badaun,Western UP,1999-00,Kharif,Rice,100232.0,275826.9,2751.9,825.6,4,34.1,0,10658.5,4476.57,1918.53,90.3,82.8,170.14,2.38,4.06,34.1,85.8
Uttar Pradesh,Badaun,Western UP,1999-00,Rabi,Wheat,111298.3,366167.51,3290.0,58.1,0,29.4,0,17541.63,7893.73,2631.24,90.3,82.8,252.17,2.22,-4.05,29.4,85.8
Uttar Pradesh,Badaun,Western UP,2000-01,Kharif,Rice,92146.8,250791.83,2721.7,925.8,3,32.2,0,11510.45,4834.39,2071.88,85.4,80.2,199.86,2.38,16.69,32.2,82.28
Uttar Pradesh,Badaun,Western UP,2000-01,Rabi,Wheat,118900.8,386704.35,3252.3,82.2,0,30.9,0,17591.28,7916.08,2638.69,85.4,80.2,236.72,2.22,35.75,30.9,82.28
Uttar Pradesh,Badaun,Western UP,2001-02,Kharif,Rice,100193.3,289619.49,2890.6,822.4,3,32.5,0,11778.5,4946.97,2120.13,84.6,80.8,188.09,2.38,3.66,32.5,82.32
Uttar Pradesh,Badaun,Western UP,2001-02,Rabi,Wheat,110212.1,348750.52,3164.4,48.2,0,31.3,0,15881.14,7146.51,2382.17,84.6,80.8,230.55,2.22,-20.4,31.3,82.32
Uttar Pradesh,Badaun,Western UP,2002-03,Kharif,Rice,120106.5,297071.09,2473.4,434.1,2,34.6,0,15323.29,6435.78,2758.19,88.7,84.3,204.13,2.38,-45.28,34.6,86.06
Uttar Pradesh,Badaun,Western UP,2002-03,Rabi,Wheat,100248.7,350160.8,3492.9,13.3,0,31.0,0,15904.5,7157.02,2385.67,88.7,84.3,253.84,2.22,-78.04,31.0,86.06
Uttar Pradesh,Badaun,Western UP,2003-04,Kharif,Rice,83416.4,232007.24,2781.3,693.9,4,33.5,0,10172.56,4272.47,1831.06,88.7,86.5,195.12,2.38,-12.54,33.5,87.38
Uttar Pradesh,Badaun,Western UP,2003-04,Rabi,Wheat,106442.4,333166.55,3130.0,57.6,0,32.2,4,16418.58,7388.36,2462.79,88.7,86.5,246.8,2.22,-4.87,38.64,87.38
Uttar Pradesh,Badaun,Western UP,2004-05,Kharif,Rice,111835.0,294237.62,2631.0,493.4,2,32.8,0,13643.03,5730.07,2455.74,87.7,88.6,195.19,2.38,-37.81,32.8,88.24
Uttar Pradesh,Badaun,Western UP,2004-05,Rabi,Wheat,93513.1,321837.09,3441.6,59.7,0,31.1,1,14267.45,6420.35,2140.12,87.7,88.6,244.11,2.22,-1.41,32.66,88.24
Uttar Pradesh,Badaun,Western UP,2005-06,Kharif,Rice,77846.7,201516.74,2588.6,710.6,8,32.4,0,8892.71,3734.94,1600.69,91.3,83.7,182.77,2.38,-10.43,32.4,86.74
Uttar Pradesh,Badaun,Western UP,2005-06,Rabi,Wheat,106545.3,359168.31,3371.0,66.0,0,31.7,2,18031.07,8113.98,2704.66,91.3,83.7,270.77,2.22,9.0,34.87,86.74
Uttar Pradesh,Badaun,Western UP,2006-07,Kharif,Rice,99199.3,265934.79,2680.8,916.5,8,32.1,0,12242.14,5141.7,2203.59,94.6,81.4,197.46,2.38,15.52,32.1,86.68
Uttar Pradesh,Badaun,Western UP,2006-07,Rabi,Wheat,75443.8,280237.42,3714.5,74.3,0,28.5,0,11362.58,5113.16,1704.39,94.6,81.4,240.98,2.22,22.7,28.5,86.68
Uttar Pradesh,Badaun,Western UP,2007-08,Kharif,Rice,75020.3,215145.81,2867.8,767.4,5,34.1,0,9179.33,3855.32,1652.28,93.6,87.9,195.77,2.38,-3.27,34.1,90.18
Uttar Pradesh,Badaun,Western UP,2007-08,Rabi,Wheat,99520.1,381902.98,3837.4,71.8,0,30.8,0,17033.05,7664.87,2554.96,93.6,87.9,273.84,2.22,18.58,30.8,90.18
Uttar Pradesh,Badaun,Western UP,2008-09,Kharif,Rice,81048.4,234919.69,2898.5,1170.0,5,33.7,0,10672.38,4482.4,1921.03,96.2,87.3,210.69,2.38,47.48,33.7,90.86
Uttar Pradesh,Badaun,Western UP,2008-09,Rabi,Wheat,79779.3,307769.52,3857.8,98.5,0,30.7,0,13404.76,6032.14,2010.71,96.2,87.3,268.84,2.22,62.67,30.7,90.86
Uttar Pradesh,Badaun,Western UP,2009-10,Kharif,Rice,92721.1,271534.6,2928.5,630.3,3,32.6,0,12658.83,5316.71,2278.59,92.5,84.0,218.44,2.38,-20.55,32.6,87.4
Uttar Pradesh,Badaun,Western UP,2009-10,Rabi,Wheat,93299.8,307453.81,3295.3,71.9,0,32.9,2,16176.88,7279.6,2426.53,92.5,84.0,277.42,2.22,18.74,36.19,87.4
Uttar Pradesh,Badaun,Western UP,2010-11,Kharif,Rice,100280.9,353403.11,3524.1,826.9,2,32.3,0,14151.82,5943.77,2547.33,97.0,84.5,225.79,2.38,4.23,32.3,89.5
Uttar Pradesh,Badaun,Western UP,2010-11,Rabi,Wheat,98730.2,405529.63,4107.5,83.0,0,29.9,0,17632.28,7934.53,2644.84,97.0,84.5,285.74,2.22,37.07,29.9,89.5
Uttar Pradesh,Badaun,Western UP,2011-12,Kharif,Rice,75852.0,216968.34,2860.4,715.6,8,33.0,0,8982.29,3772.56,1616.81,97.5,87.5,189.47,2.38,-9.8,33.0,91.5
Uttar Pradesh,Badaun,Western UP,2011-12,Rabi,Wheat,65077.7,258674.11,3974.8,44.5,0,28.9,0,9928.51,4467.83,1489.28,97.5,87.5,244.1,2.22,-26.51,28.9,91.5
Uttar Pradesh,Badaun,Western UP,2012-13,Kharif,Rice,89951.8,264744.91,2943.2,704.7,5,33.0,0,12871.41,5405.99,2316.85,93.3,85.3,228.95,2.38,-11.17,33.0,88.5
Uttar Pradesh,Badaun,Western UP,2012-13,Rabi,Wheat,98179.8,392664.11,3999.4,38.0,0,30.8,0,15297.76,6883.99,2294.66,93.3,85.3,249.3,2.22,-37.24,30.8,88.5
Uttar Pradesh,Badaun,Western UP,2013-14,Kharif,Rice,102362.1,349848.24,3417.8,998.1,2,33.5,0,15121.59,6351.07,2721.89,92.8,82.2,236.36,2.38,25.81,33.5,86.44
Uttar Pradesh,Badaun,Western UP,2013-14,Rabi,Wheat,87177.5,317449.75,3641.4,87.4,0,33.0,2,15912.15,7160.47,2386.82,92.8,82.2,292.04,2.22,44.34,36.3,86.44
Uttar Pradesh,Badaun,Western UP,2014-15,Kharif,Rice,85986.8,269907.82,3138.9,849.1,6,33.4,0,11607.33,4875.08,2089.32,98.0,86.8,215.98,2.38,7.03,33.4,91.28
Uttar Pradesh,Badaun,Western UP,2014-15,Rabi,Wheat,92193.0,401892.36,4359.2,68.2,0,30.8,0,16575.87,7459.14,2486.38,98.0,86.8,287.67,2.22,12.63,30.8,91.28
Uttar Pradesh,Badaun,Western UP,2015-16,Kharif,Rice,96534.6,238821.64,2473.9,445.3,6,32.3,0,12469.11,5237.02,2244.44,98.0,90.3,206.67,2.38,-43.87,32.3,93.38
Uttar Pradesh,Badaun,Western UP,2015-16,Rabi,Wheat,94892.6,385739.16,4065.0,41.0,0,31.6,1,16688.28,7509.72,2503.24,98.0,90.3,281.38,2.22,-32.29,33.18,93.38
Uttar Pradesh,Badaun,Western UP,2016-17,Kharif,Rice,86723.1,252347.0,2909.8,948.1,8,33.5,0,12118.95,5089.96,2181.41,95.7,90.3,223.59,2.38,19.51,33.5,92.46
Uttar Pradesh,Badaun,Western UP,2016-17,Rabi,Wheat,78794.0,335867.23,4262.6,44.3,0,29.8,0,14570.16,6556.57,2185.52,95.7,90.3,295.86,2.22,-26.84,29.8,92.46
Uttar Pradesh,Badaun,Western UP,2017-18,Kharif,Rice,78342.5,238635.7,3046.1,1328.3,6,32.9,0,9345.65,3925.17,1682.22,97.0,88.3,190.87,2.38,67.43,32.9,91.78
Uttar Pradesh,Badaun,Western UP,2017-18,Rabi,Wheat,77387.7,285572.78,3690.2,127.9,0,33.4,4,14599.35,6569.71,2189.9,97.0,88.3,301.84,2.22,111.22,40.08,91.78
Uttar Pradesh,Badaun,Western UP,2018-19,Kharif,Rice,66289.2,218117.13,3290.4,749.8,4,32.2,0,9290.88,3902.17,1672.36,98.0,89.4,224.25,2.38,-5.49,32.2,92.84
Uttar Pradesh,Badaun,Western UP,2018-19,Rabi,Wheat,103812.3,450119.85,4335.9,38.5,0,29.7,0,19765.36,8894.41,2964.8,98.0,89.4,304.63,2.22,-36.42,29.7,92.84
Uttar Pradesh,Pilibhit,Western UP,1997-98,Kharif,Rice,115922.8,315800.76,2724.2,903.5,4,32.5,0,13373.98,5617.07,2407.32,90.5,84.7,184.59,2.38,14.57,32.5,87.02
Uttar Pradesh,Pilibhit,Western UP,1997-98,Rabi,Wheat,103877.4,284077.98,2734.7,70.0,0,35.1,5,15875.0,7143.75,2381.25,90.5,84.7,244.52,2.22,10.44,43.88,87.02
Uttar Pradesh,Pilibhit,Western UP,1998-99,Kharif,Rice,76246.0,201332.0,2640.6,677.2,2,34.5,0,7656.53,3215.74,1378.18,85.2,84.0,160.67,2.38,-14.12,34.5,84.48
Uttar Pradesh,Pilibhit,Western UP,1998-99,Rabi,Wheat,92176.5,190138.49,2062.8,40.3,0,33.6,9,15091.88,6791.35,2263.78,85.2,84.0,261.96,2.22,-36.42,48.72,84.48
Uttar Pradesh,Pilibhit,Western UP,1999-00,Kharif,Rice,90931.8,230529.29,2535.2,953.5,7,34.6,0,10872.87,4566.61,1957.12,88.4,84.9,191.31,2.38,20.91,34.6,86.3
Uttar Pradesh,Pilibhit,Western UP,1999-00,Rabi,Wheat,92323.7,285005.27,3087.0,84.6,0,32.2,3,12565.23,5654.35,1884.78,88.4,84.9,217.76,2.22,33.48,37.03,86.3
Uttar Pradesh,Pilibhit,Western UP,2000-01,Kharif,Rice,86789.2,250002.42,2880.6,878.0,2,32.8,0,9264.32,3891.01,1667.58,88.0,84.9,170.79,2.38,11.34,32.8,86.14
Uttar Pradesh,Pilibhit,Western UP,2000-01,Rabi,Wheat,100728.6,330725.46,3283.3,77.3,0,30.9,0,13761.19,6192.53,2064.18,88.0,84.9,218.59,2.22,21.96,30.9,86.14
Uttar Pradesh,Pilibhit,Western UP,2001-02,Kharif,Rice,87186.9,220278.4,2526.5,705.5,6,33.4,0,10440.61,4385.06,1879.31,87.7,86.2,191.6,2.38,-10.54,33.4,86.8
Uttar Pradesh,Pilibhit,Western UP,2001-02,Rabi,Wheat,94732.1,307402.18,3245.0,55.1,0,31.4,1,14857.66,6685.95,2228.65,87.7,86.2,250.94,2.22,-13.07,32.97,86.8
Uttar Pradesh,Pilibhit,Western UP,2002-03,Kharif,Rice,89078.6,240217.63,2696.7,520.2,3,34.7,0,10074.03,4231.09,1813.32,89.1,80.5,180.95,2.38,-34.03,34.7,83.94
Uttar Pradesh,Pilibhit,Western UP,2002-03,Rabi,Wheat,77322.8,262058.89,3389.2,41.6,0,30.8,0,12777.83,5750.02,1916.67,89.1,80.5,264.4,2.22,-34.37,30.8,83.94
Uttar Pradesh,Pilibhit,Western UP,2003-04,Kharif,Rice,81326.9,227541.8,2797.9,684.4,2,34.4,0,10484.08,4403.31,1887.13,87.3,79.7,206.26,2.38,-13.21,34.4,82.74
Uttar Pradesh,Pilibhit,Western UP,2003-04,Rabi,Wheat,83995.4,273134.55,3251.8,84.3,0,31.1,0,13133.75,5910.19,1970.06,87.3,79.7,250.18,2.22,33.0,31.1,82.74
Uttar Pradesh,Pilibhit,Western UP,2004-05,Kharif,Rice,58897.8,155983.2,2648.4,522.8,2,32.9,0,7300.1,3066.04,1314.02,92.9,83.3,198.31,2.38,-33.7,32.9,87.14
Uttar Pradesh,Pilibhit,Western UP,2004-05,Rabi,Wheat,76262.2,274149.35,3594.8,40.5,0,30.3,0,11905.02,5357.26,1785.75,92.9,83.3,249.77,2.22,-36.1,30.3,87.14
Uttar Pradesh,Pilibhit,Western UP,2005-06,Kharif,Rice,95696.3,252753.26,2641.2,653.0,5,32.9,0,11315.39,4752.47,2036.77,90.6,85.7,189.19,2.38,-17.19,32.9,87.66
Uttar Pradesh,Pilibhit,Western UP,2005-06,Rabi,Wheat,79982.9,242650.49,3033.8,43.6,0,33.6,4,13554.55,6099.55,2033.18,90.6,85.7,271.15,2.22,-31.21,40.32,87.66
Uttar Pradesh,Pilibhit,Western UP,2006-07,Kharif,Rice,97425.5,266094.6,2731.3,931.7,10,33.1,0,13463.69,5654.75,2423.46,94.8,85.0,221.11,2.38,18.15,33.1,88.92
Uttar Pradesh,Pilibhit,Western UP,2006-07,Rabi,Wheat,89279.5,330906.29,3706.4,66.1,0,30.8,0,15688.55,7059.85,2353.28,94.8,85.0,281.16,2.22,4.29,30.8,88.92
Uttar Pradesh,Pilibhit,Western UP,2007-08,Kharif,Rice,96989.3,291047.13,3000.8,912.4,5,32.0,0,11491.87,4826.59,2068.54,94.2,86.2,189.58,2.38,15.7,32.0,89.4
Uttar Pradesh,Pilibhit,Western UP,2007-08,Rabi,Wheat,84857.3,315555.39,3718.7,43.3,0,28.1,0,15221.27,6849.57,2283.19,94.2,86.2,287.0,2.22,-31.68,28.1,89.4
Uttar Pradesh,Pilibhit,Western UP,2008-09,Kharif,Rice,86749.6,255971.37,2950.7,986.1,6,32.7,0,10877.67,4568.62,1957.98,89.0,86.4,200.63,2.38,25.05,32.7,87.44
Uttar Pradesh,Pilibhit,Western UP,2008-09,Rabi,Wheat,106447.8,394846.53,3709.3,98.8,0,29.6,0,16126.0,7256.7,2418.9,89.0,86.4,242.39,2.22,55.88,29.6,87.44
Uttar Pradesh,Pilibhit,Western UP,2009-10,Kharif,Rice,78953.3,200329.11,2537.3,430.8,2,32.9,0,9446.23,3967.42,1700.32,97.7,86.7,191.43,2.38,-45.37,32.9,91.1
Uttar Pradesh,Pilibhit,Western UP,2009-10,Rabi,Wheat,89433.4,333473.4,3728.7,15.9,0,32.6,2,14615.38,6576.92,2192.31,97.7,86.7,261.48,2.22,-74.91,35.86,91.1
Uttar Pradesh,Pilibhit,Western UP,2010-11,Kharif,Rice,103723.7,322749.87,3111.6,746.6,2,33.4,0,13841.24,5813.32,2491.42,94.8,84.6,213.51,2.38,-5.32,33.4,88.68
Uttar Pradesh,Pilibhit,Western UP,2010-11,Rabi,Wheat,71895.2,225799.22,3140.7,66.9,0,31.8,5,12737.96,5732.08,1910.69,94.8,84.6,283.48,2.22,5.55,39.75,88.68
Uttar Pradesh,Pilibhit,Western UP,2011-12,Kharif,Rice,57431.8,148187.52,2580.2,713.1,9,32.5,0,7482.34,3142.58,1346.82,98.0,87.3,208.45,2.38,-9.57,32.5,91.58
Uttar Pradesh,Pilibhit,Western UP,2011-12,Rabi,Wheat,103738.1,361896.51,3488.6,59.8,0,31.9,3,18869.66,8491.35,2830.45,98.0,87.3,291.04,2.22,-5.65,36.68,91.58
Uttar Pradesh,Pilibhit,Western UP,2012-13,Kharif,Rice,100845.2,321075.01,3183.8,912.5,2,32.9,0,13572.05,5700.26,2442.97,98.0,82.8,215.33,2.38,15.71,32.9,88.88
Uttar Pradesh,Pilibhit,Western UP,2012-13,Rabi,Wheat,106105.5,415793.64,3918.7,56.0,0,30.2,0,18317.18,8242.73,2747.58,98.0,82.8,276.21,2.22,-11.65,30.2,88.88
Uttar Pradesh,Pilibhit,Western UP,2013-14,Kharif,Rice,84067.2,252462.17,3003.1,1183.7,6,34.1,0,11402.12,4788.89,2052.38,96.8,86.6,217.01,2.38,50.1,34.1,90.68
Uttar Pradesh,Pilibhit,Western UP,2013-14,Rabi,Wheat,85767.6,307479.58,3585.0,73.4,0,31.4,4,13834.3,6225.43,2075.14,96.8,86.6,258.08,2.22,15.81,37.68,90.68
Uttar Pradesh,Pilibhit,Western UP,2014-15,Kharif,Rice,107727.2,342871.37,3182.8,782.7,5,32.6,0,14476.54,6080.15,2605.78,98.0,88.3,215.01,2.38,-0.75,32.6,92.18
Uttar Pradesh,Pilibhit,Western UP,2014-15,Rabi,Wheat,99488.7,423213.24,4253.9,62.2,0,29.1,0,18112.71,8150.72,2716.91,98.0,88.3,291.29,2.22,-1.86,29.1,92.18
Uttar Pradesh,Pilibhit,Western UP,2015-16,Kharif,Rice,101078.1,285477.16,2824.3,419.2,2,34.0,0,13787.33,5790.68,2481.72,93.1,89.3,218.24,2.38,-46.84,34.0,90.82
Uttar Pradesh,Pilibhit,Western UP,2015-16,Rabi,Wheat,97757.8,346762.12,3547.2,46.5,0,32.2,3,16526.33,7436.85,2478.95,93.1,89.3,270.49,2.22,-26.63,37.03,90.82
Uttar Pradesh,Pilibhit,Western UP,2016-17,Kharif,Rice,79944.0,262462.42,3283.1,759.4,4,34.2,0,10848.11,4556.21,1952.66,98.0,88.1,217.11,2.38,-3.7,34.2,92.06
Uttar Pradesh,Pilibhit,Western UP,2016-17,Rabi,Wheat,98372.4,399327.12,4059.3,99.6,0,31.9,1,19258.58,8666.36,2888.79,98.0,88.1,313.24,2.22,57.14,33.49,92.06
Uttar Pradesh,Pilibhit,Western UP,2017-18,Kharif,Rice,113387.0,365673.79,3225.0,1212.6,7,32.2,0,16782.02,7048.45,3020.76,93.6,92.3,236.81,2.38,53.77,32.2,92.82
Uttar Pradesh,Pilibhit,Western UP,2017-18,Rabi,Wheat,69567.0,272775.86,3921.1,75.0,0,30.6,0,13129.71,5908.37,1969.46,93.6,92.3,301.98,2.22,18.33,30.6,92.82
Uttar Pradesh,Pilibhit,Western UP,2018-19,Kharif,Rice,89840.6,260773.24,2902.6,907.4,10,32.4,0,13015.53,5466.52,2342.8,94.2,86.5,231.8,2.38,15.07,32.4,89.58
Uttar Pradesh,Pilibhit,Western UP,2018-19,Rabi,Wheat,80915.8,335952.06,4151.9,72.1,0,30.6,0,13800.45,6210.2,2070.07,94.2,86.5,272.89,2.22,13.76,30.6,89.58
Uttar Pradesh,Shahjahanpur,Western UP,1997-98,Kharif,Rice,96940.8,240170.05,2477.5,660.3,3,33.7,0,10473.66,4398.94,1885.26,92.9,80.4,172.87,2.38,-14.46,33.7,85.4
Uttar Pradesh,Shahjahanpur,Western UP,1997-98,Rabi,Wheat,76405.6,223887.8,2930.3,94.1,0,33.8,2,11137.39,5011.82,1670.61,92.9,80.4,233.23,2.22,48.26,37.18,85.4
Uttar Pradesh,Shahjahanpur,Western UP,1998-99,Kharif,Rice,103608.8,245500.18,2369.5,678.2,7,33.0,0,11652.02,4893.85,2097.36,85.5,83.2,179.94,2.38,-12.14,33.0,84.12
Uttar Pradesh,Shahjahanpur,Western UP,1998-99,Rabi,Wheat,94897.3,279125.54,2941.3,62.3,0,31.3,1,15245.95,6860.68,2286.89,85.5,83.2,257.05,2.22,-1.84,32.87,84.12
Uttar Pradesh,Shahjahanpur,Western UP,1999-00,Kharif,Rice,94973.0,268242.01,2824.4,902.9,3,32.7,0,10552.6,4432.09,1899.47,93.8,85.2,177.78,2.38,16.97,32.7,88.64
Uttar Pradesh,Shahjahanpur,Western UP,1999-00,Rabi,Wheat,80456.8,252163.61,3134.1,66.9,0,30.5,0,12705.11,5717.3,1905.77,93.8,85.2,252.66,2.22,5.4,30.5,88.64
Uttar Pradesh,Shahjahanpur,Western UP,2000-01,Kharif,Rice,68732.0,157401.79,2290.1,976.6,13,32.6,0,7389.75,3103.69,1330.15,88.6,85.0,172.02,2.38,26.52,32.6,86.44
Uttar Pradesh,Shahjahanpur,Western UP,2000-01,Rabi,Wheat,104863.6,308070.15,2937.8,93.3,0,29.8,0,15620.3,7029.13,2343.04,88.6,85.0,238.33,2.22,47.0,29.8,86.44
Uttar Pradesh,Shahjahanpur,Western UP,2001-02,Kharif,Rice,115537.3,284293.72,2460.6,856.4,8,32.7,0,13269.89,5573.36,2388.58,89.5,82.6,183.77,2.38,10.95,32.7,85.36
Uttar Pradesh,Shahjahanpur,Western UP,2001-02,Rabi,Wheat,114260.6,274839.48,2405.4,50.6,0,34.3,7,18340.23,8253.1,2751.03,89.5,82.6,256.82,2.22,-20.28,46.3,85.36
Uttar Pradesh,Shahjahanpur,Western UP,2002-03,Kharif,Rice,43746.8,103160.04,2358.1,555.9,4,32.2,0,5666.19,2379.8,1019.91,82.7,86.3,207.24,2.38,-27.98,32.2,84.86
Uttar Pradesh,Shahjahanpur,Western UP,2002-03,Rabi,Wheat,75076.2,208828.43,2781.6,33.5,0,32.6,3,11139.94,5012.97,1670.99,82.7,86.3,237.41,2.22,-47.22,37.49,84.86
Uttar Pradesh,Shahjahanpur,Western UP,2003-04,Kharif,Rice,83214.9,218885.94,2630.4,895.0,5,33.5,0,10266.88,4312.09,1848.04,89.4,83.6,197.4,2.38,15.95,33.5,85.92
Uttar Pradesh,Shahjahanpur,Western UP,2003-04,Rabi,Wheat,69143.5,213730.25,3091.1,73.7,0,32.4,2,10263.45,4618.55,1539.52,89.4,83.6,237.5,2.22,16.12,35.64,85.92
Uttar Pradesh,Shahjahanpur,Western UP,2004-05,Kharif,Rice,70348.5,183894.79,2614.1,500.4,1,32.5,0,8595.07,3609.93,1547.11,94.3,87.2,195.49,2.38,-35.17,32.5,90.04
Uttar Pradesh,Shahjahanpur,Western UP,2004-05,Rabi,Wheat,82637.2,284868.37,3447.2,54.8,0,29.3,0,13999.75,6299.89,2099.96,94.3,87.2,271.06,2.22,-13.66,29.3,90.04
Uttar Pradesh,Shahjahanpur,Western UP,2005-06,Kharif,Rice,87778.2,226025.64,2575.0,865.1,5,33.9,0,11941.45,5015.41,2149.46,94.7,82.8,217.67,2.38,12.07,33.9,87.56
Uttar Pradesh,Shahjahanpur,Western UP,2005-06,Rabi,Wheat,78699.7,251312.03,3193.3,60.0,0,33.2,2,11599.76,5219.89,1739.96,94.7,82.8,235.83,2.22,-5.47,36.52,87.56
Uttar Pradesh,Shahjahanpur,Western UP,2006-07,Kharif,Rice,84958.1,229547.32,2701.9,698.6,5,32.5,0,9676.64,4064.19,1741.8,96.0,85.0,182.24,2.38,-9.5,32.5,89.4
Uttar Pradesh,Shahjahanpur,Western UP,2006-07,Rabi,Wheat,62826.0,209218.69,3330.1,44.5,0,28.2,0,10102.32,4546.04,1515.35,96.0,85.0,257.28,2.22,-29.89,28.2,89.4
Uttar Pradesh,Shahjahanpur,Western UP,2007-08,Kharif,Rice,70457.8,180499.69,2561.8,732.6,7,33.7,0,8620.55,3620.63,1551.7,97.9,84.5,195.76,2.38,-5.09,33.7,89.86
Uttar Pradesh,Shahjahanpur,Western UP,2007-08,Rabi,Wheat,105651.4,369527.49,3497.6,53.4,0,32.0,1,17859.64,8036.84,2678.95,97.9,84.5,270.47,2.22,-15.87,33.6,89.86
Uttar Pradesh,Shahjahanpur,Western UP,2008-09,Kharif,Rice,103844.8,291704.98,2809.0,984.6,4,32.5,0,12675.65,5323.77,2281.62,94.9,87.0,195.3,2.38,27.55,32.5,90.16
Uttar Pradesh,Shahjahanpur,Western UP,2008-09,Rabi,Wheat,101592.7,375492.12,3696.1,87.3,0,30.4,0,17576.47,7909.41,2636.47,94.9,87.0,276.81,2.22,37.54,30.4,90.16
Uttar Pradesh,Shahjahanpur,Western UP,2009-10,Kharif,Rice,94070.4,225042.05,2392.3,449.9,1,33.8,0,13140.53,5519.02,2365.3,85.4,83.8,223.5,2.38,-41.72,33.8,84.44
Uttar Pradesh,Shahjahanpur,Western UP,2009-10,Rabi,Wheat,96766.7,261113.7,2698.4,51.4,0,32.8,4,16932.29,7619.53,2539.84,85.4,83.8,279.97,2.22,-19.02,39.36,84.44
Uttar Pradesh,Shahjahanpur,Western UP,2010-11,Kharif,Rice,59786.2,172366.48,2883.0,710.2,3,33.8,0,8270.5,3473.61,1488.69,97.7,84.6,221.34,2.38,-7.99,33.8,89.84
Uttar Pradesh,Shahjahanpur,Western UP,2010-11,Rabi,Wheat,78929.2,289478.85,3667.6,59.1,0,32.5,0,12722.33,5725.05,1908.35,97.7,84.6,257.9,2.22,-6.89,32.5,89.84
Uttar Pradesh,Shahjahanpur,Western UP,2011-12,Kharif,Rice,90220.3,263592.93,2921.7,904.9,4,32.8,0,11949.47,5018.78,2150.91,97.3,84.9,211.92,2.38,17.23,32.8,89.86
Uttar Pradesh,Shahjahanpur,Western UP,2011-12,Rabi,Wheat,85780.7,276223.64,3220.1,64.2,0,33.1,4,15437.27,6946.77,2315.59,97.3,84.9,287.94,2.22,1.15,39.72,89.86
Uttar Pradesh,Shahjahanpur,Western UP,2012-13,Kharif,Rice,96368.8,293442.41,3045.0,933.5,3,33.3,0,13134.32,5516.42,2364.18,93.1,83.7,218.07,2.38,20.93,33.3,87.46
Uttar Pradesh,Shahjahanpur,Western UP,2012-13,Rabi,Wheat,85697.9,319708.84,3730.7,51.1,0,30.6,0,15105.03,6797.26,2265.75,93.1,83.7,282.01,2.22,-19.49,30.6,87.46
Uttar Pradesh,Shahjahanpur,Western UP,2013-14,Kharif,Rice,85789.3,256313.51,2987.7,1117.9,5,33.4,0,11498.48,4829.36,2069.73,93.6,84.5,214.45,2.38,44.82,33.4,88.14
Uttar Pradesh,Shahjahanpur,Western UP,2013-14,Rabi,Wheat,74764.7,267822.48,3582.2,82.1,0,31.4,1,13581.16,6111.52,2037.17,93.6,84.5,290.64,2.22,29.35,32.97,88.14
Uttar Pradesh,Shahjahanpur,Western UP,2014-15,Kharif,Rice,82317.3,264547.15,3213.7,775.6,3,33.9,0,11095.11,4659.94,1997.12,98.0,86.5,215.66,2.38,0.48,33.9,91.1
Uttar Pradesh,Shahjahanpur,Western UP,2014-15,Rabi,Wheat,92184.6,350765.99,3805.0,51.0,0,31.7,1,15614.09,7026.34,2342.11,98.0,86.5,271.01,2.22,-19.65,33.29,91.1
Uttar Pradesh,Shahjahanpur,Western UP,2015-16,Kharif,Rice,100916.1,266933.96,2645.1,486.8,1,33.9,0,12925.91,5428.88,2326.66,98.0,88.7,204.94,2.38,-36.94,33.9,92.42
Uttar Pradesh,Shahjahanpur,Western UP,2015-16,Rabi,Wheat,93827.7,390413.68,4161.0,34.2,0,30.9,0,16057.19,7225.73,2408.58,98.0,88.7,273.82,2.22,-46.12,30.9,92.42
Uttar Pradesh,Shahjahanpur,Western UP,2016-17,Kharif,Rice,86992.0,256214.35,2945.3,818.7,7,34.1,0,12687.01,5328.55,2283.66,94.3,88.6,233.35,2.38,6.06,34.1,90.88
Uttar Pradesh,Shahjahanpur,Western UP,2016-17,Rabi,Wheat,96659.6,339566.63,3513.0,79.8,0,32.5,2,17791.64,8006.24,2668.75,94.3,88.6,294.5,2.22,25.73,35.75,90.88
Uttar Pradesh,Shahjahanpur,Western UP,2017-18,Kharif,Rice,82782.0,264590.01,3196.2,925.6,4,33.8,0,11881.02,4990.03,2138.58,98.0,90.4,229.63,2.38,19.91,33.8,93.44
Uttar Pradesh,Shahjahanpur,Western UP,2017-18,Rabi,Wheat,104058.3,403129.83,3874.1,77.3,0,30.5,0,19075.34,8583.91,2861.3,98.0,90.4,293.3,2.22,21.79,30.5,93.44
Uttar Pradesh,Shahjahanpur,Western UP,2018-19,Kharif,Rice,54080.3,162175.46,2998.8,596.2,3,32.7,0,7350.45,3087.19,1323.08,95.4,86.8,217.47,2.38,-22.76,32.7,90.24
Uttar Pradesh,Shahjahanpur,Western UP,2018-19,Rabi,Wheat,98601.1,365496.51,3706.8,54.2,0,32.6,2,18412.51,8285.63,2761.88,95.4,86.8,298.78,2.22,-14.61,35.86,90.24
Uttar Pradesh,Saharanpur,Western UP,1997-98,Kharif,Rice,79834.7,207599.29,2600.4,809.0,4,33.6,0,9636.44,4047.3,1734.56,91.3,82.1,193.13,2.38,7.4,33.6,85.78
Uttar Pradesh,Saharanpur,Western UP,1997-98,Rabi,Wheat,116877.1,367276.69,3142.4,56.8,0,30.8,0,15771.94,7097.37,2365.79,91.3,82.1,215.91,2.22,-14.23,30.8,85.78
Uttar Pradesh,Saharanpur,Western UP,1998-99,Kharif,Rice,55564.9,137887.3,2481.6,680.9,3,33.9,0,6257.95,2628.34,1126.43,85.5,82.6,180.2,2.38,-9.61,33.9,83.76
Uttar Pradesh,Saharanpur,Western UP,1998-99,Rabi,Wheat,94285.5,278321.72,2951.9,98.5,0,32.0,1,13721.28,6174.58,2058.19,85.5,82.6,232.85,2.22,48.73,33.6,83.76
Uttar Pradesh,Saharanpur,Western UP,1999-00,Kharif,Rice,131686.1,367022.25,2787.1,819.2,2,33.8,0,13168.14,5530.62,2370.26,88.6,84.6,159.99,2.38,8.75,33.8,86.2
Uttar Pradesh,Saharanpur,Western UP,1999-00,Rabi,Wheat,99456.2,312591.47,3143.0,73.8,0,29.2,0,16568.0,7455.6,2485.2,88.6,84.6,266.54,2.22,11.44,29.2,86.2
Uttar Pradesh,Saharanpur,Western UP,2000-01,Kharif,Rice,68647.4,174563.49,2542.9,827.3,5,34.4,0,7918.51,3325.77,1425.33,89.8,83.8,184.56,2.38,9.83,34.4,86.2
Uttar Pradesh,Saharanpur,Western UP,2000-01,Rabi,Wheat,66502.6,159041.47,2391.5,65.2,0,34.8,7,10317.18,4642.73,1547.58,89.8,83.8,248.22,2.22,-1.55,46.98,86.2
Uttar Pradesh,Saharanpur,Western UP,2001-02,Kharif,Rice,81681.2,179675.5,2199.7,844.6,11,32.2,0,9173.39,3852.82,1651.21,86.2,87.5,179.69,2.38,12.12,32.2,86.98
Uttar Pradesh,Saharanpur,Western UP,2001-02,Rabi,Wheat,81224.1,253713.27,3123.6,75.4,0,31.2,0,11334.28,5100.42,1700.14,86.2,87.5,223.27,2.22,13.85,31.2,86.98
Uttar Pradesh,Saharanpur,Western UP,2002-03,Kharif,Rice,89308.1,218182.77,2443.0,477.8,3,34.6,0,10935.48,4592.9,1968.39,87.9,84.1,195.91,2.38,-36.57,34.6,85.62
Uttar Pradesh,Saharanpur,Western UP,2002-03,Rabi,Wheat,114647.4,348112.48,3036.4,70.3,0,33.5,2,18437.26,8296.77,2765.59,87.9,84.1,257.31,2.22,6.15,36.85,85.62
Uttar Pradesh,Saharanpur,Western UP,2003-04,Kharif,Rice,98412.7,304953.53,3098.7,762.4,1,32.9,0,11866.66,4984.0,2136.0,89.4,84.4,192.93,2.38,1.21,32.9,86.4
Uttar Pradesh,Saharanpur,Western UP,2003-04,Rabi,Wheat,81090.3,211208.43,2604.6,69.6,0,34.0,9,13296.07,5983.23,1994.41,89.4,84.4,262.35,2.22,5.09,49.3,86.4
Uttar Pradesh,Saharanpur,Western UP,2004-05,Kharif,Rice,36508.5,92235.06,2526.4,531.9,2,34.0,0,4079.29,1713.3,734.27,87.9,79.6,178.78,2.38,-29.39,34.0,82.92
Uttar Pradesh,Saharanpur,Western UP,2004-05,Rabi,Wheat,108013.7,337022.33,3120.2,12.9,0,31.8,2,16601.7,7470.77,2490.26,87.9,79.6,245.92,2.22,-80.52,34.98,82.92
Uttar Pradesh,Saharanpur,Western UP,2005-06,Kharif,Rice,94864.4,284384.45,2997.8,687.2,4,31.7,0,12445.59,5227.15,2240.21,92.0,82.7,209.91,2.38,-8.77,31.7,86.42
Uttar Pradesh,Saharanpur,Western UP,2005-06,Rabi,Wheat,70385.0,238484.28,3388.3,35.2,0,30.8,0,12208.1,5493.64,1831.21,92.0,82.7,277.52,2.22,-46.85,30.8,86.42
Uttar Pradesh,Saharanpur,Western UP,2006-07,Kharif,Rice,71690.4,201611.23,2812.2,769.7,3,33.7,0,9198.36,3863.31,1655.7,93.7,80.1,205.29,2.38,2.18,33.7,85.54
Uttar Pradesh,Saharanpur,Western UP,2006-07,Rabi,Wheat,92026.0,339236.79,3686.3,59.9,0,31.2,0,15765.48,7094.47,2364.82,93.7,80.1,274.1,2.22,-9.55,31.2,85.54
Uttar Pradesh,Saharanpur,Western UP,2007-08,Kharif,Rice,83446.4,252071.62,3020.8,811.7,0,32.1,0,11266.85,4732.08,2028.03,98.0,88.4,216.03,2.38,7.75,32.1,92.24
Uttar Pradesh,Saharanpur,Western UP,2007-08,Rabi,Wheat,98437.1,365632.01,3714.4,91.0,0,31.0,0,15275.24,6873.86,2291.29,98.0,88.4,248.28,2.22,37.41,31.0,92.24
Uttar Pradesh,Saharanpur,Western UP,2008-09,Kharif,Rice,98924.4,267769.06,2706.8,1055.9,6,33.8,0,12519.97,5258.39,2253.59,98.0,82.2,202.5,2.38,40.17,33.8,88.52
Uttar Pradesh,Saharanpur,Western UP,2008-09,Rabi,Wheat,98013.6,371578.11,3791.1,96.1,0,30.5,0,17153.45,7719.05,2573.02,98.0,82.2,280.02,2.22,45.11,30.5,88.52
Uttar Pradesh,Saharanpur,Western UP,2009-10,Kharif,Rice,89603.0,223411.28,2493.3,315.2,1,31.6,0,11184.6,4697.53,2013.23,91.6,84.1,199.72,2.38,-58.16,31.6,87.1
Uttar Pradesh,Saharanpur,Western UP,2009-10,Rabi,Wheat,80683.1,292514.38,3625.5,53.8,0,28.4,0,13356.41,6010.39,2003.46,91.6,84.1,264.87,2.22,-18.76,28.4,87.1
Uttar Pradesh,Saharanpur,Western UP,2010-11,Kharif,Rice,102627.9,303143.71,2953.8,669.5,4,34.3,0,13603.57,5713.5,2448.64,92.5,87.6,212.08,2.38,-11.12,34.3,89.56
Uttar Pradesh,Saharanpur,Western UP,2010-11,Rabi,Wheat,90989.7,332438.7,3653.6,80.6,0,31.0,0,14829.6,6673.32,2224.44,92.5,87.6,260.77,2.22,21.7,31.0,89.56
Uttar Pradesh,Saharanpur,Western UP,2011-12,Kharif,Rice,71847.2,201075.12,2798.6,673.7,6,33.7,0,10054.54,4222.91,1809.82,89.6,86.1,223.91,2.38,-10.57,33.7,87.5
Uttar Pradesh,Saharanpur,Western UP,2011-12,Rabi,Wheat,95146.4,316947.7,3331.2,66.6,0,33.4,3,17663.65,7948.64,2649.55,89.6,86.1,297.04,2.22,0.56,38.41,87.5
Uttar Pradesh,Saharanpur,Western UP,2012-13,Kharif,Rice,93330.8,264638.83,2835.5,690.4,6,32.1,0,13017.23,5467.24,2343.1,97.9,86.3,223.16,2.38,-8.35,32.1,90.94
Uttar Pradesh,Saharanpur,Western UP,2012-13,Rabi,Wheat,110365.6,386816.91,3504.9,78.8,0,33.2,4,18215.19,8196.84,2732.28,97.9,86.3,264.07,2.22,18.99,39.84,90.94
Uttar Pradesh,Saharanpur,Western UP,2013-14,Kharif,Rice,62476.9,186235.89,2980.9,1150.9,5,32.9,0,8412.59,3533.29,1514.27,98.0,89.0,215.44,2.38,52.78,32.9,92.6
Uttar Pradesh,Saharanpur,Western UP,2013-14,Rabi,Wheat,109485.6,385240.19,3518.6,71.5,0,31.4,3,19389.41,8725.24,2908.41,98.0,89.0,283.35,2.22,7.96,36.11,92.6
Uttar Pradesh,Saharanpur,Western UP,2014-15,Kharif,Rice,105261.2,336992.14,3201.5,852.6,6,32.9,0,13072.74,5490.55,2353.09,98.0,88.2,198.71,2.38,13.18,32.9,92.12
Uttar Pradesh,Saharanpur,Western UP,2014-15,Rabi,Wheat,93840.5,359628.88,3832.3,42.4,0,31.4,1,17438.39,7847.28,2615.76,98.0,88.2,297.33,2.22,-35.98,32.97,92.12
Uttar Pradesh,Saharanpur,Western UP,2015-16,Kharif,Rice,69548.1,188180.65,2705.8,541.1,2,33.5,0,9143.13,3840.12,1645.76,97.7,84.1,210.34,2.38,-28.17,33.5,89.54
Uttar Pradesh,Saharanpur,Western UP,2015-16,Rabi,Wheat,88747.7,332452.13,3746.0,36.5,0,31.8,4,15513.15,6980.92,2326.97,97.7,84.1,279.68,2.22,-44.89,38.16,89.54
Uttar Pradesh,Saharanpur,Western UP,2016-17,Kharif,Rice,110091.6,365177.97,3317.0,803.1,3,33.4,0,14518.17,6097.63,2613.27,94.9,87.5,211.0,2.38,6.61,33.4,90.46
Uttar Pradesh,Saharanpur,Western UP,2016-17,Rabi,Wheat,102793.5,403757.1,3927.8,67.5,0,29.7,0,18914.69,8511.61,2837.2,94.9,87.5,294.41,2.22,1.92,29.7,90.46
Uttar Pradesh,Saharanpur,Western UP,2017-18,Kharif,Rice,99096.8,299471.07,3022.0,1106.0,8,33.3,0,12662.53,5318.26,2279.26,96.8,84.4,204.45,2.38,46.82,33.3,89.36
Uttar Pradesh,Saharanpur,Western UP,2017-18,Rabi,Wheat,107052.2,461788.68,4313.7,93.2,0,29.3,0,20573.56,9258.1,3086.03,96.8,84.4,307.49,2.22,40.73,29.3,89.36
Uttar Pradesh,Saharanpur,Western UP,2018-19,Kharif,Rice,97656.5,301942.82,3091.9,644.1,3,32.9,0,13732.91,5767.82,2471.92,92.1,91.4,225.0,2.38,-14.49,32.9,91.68
Uttar Pradesh,Saharanpur,Western UP,2018-19,Rabi,Wheat,91316.1,347270.46,3802.9,93.1,0,31.1,1,16946.26,7625.82,2541.94,92.1,91.4,296.92,2.22,40.58,32.66,91.68
Uttar Pradesh,Firozabad,Western UP,1997-98,Kharif,Rice,68867.1,169546.66,2461.9,808.4,3,33.9,0,7623.57,3201.9,1372.24,89.6,80.4,177.12,2.38,8.53,33.9,84.08
Uttar Pradesh,Firozabad,Western UP,1997-98,Rabi,Wheat,94982.3,275113.28,2896.5,60.4,0,29.6,0,14133.95,6360.28,2120.09,89.6,80.4,238.09,2.22,-2.31,29.6,84.08
Uttar Pradesh,Firozabad,Western UP,1998-99,Kharif,Rice,76256.8,185668.36,2434.8,813.2,2,33.5,0,8056.02,3383.53,1450.08,93.1,81.5,169.03,2.38,9.17,33.5,86.14
Uttar Pradesh,Firozabad,Western UP,1998-99,Rabi,Wheat,104446.8,319815.14,3062.0,43.1,0,30.4,0,15579.75,7010.89,2336.96,93.1,81.5,238.66,2.22,-30.29,30.4,86.14
Uttar Pradesh,Firozabad,Western UP,1999-00,Kharif,Rice,73698.8,163425.48,2217.5,746.2,7,33.3,0,8844.76,3714.8,1592.06,90.1,79.4,192.02,2.38,0.18,33.3,83.68
Uttar Pradesh,Firozabad,Western UP,1999-00,Rabi,Wheat,86254.5,256722.39,2976.3,47.2,0,32.0,3,14057.33,6325.8,2108.6,90.1,79.4,260.76,2.22,-23.66,36.8,83.68
Uttar Pradesh,Firozabad,Western UP,2000-01,Kharif,Rice,61072.0,157405.45,2577.4,710.7,2,34.2,0,7412.71,3113.34,1334.29,90.7,83.3,194.2,2.38,-4.59,34.2,86.26
Uttar Pradesh,Firozabad,Western UP,2000-01,Rabi,Wheat,80878.8,211731.69,2617.9,38.7,0,33.4,4,13450.27,6052.62,2017.54,90.7,83.3,266.08,2.22,-37.41,40.08,86.26
Uttar Pradesh,Firozabad,Western UP,2001-02,Kharif,Rice,79226.3,191655.12,2419.1,729.5,7,33.7,0,8585.72,3606.0,1545.43,92.8,81.1,173.39,2.38,-2.06,33.7,85.78
Uttar Pradesh,Firozabad,Western UP,2001-02,Rabi,Wheat,89579.8,250354.03,2794.8,84.0,0,32.4,3,14258.6,6416.37,2138.79,92.8,81.1,254.68,2.22,35.86,37.26,85.78
Uttar Pradesh,Firozabad,Western UP,2002-03,Kharif,Rice,89745.9,194140.89,2163.2,354.5,3,33.4,0,10518.57,4417.8,1893.34,92.5,83.3,187.53,2.38,-52.41,33.4,86.98
Uttar Pradesh,Firozabad,Western UP,2002-03,Rabi,Wheat,92927.6,304761.22,3279.6,48.3,0,30.2,0,15894.05,7152.32,2384.11,92.5,83.3,273.66,2.22,-21.88,30.2,86.98
Uttar Pradesh,Firozabad,Western UP,2003-04,Kharif,Rice,108584.9,288542.0,2657.3,824.5,6,33.2,0,13134.71,5516.58,2364.25,91.1,84.3,193.54,2.38,10.69,33.2,87.02
Uttar Pradesh,Firozabad,Western UP,2003-04,Rabi,Wheat,66026.8,206302.07,3124.5,65.5,0,31.6,0,9950.77,4477.85,1492.62,91.1,84.3,241.13,2.22,5.94,31.6,87.02
Uttar Pradesh,Firozabad,Western UP,2004-05,Kharif,Rice,83659.0,221383.78,2646.3,729.4,4,33.5,0,10251.44,4305.61,1845.26,88.2,88.6,196.06,2.38,-2.08,33.5,88.44
Uttar Pradesh,Firozabad,Western UP,2004-05,Rabi,Wheat,95624.1,245516.84,2567.5,71.4,0,32.4,7,15766.77,7095.05,2365.02,88.2,88.6,263.81,2.22,15.48,43.74,88.44
Uttar Pradesh,Firozabad,Western UP,2005-06,Kharif,Rice,72687.6,177956.6,2448.2,769.4,5,33.0,0,9213.18,3869.54,1658.37,90.9,87.0,202.8,2.38,3.29,33.0,88.56
Uttar Pradesh,Firozabad,Western UP,2005-06,Rabi,Wheat,80464.4,250989.08,3119.3,82.6,0,30.3,0,13356.28,6010.33,2003.44,90.9,87.0,265.58,2.22,33.59,30.3,88.56
Uttar Pradesh,Firozabad,Western UP,2006-07,Kharif,Rice,92881.2,225068.28,2423.2,742.7,4,33.8,0,12823.85,5386.02,2308.29,90.0,85.0,220.91,2.38,-0.29,33.8,87.0
Uttar Pradesh,Firozabad,Western UP,2006-07,Rabi,Wheat,114662.5,368238.41,3211.5,50.2,0,31.3,1,18942.65,8524.19,2841.4,90.0,85.0,264.33,2.22,-18.81,32.87,87.0
Uttar Pradesh,Firozabad,Western UP,2007-08,Kharif,Rice,86388.0,230945.57,2673.4,804.1,6,33.1,0,10846.93,4555.71,1952.45,94.1,86.9,200.9,2.38,7.95,33.1,89.78
Uttar Pradesh,Firozabad,Western UP,2007-08,Rabi,Wheat,97225.2,268081.84,2757.3,70.9,0,32.8,6,16387.97,7374.59,2458.2,94.1,86.9,269.69,2.22,14.67,42.64,89.78
Uttar Pradesh,Firozabad,Western UP,2008-09,Kharif,Rice,90314.4,235986.48,2612.9,850.1,5,34.2,0,10913.57,4583.7,1964.44,91.4,83.9,193.34,2.38,14.13,34.2,86.9
Uttar Pradesh,Firozabad,Western UP,2008-09,Rabi,Wheat,91858.5,270098.83,2940.4,77.0,0,33.8,5,16011.56,7205.2,2401.73,91.4,83.9,278.89,2.22,24.54,42.25,86.9
Uttar Pradesh,Firozabad,Western UP,2009-10,Kharif,Rice,69279.8,159491.87,2302.1,481.3,3,34.3,0,8759.75,3679.09,1576.75,95.1,85.9,202.3,2.38,-35.38,34.3,89.58
Uttar Pradesh,Firozabad,Western UP,2009-10,Rabi,Wheat,77872.7,241248.72,3098.0,44.9,0,32.4,3,11993.26,5396.97,1798.99,95.1,85.9,246.42,2.22,-27.38,37.26,89.58
Uttar Pradesh,Firozabad,Western UP,2010-11,Kharif,Rice,87115.5,246369.88,2828.1,912.4,3,33.7,0,11374.67,4777.36,2047.44,95.9,87.0,208.91,2.38,22.49,33.7,90.56
Uttar Pradesh,Firozabad,Western UP,2010-11,Rabi,Wheat,94505.6,286915.82,3036.0,62.8,0,32.6,4,14920.61,6714.28,2238.09,95.9,87.0,252.61,2.22,1.57,39.12,90.56
Uttar Pradesh,Firozabad,Western UP,2011-12,Kharif,Rice,88852.2,270757.15,3047.3,878.9,0,33.4,0,11765.41,4941.47,2117.77,96.0,84.7,211.86,2.38,17.99,33.4,89.22
Uttar Pradesh,Firozabad,Western UP,2011-12,Rabi,Wheat,95739.1,342327.4,3575.6,64.9,0,32.2,1,16306.46,7337.91,2445.97,96.0,84.7,272.51,2.22,4.97,33.81,89.22
Uttar Pradesh,Firozabad,Western UP,2012-13,Kharif,Rice,75210.6,237213.61,3154.0,720.0,1,32.4,0,10166.96,4270.12,1830.05,97.0,88.0,216.29,2.38,-3.34,32.4,91.6
Uttar Pradesh,Firozabad,Western UP,2012-13,Rabi,Wheat,79208.3,285636.42,3606.1,55.7,0,32.9,2,12363.03,5563.36,1854.45,97.0,88.0,249.73,2.22,-9.91,36.19,91.6
Uttar Pradesh,Firozabad,Western UP,2013-14,Kharif,Rice,87803.7,275534.68,3138.1,1041.6,0,35.6,0,11420.85,4796.76,2055.75,93.8,83.9,208.12,2.38,39.84,35.6,87.86
Uttar Pradesh,Firozabad,Western UP,2013-14,Rabi,Wheat,93491.5,345498.78,3695.5,75.8,0,31.0,0,16717.95,7523.08,2507.69,93.8,83.9,286.11,2.22,22.59,31.0,87.86
Uttar Pradesh,Firozabad,Western UP,2014-15,Kharif,Rice,69821.4,183403.27,2626.7,683.1,8,33.0,0,9819.15,4124.04,1767.45,96.9,86.0,225.01,2.38,-8.29,33.0,90.36
Uttar Pradesh,Firozabad,Western UP,2014-15,Rabi,Wheat,88257.1,312291.19,3538.4,70.8,0,31.5,2,15857.22,7135.75,2378.58,96.9,86.0,287.47,2.22,14.51,34.65,90.36
Uttar Pradesh,Firozabad,Western UP,2015-16,Kharif,Rice,85354.0,198907.66,2330.4,336.9,2,33.1,0,11423.59,4797.91,2056.25,90.0,87.5,214.14,2.38,-54.77,33.1,88.5
Uttar Pradesh,Firozabad,Western UP,2015-16,Rabi,Wheat,80339.6,242518.59,3018.7,25.0,0,33.0,4,13571.06,6106.98,2035.66,90.0,87.5,270.27,2.22,-59.57,39.6,88.5
Uttar Pradesh,Firozabad,Western UP,2016-17,Kharif,Rice,77018.8,217590.95,2825.2,975.8,6,33.9,0,11008.9,4623.74,1981.6,98.0,85.8,228.7,2.38,31.0,33.9,90.68
Uttar Pradesh,Firozabad,Western UP,2016-17,Rabi,Wheat,90399.6,343339.79,3798.0,72.7,0,30.4,0,15399.44,6929.75,2309.92,98.0,85.8,272.56,2.22,17.58,30.4,90.68
Uttar Pradesh,Firozabad,Western UP,2017-18,Kharif,Rice,66321.3,196358.58,2960.7,1154.0,5,34.0,0,9029.52,3792.4,1625.31,91.5,86.0,217.84,2.38,54.93,34.0,88.2
Uttar Pradesh,Firozabad,Western UP,2017-18,Rabi,Wheat,67352.1,202561.25,3007.5,72.2,0,33.2,5,12204.49,5492.02,1830.67,91.5,86.0,289.93,2.22,16.77,41.5,88.2
Uttar Pradesh,Firozabad,Western UP,2018-19,Kharif,Rice,88866.5,244338.3,2749.5,632.8,4,32.2,0,13337.01,5601.54,2400.66,98.0,89.7,240.13,2.38,-15.05,32.2,93.02
Uttar Pradesh,Firozabad,Western UP,2018-19,Rabi,Wheat,89017.3,342114.79,3843.2,81.8,0,31.9,1,18666.06,8399.73,2799.91,98.0,89.7,335.5,2.22,32.3,33.49,93.02
Uttar Pradesh,Mainpuri,Western UP,1997-98,Kharif,Rice,57862.5,140226.4,2423.4,771.9,4,32.7,0,6576.31,2762.05,1183.74,86.7,82.3,181.85,2.38,-0.24,32.7,84.06
Uttar Pradesh,Mainpuri,Western UP,1997-98,Rabi,Wheat,90349.2,244404.02,2705.1,60.3,0,30.0,0,14357.93,6461.07,2153.69,86.7,82.3,254.27,2.22,-7.97,30.0,84.06
Uttar Pradesh,Mainpuri,Western UP,1998-99,Kharif,Rice,68566.6,162268.9,2366.6,816.7,3,32.7,0,8225.61,3454.76,1480.61,92.7,78.8,191.94,2.38,5.55,32.7,84.36
Uttar Pradesh,Mainpuri,Western UP,1998-99,Rabi,Wheat,75485.0,192510.67,2550.3,81.7,0,32.7,4,11761.75,5292.79,1764.26,92.7,78.8,249.31,2.22,24.69,39.24,84.36
Uttar Pradesh,Mainpuri,Western UP,1999-00,Kharif,Rice,63468.5,156379.27,2463.9,816.2,7,32.5,0,6763.71,2840.76,1217.47,88.2,78.5,170.51,2.38,5.48,32.5,82.38
Uttar Pradesh,Mainpuri,Western UP,1999-00,Rabi,Wheat,97265.4,297770.06,3061.4,55.3,0,30.2,0,14233.25,6404.96,2134.99,88.2,78.5,234.13,2.22,-15.6,30.2,82.38
Uttar Pradesh,Mainpuri,Western UP,2000-01,Kharif,Rice,52836.4,119654.97,2264.6,781.0,10,32.0,0,6084.31,2555.41,1095.18,89.4,84.0,184.25,2.38,0.93,32.0,86.16
Uttar Pradesh,Mainpuri,Western UP,2000-01,Rabi,Wheat,95297.0,271758.28,2851.7,69.5,0,29.4,0,15503.24,6976.46,2325.49,89.4,84.0,260.29,2.22,6.07,29.4,86.16
Uttar Pradesh,Mainpuri,Western UP,2001-02,Kharif,Rice,84599.1,188854.43,2232.3,924.1,9,32.9,0,9979.08,4191.21,1796.23,90.7,83.2,188.73,2.38,19.43,32.9,86.2
Uttar Pradesh,Mainpuri,Western UP,2001-02,Rabi,Wheat,80154.5,248663.31,3102.3,90.0,0,32.6,0,12604.79,5672.16,1890.72,90.7,83.2,251.61,2.22,37.36,32.6,86.2
Uttar Pradesh,Mainpuri,Western UP,2002-03,Kharif,Rice,78860.5,164213.41,2082.3,419.7,3,33.5,0,9365.78,3933.63,1685.84,93.6,80.5,190.02,2.38,-45.76,33.5,85.74
Uttar Pradesh,Mainpuri,Western UP,2002-03,Rabi,Wheat,81322.9,232422.54,2858.0,56.6,0,32.3,2,13125.93,5906.67,1968.89,93.6,80.5,258.25,2.22,-13.62,35.53,85.74
Uttar Pradesh,Mainpuri,Western UP,2003-04,Kharif,Rice,93740.4,269188.19,2871.6,747.7,1,33.6,0,11008.19,4623.44,1981.48,92.2,85.4,187.89,2.38,-3.37,33.6,88.12
Uttar Pradesh,Mainpuri,Western UP,2003-04,Rabi,Wheat,100133.4,306565.53,3061.6,68.5,0,30.3,0,15087.82,6789.52,2263.17,92.2,85.4,241.08,2.22,4.54,30.3,88.12
Uttar Pradesh,Mainpuri,Western UP,2004-05,Kharif,Rice,79143.7,160041.66,2022.2,339.2,6,34.3,0,9914.64,4164.15,1784.64,91.6,85.3,200.44,2.38,-56.16,34.3,87.82
Uttar Pradesh,Mainpuri,Western UP,2004-05,Rabi,Wheat,69982.3,208559.56,2980.2,15.9,0,32.7,2,10851.07,4882.98,1627.66,91.6,85.3,248.09,2.22,-75.73,35.97,87.82
Uttar Pradesh,Mainpuri,Western UP,2005-06,Kharif,Rice,75547.5,201523.32,2667.5,1046.9,4,32.6,0,8232.01,3457.44,1481.76,98.0,84.3,174.34,2.38,35.3,32.6,89.78
Uttar Pradesh,Mainpuri,Western UP,2005-06,Rabi,Wheat,87628.5,285485.5,3257.9,94.0,0,31.9,2,12803.69,5761.66,1920.55,98.0,84.3,233.78,2.22,43.46,35.09,89.78
Uttar Pradesh,Mainpuri,Western UP,2006-07,Kharif,Rice,73184.7,155638.4,2126.7,644.7,7,34.0,0,9592.25,4028.75,1726.61,92.3,86.0,209.71,2.38,-16.68,34.0,88.52
Uttar Pradesh,Mainpuri,Western UP,2006-07,Rabi,Wheat,87828.0,280194.38,3190.3,43.2,0,31.3,0,14675.08,6603.78,2201.26,92.3,86.0,267.34,2.22,-34.07,31.3,88.52
Uttar Pradesh,Mainpuri,Western UP,2007-08,Kharif,Rice,82124.0,200508.42,2441.5,590.5,2,33.3,0,10356.86,4349.88,1864.24,93.9,85.1,201.78,2.38,-23.69,33.3,88.62
Uttar Pradesh,Mainpuri,Western UP,2007-08,Rabi,Wheat,71675.5,239958.98,3347.9,44.1,0,28.2,0,12318.93,5543.52,1847.84,93.9,85.1,274.99,2.22,-32.69,28.2,88.62
Uttar Pradesh,Mainpuri,Western UP,2008-09,Kharif,Rice,89950.2,237138.04,2636.3,1156.8,6,33.5,0,11277.03,4736.35,2029.87,93.8,88.0,200.59,2.38,49.5,33.5,90.32
Uttar Pradesh,Mainpuri,Western UP,2008-09,Rabi,Wheat,101169.8,332025.99,3281.9,85.1,0,30.8,0,17512.24,7880.51,2626.84,93.8,88.0,276.96,2.22,29.88,30.8,90.32
Uttar Pradesh,Mainpuri,Western UP,2009-10,Kharif,Rice,58537.0,131523.87,2246.8,399.6,1,33.5,0,7510.71,3154.5,1351.93,96.6,83.8,205.29,2.38,-48.36,33.5,88.92
Uttar Pradesh,Mainpuri,Western UP,2009-10,Rabi,Wheat,55682.0,173966.32,3124.3,31.1,0,32.6,3,9876.63,4444.48,1481.49,96.6,83.8,283.8,2.22,-52.54,37.49,88.92
Uttar Pradesh,Mainpuri,Western UP,2010-11,Kharif,Rice,56534.0,159776.74,2826.2,799.9,3,32.1,0,7512.53,3155.26,1352.25,93.0,82.4,212.62,2.38,3.38,32.1,86.64
Uttar Pradesh,Mainpuri,Western UP,2010-11,Rabi,Wheat,81747.6,260182.99,3182.8,68.4,0,33.4,3,11759.64,5291.84,1763.95,93.0,82.4,230.16,2.22,4.39,38.41,86.64
Uttar Pradesh,Mainpuri,Western UP,2011-12,Kharif,Rice,99291.0,251550.86,2533.5,700.0,2,32.5,0,12355.61,5189.36,2224.01,95.1,81.3,199.1,2.38,-9.53,32.5,86.82
Uttar Pradesh,Mainpuri,Western UP,2011-12,Rabi,Wheat,93311.0,243868.71,2613.5,48.5,0,34.0,8,17101.05,7695.47,2565.16,95.1,81.3,293.23,2.22,-25.98,47.6,86.82
Uttar Pradesh,Mainpuri,Western UP,2012-13,Kharif,Rice,75533.9,204940.55,2713.2,789.0,5,33.9,0,9964.62,4185.14,1793.63,96.5,86.6,211.08,2.38,1.97,33.9,90.56
Uttar Pradesh,Mainpuri,Western UP,2012-13,Rabi,Wheat,94486.8,355230.41,3759.6,53.1,0,29.6,0,15961.86,7182.84,2394.28,96.5,86.6,270.29,2.22,-18.96,29.6,90.56
Uttar Pradesh,Mainpuri,Western UP,2013-14,Kharif,Rice,52114.6,156251.54,2998.2,1057.8,3,33.3,0,7804.29,3277.8,1404.77,91.8,90.9,239.6,2.38,36.71,33.3,91.26
Uttar Pradesh,Mainpuri,Western UP,2013-14,Rabi,Wheat,72358.5,259252.5,3582.9,72.6,0,31.6,0,11864.3,5338.93,1779.64,91.8,90.9,262.34,2.22,10.8,31.6,91.26
Uttar Pradesh,Mainpuri,Western UP,2014-15,Kharif,Rice,69093.7,199586.16,2888.6,838.9,6,32.6,0,9543.09,4008.1,1717.76,98.0,87.4,220.99,2.38,8.42,32.6,91.64
Uttar Pradesh,Mainpuri,Western UP,2014-15,Rabi,Wheat,83431.1,299445.35,3589.1,66.2,0,31.6,1,15310.93,6889.92,2296.64,98.0,87.4,293.63,2.22,1.03,33.18,91.64
Uttar Pradesh,Mainpuri,Western UP,2015-16,Kharif,Rice,117569.6,354119.78,3012.0,641.0,1,34.6,0,15953.4,6700.43,2871.61,96.4,86.6,217.11,2.38,-17.16,34.6,90.52
Uttar Pradesh,Mainpuri,Western UP,2015-16,Rabi,Wheat,48484.0,169796.29,3502.1,84.3,0,32.8,1,8507.57,3828.41,1276.14,96.4,86.6,280.75,2.22,28.66,34.44,90.52
Uttar Pradesh,Mainpuri,Western UP,2016-17,Kharif,Rice,84340.7,241375.92,2861.9,979.0,5,33.7,0,10270.3,4313.53,1848.65,98.0,87.8,194.83,2.38,26.52,33.7,91.88
Uttar Pradesh,Mainpuri,Western UP,2016-17,Rabi,Wheat,83497.9,306530.49,3671.1,68.0,0,31.4,1,16286.98,7329.14,2443.05,98.0,87.8,312.09,2.22,3.78,32.97,91.88
Uttar Pradesh,Mainpuri,Western UP,2017-18,Kharif,Rice,75642.1,209422.2,2768.6,1065.2,7,34.6,0,9997.91,4199.12,1799.62,98.0,91.7,211.48,2.38,37.66,34.6,94.22
Uttar Pradesh,Mainpuri,Western UP,2017-18,Rabi,Wheat,76735.4,255207.56,3325.8,102.2,0,33.6,3,13037.44,5866.85,1955.62,98.0,91.7,271.84,2.22,55.98,38.64,94.22
Uttar Pradesh,Mainpuri,Western UP,2018-19,Kharif,Rice,91613.9,258225.0,2818.6,779.8,5,34.4,0,13608.19,5715.44,2449.47,98.0,87.9,237.66,2.38,0.78,34.4,91.94
Uttar Pradesh,Mainpuri,Western UP,2018-19,Rabi,Wheat,75397.2,259526.37,3442.1,77.8,0,33.6,3,14115.45,6351.95,2117.32,98.0,87.9,299.54,2.22,18.74,38.64,91.94
Uttar Pradesh,Etah,Western UP,1997-98,Kharif,Rice,105634.3,255321.07,2417.0,800.3,9,33.6,0,11125.8,4672.84,2002.64,88.7,82.1,168.52,2.38,2.13,33.6,84.74
Uttar Pradesh,Etah,Western UP,1997-98,Rabi,Wheat,83607.5,270610.52,3236.7,72.2,0,30.8,0,14679.91,6605.96,2201.99,88.7,82.1,280.93,2.22,17.98,30.8,84.74
Uttar Pradesh,Etah,Western UP,1998-99,Kharif,Rice,115386.1,335467.58,2907.3,742.7,2,33.7,0,14461.42,6073.8,2603.06,90.3,84.0,200.53,2.38,-5.22,33.7,86.52
Uttar Pradesh,Etah,Western UP,1998-99,Rabi,Wheat,83109.9,253446.36,3049.5,94.2,0,31.5,1,12821.8,5769.81,1923.27,90.3,84.0,246.84,2.22,53.93,33.08,86.52
Uttar Pradesh,Etah,Western UP,1999-00,Kharif,Rice,106193.0,286740.93,2700.2,845.3,4,32.2,0,12666.65,5319.99,2280.0,87.9,82.0,190.85,2.38,7.87,32.2,84.36
Uttar Pradesh,Etah,Western UP,1999-00,Rabi,Wheat,99440.2,299852.88,3015.4,79.9,0,31.0,0,16038.8,7217.46,2405.82,87.9,82.0,258.07,2.22,30.56,31.0,84.36
Uttar Pradesh,Etah,Western UP,2000-01,Kharif,Rice,95311.7,244301.84,2563.2,703.8,2,33.7,0,11852.49,4978.05,2133.45,92.4,85.9,198.97,2.38,-10.19,33.7,88.5
Uttar Pradesh,Etah,Western UP,2000-01,Rabi,Wheat,104649.9,344332.02,3290.3,47.8,0,29.2,0,16424.23,7390.9,2463.63,92.4,85.9,251.11,2.22,-21.89,29.2,88.5
Uttar Pradesh,Etah,Western UP,2001-02,Kharif,Rice,88327.3,268638.85,3041.4,728.2,3,32.8,0,10037.0,4215.54,1806.66,91.4,86.1,181.81,2.38,-7.08,32.8,88.22
Uttar Pradesh,Etah,Western UP,2001-02,Rabi,Wheat,89874.3,292915.16,3259.2,52.5,0,31.5,1,12821.06,5769.48,1923.16,91.4,86.1,228.25,2.22,-14.21,33.08,88.22
Uttar Pradesh,Etah,Western UP,2002-03,Kharif,Rice,87438.7,223707.51,2558.4,549.0,2,33.5,0,11376.05,4777.94,2047.69,91.1,86.2,208.17,2.38,-29.94,33.5,88.16
Uttar Pradesh,Etah,Western UP,2002-03,Rabi,Wheat,87290.3,288769.28,3308.1,50.6,0,31.3,1,14408.71,6483.92,2161.31,91.1,86.2,264.11,2.22,-17.32,32.87,88.16
Uttar Pradesh,Etah,Western UP,2003-04,Kharif,Rice,81458.1,231237.55,2838.7,777.1,5,34.2,0,9805.52,4118.32,1764.99,88.6,82.6,192.6,2.38,-0.84,34.2,85.0
Uttar Pradesh,Etah,Western UP,2003-04,Rabi,Wheat,99435.7,350552.97,3525.4,35.8,0,30.1,0,14287.12,6429.21,2143.07,88.6,82.6,229.89,2.22,-41.5,30.1,85.0
Uttar Pradesh,Etah,Western UP,2004-05,Kharif,Rice,68644.9,171375.43,2496.6,450.3,2,33.2,0,8580.9,3603.98,1544.56,92.5,86.1,200.01,2.38,-42.54,33.2,88.66
Uttar Pradesh,Etah,Western UP,2004-05,Rabi,Wheat,99215.2,292526.48,2948.4,19.7,0,33.1,5,15777.8,7100.01,2366.67,92.5,86.1,254.44,2.22,-67.81,41.38,88.66
Uttar Pradesh,Etah,Western UP,2005-06,Kharif,Rice,103279.1,309276.44,2994.6,854.4,2,33.9,0,12070.51,5069.61,2172.69,89.6,84.4,187.0,2.38,9.03,33.9,86.48
Uttar Pradesh,Etah,Western UP,2005-06,Rabi,Wheat,116318.4,332903.22,2862.0,68.8,0,33.1,5,18248.79,8211.95,2737.32,89.6,84.4,251.02,2.22,12.43,41.38,86.48
Uttar Pradesh,Etah,Western UP,2006-07,Kharif,Rice,101835.9,298253.05,2928.8,794.5,3,33.2,0,12780.76,5367.92,2300.54,87.3,85.4,200.81,2.38,1.39,33.2,86.16
Uttar Pradesh,Etah,Western UP,2006-07,Rabi,Wheat,71134.2,239675.89,3369.3,43.9,0,29.3,0,11890.98,5350.94,1783.65,87.3,85.4,267.46,2.22,-28.26,29.3,86.16
Uttar Pradesh,Etah,Western UP,2007-08,Kharif,Rice,76401.8,213836.33,2798.8,759.1,6,33.2,0,9561.05,4015.64,1720.99,97.3,86.1,200.23,2.38,-3.13,33.2,90.58
Uttar Pradesh,Etah,Western UP,2007-08,Rabi,Wheat,92889.0,289028.66,3111.5,63.9,0,33.0,6,16298.46,7334.31,2444.77,97.3,86.1,280.74,2.22,4.42,42.9,90.58
Uttar Pradesh,Etah,Western UP,2008-09,Kharif,Rice,81375.1,237889.13,2923.4,1146.5,5,34.6,0,9717.21,4081.23,1749.1,98.0,86.1,191.06,2.38,46.3,34.6,90.86
Uttar Pradesh,Etah,Western UP,2008-09,Rabi,Wheat,87065.1,344241.67,3953.8,96.0,0,31.0,0,15372.0,6917.4,2305.8,98.0,86.1,282.49,2.22,56.87,31.0,90.86
Uttar Pradesh,Etah,Western UP,2009-10,Kharif,Rice,86052.1,258311.44,3001.8,610.2,1,31.9,0,10964.7,4605.17,1973.65,93.2,87.4,203.87,2.38,-22.13,31.9,89.72
Uttar Pradesh,Etah,Western UP,2009-10,Rabi,Wheat,88577.2,315482.19,3561.7,33.0,0,31.5,2,15377.01,6919.65,2306.55,93.2,87.4,277.76,2.22,-46.08,34.65,89.72
Uttar Pradesh,Etah,Western UP,2010-11,Kharif,Rice,94188.3,275572.91,2925.8,848.1,5,33.5,0,12162.17,5108.11,2189.19,90.0,86.3,206.6,2.38,8.23,33.5,87.78
Uttar Pradesh,Etah,Western UP,2010-11,Rabi,Wheat,85407.6,291242.28,3410.0,58.2,0,32.9,3,14461.36,6507.61,2169.2,90.0,86.3,270.91,2.22,-4.9,37.83,87.78
Uttar Pradesh,Etah,Western UP,2011-12,Kharif,Rice,77032.7,230681.06,2994.6,630.5,1,33.0,0,10840.33,4552.94,1951.26,97.8,83.9,225.16,2.38,-19.54,33.0,89.46
Uttar Pradesh,Etah,Western UP,2011-12,Rabi,Wheat,87390.3,356055.55,4074.3,63.3,0,30.6,0,14175.43,6378.94,2126.31,97.8,83.9,259.53,2.22,3.44,30.6,89.46
Uttar Pradesh,Etah,Western UP,2012-13,Kharif,Rice,89940.2,290648.85,3231.6,780.2,2,32.7,0,11950.91,5019.38,2151.16,98.0,85.5,212.6,2.38,-0.44,32.7,90.5
Uttar Pradesh,Etah,Western UP,2012-13,Rabi,Wheat,116531.0,428939.57,3680.9,62.3,0,32.9,3,19042.99,8569.34,2856.45,98.0,85.5,261.47,2.22,1.8,37.83,90.5
Uttar Pradesh,Etah,Western UP,2013-14,Kharif,Rice,90430.9,260908.66,2885.2,1242.0,7,32.1,0,12771.68,5364.11,2298.9,93.0,87.2,225.97,2.38,58.49,32.1,89.52
Uttar Pradesh,Etah,Western UP,2013-14,Rabi,Wheat,83801.9,325616.06,3885.5,115.6,0,30.6,0,15241.34,6858.6,2286.2,93.0,87.2,291.0,2.22,88.9,30.6,89.52
Uttar Pradesh,Etah,Western UP,2014-15,Kharif,Rice,71488.2,207273.51,2899.4,931.5,6,33.4,0,10559.57,4435.02,1900.72,91.5,83.5,236.34,2.38,18.87,33.4,86.7
Uttar Pradesh,Etah,Western UP,2014-15,Rabi,Wheat,72745.1,273233.63,3756.0,49.5,0,31.2,1,13113.61,5901.13,1967.04,91.5,83.5,288.43,2.22,-19.11,32.76,86.7
Uttar Pradesh,Etah,Western UP,2015-16,Kharif,Rice,96412.4,264781.8,2746.3,546.2,4,34.6,0,13586.95,5706.52,2445.65,98.0,84.9,225.48,2.38,-30.3,34.6,90.14
Uttar Pradesh,Etah,Western UP,2015-16,Rabi,Wheat,82386.6,335888.47,4077.0,45.0,0,30.8,0,14528.08,6537.64,2179.21,98.0,84.9,282.14,2.22,-26.47,30.8,90.14
Uttar Pradesh,Etah,Western UP,2016-17,Kharif,Rice,103406.1,330823.84,3199.3,615.9,1,32.7,0,14171.03,5951.83,2550.79,98.0,89.3,219.27,2.38,-21.41,32.7,92.78
Uttar Pradesh,Etah,Western UP,2016-17,Rabi,Wheat,92397.7,325682.16,3524.8,59.9,0,32.2,4,15817.62,7117.93,2372.64,98.0,89.3,273.9,2.22,-2.12,38.64,92.78
Uttar Pradesh,Etah,Western UP,2017-18,Kharif,Rice,65600.6,208278.75,3175.0,1041.1,6,33.0,0,9084.88,3815.65,1635.28,98.0,90.4,221.58,2.38,32.85,33.0,93.44
Uttar Pradesh,Etah,Western UP,2017-18,Rabi,Wheat,102356.4,410418.23,4009.7,83.6,0,32.0,0,17861.9,8037.85,2679.28,98.0,90.4,279.21,2.22,36.61,32.0,93.44
Uttar Pradesh,Etah,Western UP,2018-19,Kharif,Rice,94997.8,303389.33,3193.6,810.4,5,33.8,0,13377.32,5618.47,2407.92,98.0,87.0,225.31,2.38,3.41,33.8,91.4
Uttar Pradesh,Etah,Western UP,2018-19,Rabi,Wheat,94609.1,386264.57,4082.7,67.2,0,31.1,0,17261.34,7767.6,2589.2,98.0,87.0,291.92,2.22,9.81,31.1,91.4
Uttar Pradesh,Kasganj,Western UP,1997-98,Kharif,Rice,88394.7,211283.4,2390.2,743.7,5,32.4,0,8908.21,3741.45,1603.48,83.9,80.5,161.24,2.38,-4.58,32.4,81.86
Uttar Pradesh,Kasganj,Western UP,1997-98,Rabi,Wheat,98341.2,277505.7,2821.9,36.0,0,32.4,0,13142.23,5914.0,1971.33,83.9,80.5,213.82,2.22,-46.34,32.4,81.86
Uttar Pradesh,Kasganj,Western UP,1998-99,Kharif,Rice,84667.3,216974.78,2562.7,564.4,3,32.7,0,10271.6,4314.07,1848.89,87.0,81.4,194.11,2.38,-27.59,32.7,83.64
Uttar Pradesh,Kasganj,Western UP,1998-99,Rabi,Wheat,71341.7,199452.21,2795.7,61.8,0,29.7,0,10345.73,4655.58,1551.86,87.0,81.4,232.03,2.22,-7.88,29.7,83.64
Uttar Pradesh,Kasganj,Western UP,1999-00,Kharif,Rice,86382.7,223258.91,2584.5,813.8,5,33.3,0,9687.03,4068.55,1743.67,89.4,81.1,179.43,2.38,4.41,33.3,84.42
Uttar Pradesh,Kasganj,Western UP,1999-00,Rabi,Wheat,85589.0,212418.14,2481.8,37.5,0,32.3,5,12890.93,5800.92,1933.64,89.4,81.1,240.98,2.22,-44.1,40.38,84.42
Uttar Pradesh,Kasganj,Western UP,2000-01,Kharif,Rice,85395.6,217435.97,2546.2,869.4,6,33.0,0,10612.79,4457.37,1910.3,83.3,86.3,198.84,2.38,11.54,33.0,85.1
Uttar Pradesh,Kasganj,Western UP,2000-01,Rabi,Wheat,83611.2,261651.82,3129.4,54.8,0,30.5,0,11995.59,5398.02,1799.34,83.3,86.3,229.55,2.22,-18.32,30.5,85.1
Uttar Pradesh,Kasganj,Western UP,2001-02,Kharif,Rice,73188.1,186341.8,2546.1,858.0,6,33.0,0,8339.55,3502.61,1501.12,85.9,86.3,182.31,2.38,10.08,33.0,86.14
Uttar Pradesh,Kasganj,Western UP,2001-02,Rabi,Wheat,92819.3,269818.66,2906.9,63.3,0,31.3,0,13624.43,6130.99,2043.66,85.9,86.3,234.86,2.22,-5.65,31.3,86.14
Uttar Pradesh,Kasganj,Western UP,2002-03,Kharif,Rice,80871.6,198872.86,2459.1,455.2,0,32.2,0,9779.28,4107.3,1760.27,96.2,86.4,193.48,2.38,-41.6,32.2,90.32
Uttar Pradesh,Kasganj,Western UP,2002-03,Rabi,Wheat,101465.8,335808.65,3309.6,52.6,0,32.4,2,16124.31,7255.94,2418.65,96.2,86.4,254.26,2.22,-21.6,35.64,90.32
Uttar Pradesh,Kasganj,Western UP,2003-04,Kharif,Rice,83523.1,229507.38,2747.8,782.8,4,33.0,0,11347.87,4766.1,2042.62,90.2,88.2,217.38,2.38,0.43,33.0,89.0
Uttar Pradesh,Kasganj,Western UP,2003-04,Rabi,Wheat,75217.4,254946.53,3389.5,97.9,0,29.0,0,12197.58,5488.91,1829.64,90.2,88.2,259.46,2.22,45.93,29.0,89.0
Uttar Pradesh,Kasganj,Western UP,2004-05,Kharif,Rice,69852.0,141155.12,2020.8,420.8,6,34.6,0,9286.87,3900.48,1671.64,88.4,81.4,212.72,2.38,-46.01,34.6,84.2
Uttar Pradesh,Kasganj,Western UP,2004-05,Rabi,Wheat,77182.5,266399.85,3451.6,7.1,0,31.9,0,14301.98,6435.89,2145.3,88.4,81.4,296.48,2.22,-89.42,31.9,84.2
Uttar Pradesh,Kasganj,Western UP,2005-06,Kharif,Rice,74015.3,188276.86,2543.8,701.6,6,32.8,0,9916.43,4164.9,1784.96,90.3,81.5,214.37,2.38,-9.99,32.8,85.02
Uttar Pradesh,Kasganj,Western UP,2005-06,Rabi,Wheat,106866.7,354427.62,3316.5,60.1,0,30.6,0,19162.77,8623.25,2874.42,90.3,81.5,286.9,2.22,-10.42,30.6,85.02
Uttar Pradesh,Kasganj,Western UP,2006-07,Kharif,Rice,61179.1,166905.38,2728.1,927.6,7,33.1,0,7229.46,3036.37,1301.3,95.3,84.2,189.07,2.38,19.01,33.1,88.64
Uttar Pradesh,Kasganj,Western UP,2006-07,Rabi,Wheat,82931.5,256934.68,3098.2,49.5,0,31.3,3,12677.35,5704.81,1901.6,95.3,84.2,244.58,2.22,-26.22,35.99,88.64
Uttar Pradesh,Kasganj,Western UP,2007-08,Kharif,Rice,58073.2,161892.25,2787.7,762.0,5,32.1,0,6798.57,2855.4,1223.74,95.1,82.7,187.31,2.38,-2.24,32.1,87.66
Uttar Pradesh,Kasganj,Western UP,2007-08,Rabi,Wheat,98616.3,324875.32,3294.3,99.2,0,29.7,0,15427.71,6942.47,2314.16,95.1,82.7,250.31,2.22,47.86,29.7,87.66
Uttar Pradesh,Kasganj,Western UP,2008-09,Kharif,Rice,63882.8,174738.84,2735.3,1027.6,9,33.0,0,7703.6,3235.51,1386.65,93.5,86.3,192.94,2.38,31.84,33.0,89.18
Uttar Pradesh,Kasganj,Western UP,2008-09,Rabi,Wheat,95017.5,281485.17,2962.5,88.7,0,33.0,5,16405.3,7382.39,2460.8,93.5,86.3,276.25,2.22,32.21,41.25,89.18
Uttar Pradesh,Kasganj,Western UP,2009-10,Kharif,Rice,85775.5,222307.61,2591.7,690.3,6,33.2,0,11403.16,4789.33,2052.57,95.6,85.5,212.71,2.38,-11.44,33.2,89.54
Uttar Pradesh,Kasganj,Western UP,2009-10,Rabi,Wheat,80689.3,296312.92,3672.3,29.2,0,29.1,0,13288.32,5979.74,1993.25,95.6,85.5,263.5,2.22,-56.48,29.1,89.54
Uttar Pradesh,Kasganj,Western UP,2010-11,Kharif,Rice,76044.6,230001.22,3024.6,939.5,4,33.3,0,10681.72,4486.32,1922.71,91.3,83.9,224.75,2.38,20.54,33.3,86.86
Uttar Pradesh,Kasganj,Western UP,2010-11,Rabi,Wheat,88175.4,303436.85,3441.3,65.7,0,32.1,0,15680.32,7056.14,2352.05,91.3,83.9,284.53,2.22,-2.07,32.1,86.86
Uttar Pradesh,Kasganj,Western UP,2011-12,Kharif,Rice,90745.0,278937.8,3073.9,747.0,3,33.3,0,13007.05,5462.96,2341.27,96.9,86.5,229.34,2.38,-4.16,33.3,90.66
Uttar Pradesh,Kasganj,Western UP,2011-12,Rabi,Wheat,73268.0,268954.28,3670.8,92.9,0,30.1,0,10675.14,4803.81,1601.27,96.9,86.5,233.12,2.22,38.47,30.1,90.66
Uttar Pradesh,Kasganj,Western UP,2012-13,Kharif,Rice,95574.2,311504.55,3259.3,772.3,2,33.9,0,11273.61,4734.92,2029.25,92.6,87.5,188.73,2.38,-0.91,33.9,89.54
Uttar Pradesh,Kasganj,Western UP,2012-13,Rabi,Wheat,82193.6,289428.15,3521.3,56.0,0,31.5,1,13405.3,6032.39,2010.8,92.6,87.5,260.95,2.22,-16.53,33.08,89.54
Uttar Pradesh,Kasganj,Western UP,2013-14,Kharif,Rice,101832.6,0.0,2892.9,1042.2,12,33.9,0,14425.1,6058.54,2596.52,90.5,86.5,226.65,2.38,33.71,33.9,88.1
Uttar Pradesh,Kasganj,Western UP,2013-14,Rabi,Wheat,81826.4,285185.6,3485.3,84.4,0,31.9,2,14391.39,6476.12,2158.71,90.5,86.5,281.4,2.22,25.8,35.09,88.1
Uttar Pradesh,Kasganj,Western UP,2014-15,Kharif,Rice,105063.7,313818.03,2986.9,668.5,1,33.8,0,13687.7,5748.84,2463.79,93.2,87.8,208.45,2.38,-14.23,33.8,89.96
Uttar Pradesh,Kasganj,Western UP,2014-15,Rabi,Wheat,90588.8,348577.66,3847.9,76.7,0,29.7,0,16702.74,7516.23,2505.41,93.2,87.8,295.01,2.22,14.33,29.7,89.96
Uttar Pradesh,Kasganj,Western UP,2015-16,Kharif,Rice,80243.6,225070.73,2804.8,460.6,1,32.2,0,10798.95,4535.56,1943.81,94.5,86.4,215.32,2.38,-40.91,32.2,89.64
Uttar Pradesh,Kasganj,Western UP,2015-16,Rabi,Wheat,80990.1,252704.22,3120.2,50.0,0,32.7,5,14181.33,6381.6,2127.2,94.5,86.4,280.16,2.22,-25.47,40.88,89.64
Uttar Pradesh,Kasganj,Western UP,2016-17,Kharif,Rice,98304.5,296480.31,3015.9,873.4,3,33.4,0,12343.45,5184.25,2221.82,98.0,88.6,200.9,2.38,12.06,33.4,92.36
Uttar Pradesh,Kasganj,Western UP,2016-17,Rabi,Wheat,107012.8,409013.67,3822.1,90.3,0,29.3,0,18576.22,8359.3,2786.43,98.0,88.6,277.74,2.22,34.6,29.3,92.36
Uttar Pradesh,Kasganj,Western UP,2017-18,Kharif,Rice,49885.4,162786.46,3263.2,1057.0,2,33.1,0,6961.28,2923.74,1253.03,97.3,89.5,223.27,2.38,35.61,33.1,92.62
Uttar Pradesh,Kasganj,Western UP,2017-18,Rabi,Wheat,92518.0,333266.24,3602.2,90.8,0,32.0,3,16958.78,7631.45,2543.82,97.3,89.5,293.28,2.22,35.34,36.8,92.62
Uttar Pradesh,Kasganj,Western UP,2018-19,Kharif,Rice,73576.8,210128.16,2855.9,868.3,5,31.6,0,10029.21,4212.27,1805.26,95.4,85.6,218.1,2.38,11.4,31.6,89.52
Uttar Pradesh,Kasganj,Western UP,2018-19,Rabi,Wheat,88327.8,361440.04,4092.0,118.6,0,32.3,0,13939.79,6272.9,2090.97,95.4,85.6,252.51,2.22,76.78,32.3,89.52
Uttar Pradesh,Lucknow,Central UP,1997-98,Kharif,Rice,99785.9,214816.34,2152.8,891.7,7,33.3,0,10226.7,4295.22,1840.81,76.6,75.1,163.98,2.38,10.88,33.3,75.7
Uttar Pradesh,Lucknow,Central UP,1997-98,Rabi,Wheat,83709.3,199650.43,2385.0,23.8,0,32.2,2,9926.72,4467.03,1489.01,76.6,75.1,189.74,2.22,-57.19,35.42,75.7
Uttar Pradesh,Lucknow,Central UP,1998-99,Kharif,Rice,111624.4,265126.98,2375.2,819.0,3,34.1,0,12769.2,5363.07,2298.46,73.0,73.1,183.03,2.38,1.84,34.1,73.06
Uttar Pradesh,Lucknow,Central UP,1998-99,Rabi,Wheat,96870.3,239788.15,2475.4,72.8,0,30.6,0,12128.95,5458.03,1819.34,73.0,73.1,200.33,2.22,30.94,30.6,73.06
Uttar Pradesh,Lucknow,Central UP,1999-00,Kharif,Rice,60044.7,133640.79,2225.7,861.0,4,33.9,0,5053.09,2122.3,909.56,67.6,71.1,134.65,2.38,7.06,33.9,69.7
Uttar Pradesh,Lucknow,Central UP,1999-00,Rabi,Wheat,93815.6,222523.52,2371.9,47.9,0,31.2,0,12755.62,5740.03,1913.34,67.6,71.1,217.54,2.22,-13.85,31.2,69.7
Uttar Pradesh,Lucknow,Central UP,2000-01,Kharif,Rice,105503.7,216373.34,2050.9,771.5,6,33.6,0,9418.1,3955.6,1695.26,75.8,75.3,142.83,2.38,-4.07,33.6,75.5
Uttar Pradesh,Lucknow,Central UP,2000-01,Rabi,Wheat,75191.0,196250.57,2610.0,43.8,0,29.0,0,9722.01,4374.9,1458.3,75.8,75.3,206.88,2.22,-21.22,29.0,75.5
Uttar Pradesh,Lucknow,Central UP,2001-02,Kharif,Rice,98453.9,248768.47,2526.7,834.6,4,32.9,0,9480.0,3981.6,1706.4,81.1,75.8,154.06,2.38,3.78,32.9,77.92
Uttar Pradesh,Lucknow,Central UP,2001-02,Rabi,Wheat,83009.4,166651.75,2007.6,69.5,0,33.9,9,9779.95,4400.98,1466.99,81.1,75.8,188.51,2.22,25.0,49.15,77.92
Uttar Pradesh,Lucknow,Central UP,2002-03,Kharif,Rice,88613.7,150889.61,1702.8,360.0,4,33.4,0,9777.25,4106.45,1759.91,74.5,73.2,176.54,2.38,-55.24,33.4,73.72
Uttar Pradesh,Lucknow,Central UP,2002-03,Rabi,Wheat,105581.3,250063.81,2368.4,47.2,0,32.8,2,13985.01,6293.25,2097.75,74.5,73.2,211.93,2.22,-15.11,36.08,73.72
Uttar Pradesh,Lucknow,Central UP,2003-04,Kharif,Rice,76320.2,197867.67,2592.6,815.4,3,32.5,0,8956.97,3761.93,1612.25,77.1,76.4,187.78,2.38,1.39,32.5,76.68
Uttar Pradesh,Lucknow,Central UP,2003-04,Rabi,Wheat,82256.5,194454.05,2364.0,73.0,0,32.3,3,11205.6,5042.52,1680.84,77.1,76.4,217.96,2.22,31.29,37.14,76.68
Uttar Pradesh,Lucknow,Central UP,2004-05,Kharif,Rice,92125.5,200853.35,2180.2,593.7,4,33.2,0,8717.7,3661.44,1569.19,83.4,71.3,151.41,2.38,-26.18,33.2,76.14
Uttar Pradesh,Lucknow,Central UP,2004-05,Rabi,Wheat,107140.9,267436.48,2496.1,20.5,0,32.7,5,14973.35,6738.01,2246.0,83.4,71.3,223.61,2.22,-63.13,40.88,76.14
Uttar Pradesh,Lucknow,Central UP,2005-06,Kharif,Rice,95062.4,214270.51,2254.0,923.3,7,33.5,0,11171.99,4692.24,2010.96,84.2,74.4,188.04,2.38,14.81,33.5,78.32
Uttar Pradesh,Lucknow,Central UP,2005-06,Rabi,Wheat,88500.9,255262.1,2884.3,67.5,0,31.7,1,11876.8,5344.56,1781.52,84.2,74.4,214.72,2.22,21.4,33.29,78.32
Uttar Pradesh,Lucknow,Central UP,2006-07,Kharif,Rice,87935.2,212131.88,2412.4,780.5,3,32.1,0,9087.25,3816.64,1635.7,85.3,79.6,165.34,2.38,-2.95,32.1,81.88
Uttar Pradesh,Lucknow,Central UP,2006-07,Rabi,Wheat,75578.3,214798.13,2842.1,36.0,0,31.7,0,10706.47,4817.91,1605.97,85.3,79.6,226.66,2.22,-35.25,31.7,81.88
Uttar Pradesh,Lucknow,Central UP,2007-08,Kharif,Rice,99529.3,275614.17,2769.2,747.0,3,34.4,0,11619.08,4880.02,2091.44,80.0,76.3,186.78,2.38,-7.12,34.4,77.78
Uttar Pradesh,Lucknow,Central UP,2007-08,Rabi,Wheat,82081.5,224283.63,2732.4,48.0,0,29.8,0,11889.33,5350.2,1783.4,80.0,76.3,231.76,2.22,-13.67,29.8,77.78
Uttar Pradesh,Lucknow,Central UP,2008-09,Kharif,Rice,91488.9,238956.65,2611.9,1125.3,1,33.1,0,8975.26,3769.61,1615.55,80.7,78.6,156.96,2.38,39.92,33.1,79.44
Uttar Pradesh,Lucknow,Central UP,2008-09,Rabi,Wheat,91599.3,256737.75,2802.8,69.0,0,30.8,0,13531.37,6089.12,2029.71,80.7,78.6,236.36,2.22,24.1,30.8,79.44
Uttar Pradesh,Lucknow,Central UP,2009-10,Kharif,Rice,99766.8,227382.94,2279.1,464.5,2,32.7,0,10485.65,4403.97,1887.42,80.8,80.4,168.16,2.38,-42.24,32.7,80.56
Uttar Pradesh,Lucknow,Central UP,2009-10,Rabi,Wheat,84062.1,259161.04,3083.0,16.1,0,30.7,0,10441.93,4698.87,1566.29,80.8,80.4,198.75,2.22,-71.04,30.7,80.56
Uttar Pradesh,Lucknow,Central UP,2010-11,Kharif,Rice,85769.0,205925.29,2400.9,716.9,6,34.0,0,8980.33,3771.74,1616.46,82.7,79.1,167.53,2.38,-10.86,34.0,80.54
Uttar Pradesh,Lucknow,Central UP,2010-11,Rabi,Wheat,109306.7,309700.31,2833.3,52.2,0,32.6,3,15629.61,7033.33,2344.44,82.7,79.1,228.78,2.22,-6.12,37.49,80.54
Uttar Pradesh,Lucknow,Central UP,2011-12,Kharif,Rice,99659.2,260433.94,2613.2,712.9,2,31.5,0,11159.37,4686.94,2008.69,87.2,77.2,179.16,2.38,-11.36,31.5,81.2
Uttar Pradesh,Lucknow,Central UP,2011-12,Rabi,Wheat,73554.9,234362.03,3186.2,64.5,0,30.5,0,11199.41,5039.73,1679.91,87.2,77.2,243.61,2.22,16.01,30.5,81.2
Uttar Pradesh,Lucknow,Central UP,2012-13,Kharif,Rice,98207.9,281298.52,2864.3,834.3,3,33.4,0,10925.13,4588.56,1966.52,80.9,78.6,177.99,2.38,3.74,33.4,79.52
Uttar Pradesh,Lucknow,Central UP,2012-13,Rabi,Wheat,80557.2,211294.89,2622.9,68.0,0,34.1,4,11926.42,5366.89,1788.96,80.9,78.6,236.88,2.22,22.3,40.92,79.52
Uttar Pradesh,Lucknow,Central UP,2013-14,Kharif,Rice,87807.1,242612.75,2763.0,1134.4,2,32.3,0,9187.72,3858.84,1653.79,85.9,79.7,167.42,2.38,41.05,32.3,82.18
Uttar Pradesh,Lucknow,Central UP,2013-14,Rabi,Wheat,89375.5,275454.45,3082.0,83.6,0,32.4,1,13039.42,5867.74,1955.91,85.9,79.7,233.43,2.22,50.36,34.02,82.18
Uttar Pradesh,Lucknow,Central UP,2014-15,Kharif,Rice,103392.7,282355.78,2730.9,800.4,5,32.1,0,12333.26,5179.97,2219.99,89.7,78.0,190.86,2.38,-0.48,32.1,82.68
Uttar Pradesh,Lucknow,Central UP,2014-15,Rabi,Wheat,73162.7,213563.11,2919.0,80.8,0,33.4,5,10912.02,4910.41,1636.8,89.7,78.0,238.64,2.22,45.32,41.75,82.68
Uttar Pradesh,Lucknow,Central UP,2015-16,Kharif,Rice,98748.4,251860.04,2550.5,526.1,3,33.0,0,11731.25,4927.12,2111.62,89.0,79.5,190.08,2.38,-34.58,33.0,83.3
Uttar Pradesh,Lucknow,Central UP,2015-16,Rabi,Wheat,90350.0,306986.4,3397.7,37.7,0,30.6,0,13825.47,6221.46,2073.82,89.0,79.5,244.83,2.22,-32.19,30.6,83.3
Uttar Pradesh,Lucknow,Central UP,2016-17,Kharif,Rice,87569.0,240682.78,2748.5,835.5,5,33.9,0,11522.31,4839.37,2074.02,88.4,78.6,210.53,2.38,3.89,33.9,82.52
Uttar Pradesh,Lucknow,Central UP,2016-17,Rabi,Wheat,103237.5,336480.36,3259.3,53.2,0,30.1,0,16468.0,7410.6,2470.2,88.4,78.6,255.23,2.22,-4.32,30.1,82.52
Uttar Pradesh,Lucknow,Central UP,2017-18,Kharif,Rice,94459.1,211936.12,2243.7,1291.6,14,32.6,0,11177.59,4694.59,2011.97,84.0,80.5,189.33,2.38,60.6,32.6,81.9
Uttar Pradesh,Lucknow,Central UP,2017-18,Rabi,Wheat,110799.8,370659.41,3345.3,80.4,0,29.0,0,17444.65,7850.09,2616.7,84.0,80.5,251.91,2.22,44.6,29.0,81.9
Uttar Pradesh,Lucknow,Central UP,2018-19,Kharif,Rice,95535.6,265526.95,2779.4,965.9,3,33.1,0,12815.58,5382.54,2306.8,86.5,79.0,214.63,2.38,20.1,33.1,82.0
Uttar Pradesh,Lucknow,Central UP,2018-19,Rabi,Wheat,94561.4,325494.04,3442.1,68.7,0,33.3,0,15032.42,6764.59,2254.86,86.5,79.0,254.35,2.22,23.56,33.3,82.0
Uttar Pradesh,Unnao,Central UP,1997-98,Kharif,Rice,90082.3,229069.53,2542.9,944.6,2,33.1,0,9083.54,3815.09,1635.04,79.2,73.7,161.34,2.38,10.31,33.1,75.9
Uttar Pradesh,Unnao,Central UP,1997-98,Rabi,Wheat,85328.8,220636.64,2585.7,55.3,0,31.7,1,10016.72,4507.52,1502.51,79.2,73.7,187.82,2.22,4.3,33.29,75.9
Uttar Pradesh,Unnao,Central UP,1998-99,Kharif,Rice,85378.9,204699.14,2397.5,877.3,2,33.8,0,8932.02,3751.45,1607.76,72.5,74.4,167.39,2.38,2.45,33.8,73.64
Uttar Pradesh,Unnao,Central UP,1998-99,Rabi,Wheat,74357.8,170961.41,2299.2,27.2,0,32.2,2,9498.23,4274.21,1424.74,72.5,74.4,204.38,2.22,-48.7,35.42,73.64
Uttar Pradesh,Unnao,Central UP,1999-00,Kharif,Rice,97361.4,213855.48,2196.5,754.0,6,33.5,0,10704.72,4495.98,1926.85,77.4,75.0,175.92,2.38,-11.95,33.5,75.96
Uttar Pradesh,Unnao,Central UP,1999-00,Rabi,Wheat,99843.0,216490.32,2168.3,57.6,0,32.6,5,13041.77,5868.8,1956.27,77.4,75.0,209.0,2.22,8.63,40.75,75.96
Uttar Pradesh,Unnao,Central UP,2000-01,Kharif,Rice,109444.7,239275.86,2186.3,888.3,9,33.6,0,10485.79,4404.03,1887.44,79.9,75.8,153.29,2.38,3.74,33.6,77.44
Uttar Pradesh,Unnao,Central UP,2000-01,Rabi,Wheat,100099.8,266768.18,2665.0,67.2,0,30.4,0,12560.84,5652.38,1884.13,79.9,75.8,200.77,2.22,26.74,30.4,77.44
Uttar Pradesh,Unnao,Central UP,2001-02,Kharif,Rice,88432.6,234789.38,2655.0,736.7,3,32.8,0,9102.56,3823.07,1638.46,77.0,73.6,164.69,2.38,-13.97,32.8,74.96
Uttar Pradesh,Unnao,Central UP,2001-02,Rabi,Wheat,107905.6,265311.99,2458.7,39.0,0,33.9,3,13555.63,6100.03,2033.34,77.0,73.6,201.0,2.22,-26.45,38.98,74.96
Uttar Pradesh,Unnao,Central UP,2002-03,Kharif,Rice,116962.0,233763.35,1998.6,284.0,1,33.0,0,11859.12,4980.83,2134.64,80.6,74.1,162.23,2.38,-66.83,33.0,76.7
Uttar Pradesh,Unnao,Central UP,2002-03,Rabi,Wheat,110677.7,275950.38,2493.3,39.6,0,32.2,5,16362.15,7362.97,2454.32,80.6,74.1,236.54,2.22,-25.31,40.25,76.7
Uttar Pradesh,Unnao,Central UP,2003-04,Kharif,Rice,79515.3,200174.41,2517.4,958.9,1,32.4,0,7292.95,3063.04,1312.73,81.7,73.2,146.75,2.38,11.98,32.4,76.6
Uttar Pradesh,Unnao,Central UP,2003-04,Rabi,Wheat,108382.2,307964.33,2841.5,73.4,0,30.4,0,15042.31,6769.04,2256.35,81.7,73.2,222.06,2.22,38.43,30.4,76.6
Uttar Pradesh,Unnao,Central UP,2004-05,Kharif,Rice,91827.3,220904.66,2405.7,473.7,3,33.0,0,9021.35,3788.97,1623.84,74.7,77.0,157.19,2.38,-44.68,33.0,76.08
Uttar Pradesh,Unnao,Central UP,2004-05,Rabi,Wheat,74745.0,175569.45,2348.9,32.8,0,32.6,3,11759.52,5291.78,1763.93,74.7,77.0,251.73,2.22,-38.14,37.49,76.08
Uttar Pradesh,Unnao,Central UP,2005-06,Kharif,Rice,70136.1,177803.97,2535.1,891.8,3,33.4,0,8878.64,3729.03,1598.15,82.4,77.4,202.55,2.38,4.14,33.4,79.4
Uttar Pradesh,Unnao,Central UP,2005-06,Rabi,Wheat,107393.6,313029.19,2914.8,89.0,0,31.5,2,14040.5,6318.23,2106.08,82.4,77.4,209.18,2.22,67.85,34.65,79.4
Uttar Pradesh,Unnao,Central UP,2006-07,Kharif,Rice,80513.6,207107.45,2572.3,893.9,5,33.6,0,8400.24,3528.1,1512.04,82.7,77.4,166.93,2.38,4.39,33.6,79.52
Uttar Pradesh,Unnao,Central UP,2006-07,Rabi,Wheat,69710.8,165446.5,2373.3,51.1,0,36.0,7,9923.49,4465.57,1488.52,82.7,77.4,227.76,2.22,-3.63,48.6,79.52
Uttar Pradesh,Unnao,Central UP,2007-08,Kharif,Rice,84941.2,225173.4,2650.9,769.9,5,32.9,0,9873.93,4147.05,1777.31,83.3,77.2,185.99,2.38,-10.09,32.9,79.64
Uttar Pradesh,Unnao,Central UP,2007-08,Rabi,Wheat,84613.0,214976.01,2540.7,81.8,0,33.8,6,11515.51,5181.98,1727.33,83.3,77.2,217.75,2.22,54.27,43.94,79.64
Uttar Pradesh,Unnao,Central UP,2008-09,Kharif,Rice,89767.7,196615.67,2190.3,1221.9,13,34.9,0,8826.28,3707.04,1588.73,80.1,79.6,157.32,2.38,42.69,34.9,79.8
Uttar Pradesh,Unnao,Central UP,2008-09,Rabi,Wheat,89314.7,258373.53,2892.8,88.4,0,29.3,0,12826.53,5771.94,1923.98,80.1,79.6,229.78,2.22,66.72,29.3,79.8
Uttar Pradesh,Unnao,Central UP,2009-10,Kharif,Rice,77137.3,162132.14,2101.9,466.7,2,32.7,0,8839.33,3712.52,1591.08,81.2,81.2,183.35,2.38,-45.5,32.7,81.2
Uttar Pradesh,Unnao,Central UP,2009-10,Rabi,Wheat,70183.4,188694.49,2688.6,11.5,0,32.7,2,9044.94,4070.22,1356.74,81.2,81.2,206.2,2.22,-78.31,35.97,81.2
Uttar Pradesh,Unnao,Central UP,2010-11,Kharif,Rice,110142.5,297429.39,2700.4,903.5,5,32.8,0,12262.66,5150.32,2207.28,79.1,79.9,178.14,2.38,5.51,32.8,79.58
Uttar Pradesh,Unnao,Central UP,2010-11,Rabi,Wheat,96638.2,290709.43,3008.2,51.4,0,31.2,0,15784.67,7103.1,2367.7,79.1,79.9,261.34,2.22,-3.06,31.2,79.58
Uttar Pradesh,Unnao,Central UP,2011-12,Kharif,Rice,85997.5,226908.82,2638.6,805.3,1,33.1,0,9785.23,4109.79,1761.34,85.6,75.3,182.06,2.38,-5.96,33.1,79.42
Uttar Pradesh,Unnao,Central UP,2011-12,Rabi,Wheat,100304.6,275946.43,2751.1,39.8,0,32.7,3,14983.11,6742.4,2247.47,85.6,75.3,239.0,2.22,-24.94,37.6,79.42
Uttar Pradesh,Unnao,Central UP,2012-13,Kharif,Rice,108557.4,334025.25,3076.9,911.7,3,31.4,0,12181.92,5116.41,2192.75,81.0,79.5,179.55,2.38,6.47,31.4,80.1
Uttar Pradesh,Unnao,Central UP,2012-13,Rabi,Wheat,95876.5,278118.25,2900.8,68.9,0,32.0,3,13849.88,6232.45,2077.48,81.0,79.5,231.13,2.22,29.95,36.8,80.1
Uttar Pradesh,Unnao,Central UP,2013-14,Kharif,Rice,68115.8,166707.36,2447.4,1278.2,12,32.0,0,7903.59,3319.51,1422.65,87.3,83.2,185.65,2.38,49.27,32.0,84.84
Uttar Pradesh,Unnao,Central UP,2013-14,Rabi,Wheat,82824.9,258652.46,3122.9,53.8,0,32.0,1,12865.15,5789.32,1929.77,87.3,83.2,248.53,2.22,1.47,33.6,84.84
Uttar Pradesh,Unnao,Central UP,2014-15,Kharif,Rice,79934.4,204361.8,2556.6,782.7,7,33.6,0,11374.86,4777.44,2047.47,86.4,80.3,227.68,2.38,-8.6,33.6,82.74
Uttar Pradesh,Unnao,Central UP,2014-15,Rabi,Wheat,89717.6,292584.18,3261.2,47.0,0,31.1,0,15010.4,6754.68,2251.56,86.4,80.3,267.69,2.22,-11.36,31.1,82.74
Uttar Pradesh,Unnao,Central UP,2015-16,Kharif,Rice,92744.8,257449.37,2775.9,637.6,2,33.3,0,9872.15,4146.3,1776.99,86.6,78.9,170.31,2.38,-25.54,33.3,81.98
Uttar Pradesh,Unnao,Central UP,2015-16,Rabi,Wheat,110220.5,377563.3,3425.5,79.8,0,30.8,0,16397.75,7378.99,2459.66,86.6,78.9,238.04,2.22,50.5,30.8,81.98
Uttar Pradesh,Unnao,Central UP,2016-17,Kharif,Rice,96438.4,268874.3,2788.0,997.6,6,33.8,0,10513.79,4415.79,1892.48,82.3,82.1,174.43,2.38,16.5,33.8,82.18
Uttar Pradesh,Unnao,Central UP,2016-17,Rabi,Wheat,73536.1,226590.47,3081.3,36.4,0,31.9,1,12076.79,5434.56,1811.52,82.3,82.1,262.77,2.22,-31.35,33.49,82.18
Uttar Pradesh,Unnao,Central UP,2017-18,Kharif,Rice,82385.8,238926.66,2900.1,1105.8,1,33.5,0,9796.05,4114.34,1763.29,84.3,82.6,190.25,2.38,29.13,33.5,83.28
Uttar Pradesh,Unnao,Central UP,2017-18,Rabi,Wheat,105708.3,351135.03,3321.7,74.6,0,30.5,0,16348.45,7356.8,2452.27,84.3,82.6,247.45,2.22,40.7,30.5,83.28
Uttar Pradesh,Unnao,Central UP,2018-19,Kharif,Rice,89207.2,251627.57,2820.7,898.6,6,33.1,0,9851.94,4137.81,1773.35,84.8,81.3,176.7,2.38,4.94,33.1,82.7
Uttar Pradesh,Unnao,Central UP,2018-19,Rabi,Wheat,109277.1,378779.26,3466.2,51.3,0,29.8,0,18403.75,8281.69,2760.56,84.8,81.3,269.46,2.22,-3.25,29.8,82.7
Uttar Pradesh,Rae Bareli,Central UP,1997-98,Kharif,Rice,96627.5,227873.94,2358.3,729.8,2,33.0,0,8410.45,3532.39,1513.88,75.1,71.8,139.26,2.38,-13.55,33.0,73.12
Uttar Pradesh,Rae Bareli,Central UP,1997-98,Rabi,Wheat,113613.0,188193.32,1656.4,44.5,0,35.7,9,14803.62,6661.63,2220.54,75.1,71.8,208.48,2.22,-7.07,51.77,73.12
Uttar Pradesh,Rae Bareli,Central UP,1998-99,Kharif,Rice,99550.6,204251.04,2051.7,978.7,8,32.9,0,9880.86,4149.96,1778.55,80.8,75.0,158.81,2.38,15.93,32.9,77.32
Uttar Pradesh,Rae Bareli,Central UP,1998-99,Rabi,Wheat,95614.7,249467.71,2609.1,60.9,0,31.6,0,11131.99,5009.4,1669.8,80.8,75.0,186.28,2.22,27.18,31.6,77.32
Uttar Pradesh,Rae Bareli,Central UP,1999-00,Kharif,Rice,84348.0,203397.26,2411.4,770.4,5,33.3,0,8058.61,3384.62,1450.55,73.6,74.3,152.86,2.38,-8.74,33.3,74.02
Uttar Pradesh,Rae Bareli,Central UP,1999-00,Rabi,Wheat,64999.6,144341.24,2220.6,50.4,0,32.1,1,8108.28,3648.73,1216.24,73.6,74.3,199.59,2.22,5.25,33.71,74.02
Uttar Pradesh,Rae Bareli,Central UP,2000-01,Kharif,Rice,80251.5,177925.08,2217.1,971.9,5,33.1,0,7378.45,3098.95,1328.12,83.4,78.8,147.11,2.38,15.12,33.1,80.64
Uttar Pradesh,Rae Bareli,Central UP,2000-01,Rabi,Wheat,110322.1,274542.31,2488.6,41.1,0,28.6,0,13565.39,6104.43,2034.81,83.4,78.8,196.74,2.22,-14.17,28.6,80.64
Uttar Pradesh,Rae Bareli,Central UP,2001-02,Kharif,Rice,69704.5,154181.33,2211.9,798.8,4,33.1,0,6551.2,2751.5,1179.22,77.2,75.3,150.38,2.38,-5.38,33.1,76.06
Uttar Pradesh,Rae Bareli,Central UP,2001-02,Rabi,Wheat,76836.2,184314.95,2398.8,38.2,0,31.5,2,10790.39,4855.68,1618.56,77.2,75.3,224.69,2.22,-20.23,34.65,76.06
Uttar Pradesh,Rae Bareli,Central UP,2002-03,Kharif,Rice,96812.6,189300.35,1955.3,409.8,2,33.4,0,10151.43,4263.6,1827.26,78.8,77.0,167.77,2.38,-51.46,33.4,77.72
Uttar Pradesh,Rae Bareli,Central UP,2002-03,Rabi,Wheat,101971.1,265141.55,2600.2,30.1,0,29.3,0,14759.81,6641.92,2213.97,78.8,77.0,231.59,2.22,-37.14,29.3,77.72
Uttar Pradesh,Rae Bareli,Central UP,2003-04,Kharif,Rice,100633.3,217147.36,2157.8,933.3,8,33.3,0,10645.61,4471.16,1916.21,79.9,76.0,169.26,2.38,10.55,33.3,77.56
Uttar Pradesh,Rae Bareli,Central UP,2003-04,Rabi,Wheat,106987.0,268407.62,2508.8,51.0,0,32.6,2,15650.65,7042.79,2347.6,79.9,76.0,234.06,2.22,6.5,35.86,77.56
Uttar Pradesh,Rae Bareli,Central UP,2004-05,Kharif,Rice,73372.5,155447.11,2118.6,671.9,7,33.3,0,7261.57,3049.86,1307.08,80.7,74.6,158.35,2.38,-20.41,33.3,77.04
Uttar Pradesh,Rae Bareli,Central UP,2004-05,Rabi,Wheat,95069.5,254903.44,2681.2,14.6,0,30.7,0,13741.22,6183.55,2061.18,80.7,74.6,231.26,2.22,-69.51,30.7,77.04
Uttar Pradesh,Rae Bareli,Central UP,2005-06,Kharif,Rice,71990.8,180976.8,2513.9,868.4,7,32.8,0,7675.27,3223.61,1381.55,80.1,78.3,170.58,2.38,2.86,32.8,79.02
Uttar Pradesh,Rae Bareli,Central UP,2005-06,Rabi,Wheat,84908.9,247654.63,2916.7,67.8,0,31.2,1,11574.49,5208.52,1736.17,80.1,78.3,218.11,2.22,41.59,32.76,79.02
Uttar Pradesh,Rae Bareli,Central UP,2006-07,Kharif,Rice,99956.8,223563.56,2236.6,859.4,8,32.8,0,10794.7,4533.77,1943.05,79.4,72.9,172.79,2.38,1.8,32.8,75.5
Uttar Pradesh,Rae Bareli,Central UP,2006-07,Rabi,Wheat,98188.8,262107.36,2669.4,65.4,0,31.6,0,13781.94,6201.87,2067.29,79.4,72.9,224.58,2.22,36.58,31.6,75.5
Uttar Pradesh,Rae Bareli,Central UP,2007-08,Kharif,Rice,55349.1,130438.36,2356.6,695.0,6,34.8,0,5644.5,2370.69,1016.01,80.3,76.1,163.17,2.38,-17.67,34.8,77.78
Uttar Pradesh,Rae Bareli,Central UP,2007-08,Rabi,Wheat,87197.4,244879.79,2808.3,37.8,0,32.0,0,12359.11,5561.6,1853.87,80.3,76.1,226.78,2.22,-21.06,32.0,77.78
Uttar Pradesh,Rae Bareli,Central UP,2008-09,Kharif,Rice,54947.0,137830.74,2508.4,1186.2,5,33.5,0,6943.11,2916.11,1249.76,88.8,76.2,202.18,2.38,40.51,33.5,81.24
Uttar Pradesh,Rae Bareli,Central UP,2008-09,Rabi,Wheat,106669.7,308698.88,2894.0,28.4,0,31.5,1,15810.3,7114.64,2371.55,88.8,76.2,237.15,2.22,-40.69,33.08,81.24
Uttar Pradesh,Rae Bareli,Central UP,2009-10,Kharif,Rice,103618.2,271421.43,2619.4,569.1,1,32.7,0,10702.88,4495.21,1926.52,79.9,78.5,165.27,2.38,-32.59,32.7,79.06
Uttar Pradesh,Rae Bareli,Central UP,2009-10,Rabi,Wheat,88794.7,247749.08,2790.1,12.0,0,31.5,1,13812.89,6215.8,2071.93,79.9,78.5,248.9,2.22,-74.94,33.08,79.06
Uttar Pradesh,Rae Bareli,Central UP,2010-11,Kharif,Rice,85472.8,197834.95,2314.6,904.6,8,34.1,0,10541.11,4427.27,1897.4,84.0,78.2,197.32,2.38,7.15,34.1,80.52
Uttar Pradesh,Rae Bareli,Central UP,2010-11,Rabi,Wheat,97440.6,307063.22,3151.3,69.6,0,29.9,0,14727.96,6627.58,2209.19,84.0,78.2,241.84,2.22,45.35,29.9,80.52
Uttar Pradesh,Rae Bareli,Central UP,2011-12,Kharif,Rice,97551.1,258783.73,2652.8,825.1,5,33.3,0,11265.48,4731.5,2027.79,77.9,75.6,184.77,2.38,-2.26,33.3,76.52
Uttar Pradesh,Rae Bareli,Central UP,2011-12,Rabi,Wheat,90020.7,248356.76,2758.9,60.6,0,30.5,0,13614.29,6126.43,2042.14,77.9,75.6,241.98,2.22,26.55,30.5,76.52
Uttar Pradesh,Rae Bareli,Central UP,2012-13,Kharif,Rice,81607.9,219036.4,2684.0,959.7,4,32.4,0,10210.82,4288.54,1837.95,79.0,75.1,200.19,2.38,13.68,32.4,76.66
Uttar Pradesh,Rae Bareli,Central UP,2012-13,Rabi,Wheat,80427.6,238399.34,2964.1,65.0,0,31.1,0,12243.89,5509.75,1836.58,79.0,75.1,243.58,2.22,35.74,31.1,76.66
Uttar Pradesh,Rae Bareli,Central UP,2013-14,Kharif,Rice,90477.9,238618.54,2637.3,976.2,4,32.9,0,10231.11,4297.07,1841.6,82.5,78.3,180.93,2.38,15.63,32.9,79.98
Uttar Pradesh,Rae Bareli,Central UP,2013-14,Rabi,Wheat,104026.2,283804.53,2728.2,78.4,0,34.0,3,16368.85,7365.98,2455.33,82.5,78.3,251.77,2.22,63.72,39.1,79.98
Uttar Pradesh,Rae Bareli,Central UP,2014-15,Kharif,Rice,98695.6,240455.41,2436.3,860.6,6,31.7,0,11398.97,4787.57,2051.81,87.6,84.7,184.79,2.38,1.94,31.7,85.86
Uttar Pradesh,Rae Bareli,Central UP,2014-15,Rabi,Wheat,96820.1,307919.29,3180.3,44.3,0,30.5,0,15692.65,7061.69,2353.9,87.6,84.7,259.33,2.22,-7.49,30.5,85.86
Uttar Pradesh,Rae Bareli,Central UP,2015-16,Kharif,Rice,105623.7,237652.26,2250.0,592.2,5,34.1,0,11733.61,4928.11,2112.05,88.4,78.5,177.74,2.38,-29.85,34.1,82.46
Uttar Pradesh,Rae Bareli,Central UP,2015-16,Rabi,Wheat,94732.2,305033.23,3220.0,17.5,0,31.0,0,14615.23,6576.85,2192.28,88.4,78.5,246.85,2.22,-63.45,31.0,82.46
Uttar Pradesh,Rae Bareli,Central UP,2016-17,Kharif,Rice,76628.0,198975.27,2596.6,1031.7,5,32.4,0,9814.33,4122.02,1766.58,83.7,82.2,204.92,2.38,22.21,32.4,82.8
Uttar Pradesh,Rae Bareli,Central UP,2016-17,Rabi,Wheat,103406.0,327134.21,3163.6,47.4,0,30.7,0,16249.94,7312.47,2437.49,83.7,82.2,251.44,2.22,-1.01,30.7,82.8
Uttar Pradesh,Rae Bareli,Central UP,2017-18,Kharif,Rice,104959.3,281694.4,2683.8,1111.2,5,33.0,0,12644.8,5310.81,2276.06,85.6,74.0,192.76,2.38,31.63,33.0,78.64
Uttar Pradesh,Rae Bareli,Central UP,2017-18,Rabi,Wheat,106318.9,292272.27,2749.0,66.0,0,34.2,5,16168.38,7275.77,2425.26,85.6,74.0,243.32,2.22,37.83,42.75,78.64
Uttar Pradesh,Rae Bareli,Central UP,2018-19,Kharif,Rice,89988.3,267750.08,2975.4,817.8,0,33.3,0,10834.3,4550.41,1950.17,81.4,78.6,192.63,2.38,-3.13,33.3,79.72
Uttar Pradesh,Rae Bareli,Central UP,2018-19,Rabi,Wheat,91217.6,283584.58,3108.9,23.9,0,31.5,0,15663.49,7048.57,2349.52,81.4,78.6,274.75,2.22,-50.09,31.5,79.72
Uttar Pradesh,Sitapur,Central UP,1997-98,Kharif,Rice,105426.5,238156.97,2259.0,882.3,3,33.4,0,9765.51,4101.51,1757.79,82.2,70.0,148.21,2.38,-0.79,33.4,74.88
Uttar Pradesh,Sitapur,Central UP,1997-98,Rabi,Wheat,134188.7,358717.93,2673.2,63.3,0,30.5,0,17741.34,7983.6,2661.2,82.2,70.0,211.54,2.22,24.41,30.5,74.88
Uttar Pradesh,Sitapur,Central UP,1998-99,Kharif,Rice,69883.3,158629.2,2269.9,794.4,4,32.4,0,6977.73,2930.64,1255.99,73.5,74.9,159.76,2.38,-10.67,32.4,74.34
Uttar Pradesh,Sitapur,Central UP,1998-99,Rabi,Wheat,96182.7,239062.14,2485.5,80.4,0,32.2,2,13049.51,5872.28,1957.43,73.5,74.9,217.08,2.22,58.01,35.42,74.34
Uttar Pradesh,Sitapur,Central UP,1999-00,Kharif,Rice,92768.7,213411.66,2300.5,887.0,3,31.5,0,9636.85,4047.48,1734.63,74.9,77.9,166.21,2.38,-0.26,31.5,76.7
Uttar Pradesh,Sitapur,Central UP,1999-00,Rabi,Wheat,90397.8,214175.03,2369.2,58.0,0,31.6,2,10806.21,4862.79,1620.93,74.9,77.9,191.26,2.22,13.99,34.76,76.7
Uttar Pradesh,Sitapur,Central UP,2000-01,Kharif,Rice,71737.0,177359.16,2472.4,734.4,2,33.1,0,6585.72,2766.0,1185.43,78.0,75.3,146.89,2.38,-17.42,33.1,76.38
Uttar Pradesh,Sitapur,Central UP,2000-01,Rabi,Wheat,107805.3,277984.4,2578.6,50.4,0,29.0,0,14635.47,6585.96,2195.32,78.0,75.3,217.21,2.22,-0.95,29.0,76.38
Uttar Pradesh,Sitapur,Central UP,2001-02,Kharif,Rice,96843.4,242011.6,2499.0,871.2,4,32.8,0,9254.07,3886.71,1665.73,74.2,72.0,152.89,2.38,-2.04,32.8,72.88
Uttar Pradesh,Sitapur,Central UP,2001-02,Rabi,Wheat,102051.5,245904.26,2409.6,39.9,0,29.2,0,13865.47,6239.46,2079.82,74.2,72.0,217.39,2.22,-21.58,29.2,72.88
Uttar Pradesh,Sitapur,Central UP,2002-03,Kharif,Rice,78315.6,177854.39,2271.0,561.4,3,32.6,0,7413.54,3113.69,1334.44,78.6,73.2,151.46,2.38,-36.87,32.6,75.36
Uttar Pradesh,Sitapur,Central UP,2002-03,Rabi,Wheat,91302.3,243512.73,2667.1,19.2,0,28.4,0,11607.31,5223.29,1741.1,78.6,73.2,203.41,2.22,-62.27,28.4,75.36
Uttar Pradesh,Sitapur,Central UP,2003-04,Kharif,Rice,88905.5,235366.98,2647.4,975.7,4,32.7,0,9377.85,3938.7,1688.01,75.9,77.5,168.77,2.38,9.71,32.7,76.86
Uttar Pradesh,Sitapur,Central UP,2003-04,Rabi,Wheat,107334.8,305203.29,2843.5,37.8,0,30.4,0,14044.65,6320.09,2106.7,75.9,77.5,209.36,2.22,-25.71,30.4,76.86
Uttar Pradesh,Sitapur,Central UP,2004-05,Kharif,Rice,77068.8,194668.67,2525.9,613.2,2,33.4,0,6779.31,2847.31,1220.28,85.4,75.9,140.74,2.38,-31.05,33.4,79.7
Uttar Pradesh,Sitapur,Central UP,2004-05,Rabi,Wheat,108455.8,313551.08,2891.0,57.3,0,30.0,0,16236.48,7306.42,2435.47,85.4,75.9,239.53,2.22,12.61,30.0,79.7
Uttar Pradesh,Sitapur,Central UP,2005-06,Kharif,Rice,97335.7,219378.49,2253.8,903.4,7,34.2,0,10251.36,4305.57,1845.25,84.5,78.3,168.51,2.38,1.58,34.2,80.78
Uttar Pradesh,Sitapur,Central UP,2005-06,Rabi,Wheat,90024.3,264530.38,2938.4,61.2,0,29.7,0,12515.69,5632.06,1877.35,84.5,78.3,222.44,2.22,20.28,29.7,80.78
Uttar Pradesh,Sitapur,Central UP,2006-07,Kharif,Rice,102642.2,246157.44,2398.2,1021.5,8,33.4,0,10615.23,4458.4,1910.74,79.2,79.0,165.47,2.38,14.86,33.4,79.08
Uttar Pradesh,Sitapur,Central UP,2006-07,Rabi,Wheat,85324.3,217277.08,2546.5,53.1,0,32.3,3,10948.79,4926.95,1642.32,79.2,79.0,205.31,2.22,4.36,37.14,79.08
Uttar Pradesh,Sitapur,Central UP,2007-08,Kharif,Rice,82057.2,205786.07,2507.8,982.2,4,33.0,0,8529.62,3582.44,1535.33,83.8,78.3,166.32,2.38,10.44,33.0,80.5
Uttar Pradesh,Sitapur,Central UP,2007-08,Rabi,Wheat,101884.2,297681.23,2921.8,56.1,0,30.3,0,14352.03,6458.41,2152.8,83.8,78.3,225.39,2.22,10.26,30.3,80.5
Uttar Pradesh,Sitapur,Central UP,2008-09,Kharif,Rice,111582.0,264736.66,2372.6,1315.2,7,33.8,0,12802.98,5377.25,2304.54,81.5,75.2,183.58,2.38,47.89,33.8,77.72
Uttar Pradesh,Sitapur,Central UP,2008-09,Rabi,Wheat,93646.5,262044.84,2798.2,66.8,0,31.4,0,13135.16,5910.82,1970.27,81.5,75.2,224.42,2.22,31.29,31.4,77.72
Uttar Pradesh,Sitapur,Central UP,2009-10,Kharif,Rice,99341.4,244093.98,2457.1,614.2,5,32.9,0,13087.56,5496.77,2355.76,85.4,75.6,210.79,2.38,-30.94,32.9,79.52
Uttar Pradesh,Sitapur,Central UP,2009-10,Rabi,Wheat,108814.7,325628.08,2992.5,21.2,0,31.2,2,17565.18,7904.33,2634.78,85.4,75.6,258.28,2.22,-58.33,34.32,79.52
Uttar Pradesh,Sitapur,Central UP,2010-11,Kharif,Rice,65150.9,180816.47,2775.3,955.7,3,33.1,0,7438.74,3124.27,1338.97,80.8,79.4,182.68,2.38,7.46,33.1,79.96
Uttar Pradesh,Sitapur,Central UP,2010-11,Rabi,Wheat,99899.1,298393.9,2987.0,58.1,0,30.6,0,14135.26,6360.87,2120.29,80.8,79.4,226.39,2.22,14.19,30.6,79.96
Uttar Pradesh,Sitapur,Central UP,2011-12,Kharif,Rice,93328.7,259694.25,2782.6,895.8,4,33.2,0,9895.44,4156.08,1781.18,75.4,76.7,169.64,2.38,0.73,33.2,76.18
Uttar Pradesh,Sitapur,Central UP,2011-12,Rabi,Wheat,89065.0,242680.01,2724.8,33.0,0,32.7,3,13852.02,6233.41,2077.8,75.4,76.7,248.84,2.22,-35.14,37.6,76.18
Uttar Pradesh,Sitapur,Central UP,2012-13,Kharif,Rice,89693.6,228302.5,2545.4,821.0,5,33.9,0,10266.65,4311.99,1848.0,80.4,75.2,183.14,2.38,-7.68,33.9,77.28
Uttar Pradesh,Sitapur,Central UP,2012-13,Rabi,Wheat,106519.3,307234.61,2884.3,49.2,0,32.8,2,17013.55,7656.1,2552.03,80.4,75.2,255.56,2.22,-3.3,36.08,77.28
Uttar Pradesh,Sitapur,Central UP,2013-14,Kharif,Rice,75708.7,197116.77,2603.6,1264.9,4,33.7,0,8822.09,3705.28,1587.98,83.7,80.1,186.44,2.38,42.23,33.7,81.54
Uttar Pradesh,Sitapur,Central UP,2013-14,Rabi,Wheat,101010.2,305386.58,3023.3,67.9,0,31.5,0,15615.55,7027.0,2342.33,83.7,80.1,247.35,2.22,33.45,31.5,81.54
Uttar Pradesh,Sitapur,Central UP,2014-15,Kharif,Rice,100070.8,295415.22,2952.1,942.0,2,33.8,0,12198.03,5123.17,2195.64,82.7,79.4,195.03,2.38,5.92,33.8,80.72
Uttar Pradesh,Sitapur,Central UP,2014-15,Rabi,Wheat,99079.6,326337.03,3293.7,62.0,0,29.4,0,14666.38,6599.87,2199.96,82.7,79.4,236.84,2.22,21.85,29.4,80.72
Uttar Pradesh,Sitapur,Central UP,2015-16,Kharif,Rice,92895.3,198952.54,2141.7,316.0,2,33.4,0,10502.31,4410.97,1890.42,87.9,77.2,180.89,2.38,-64.47,33.4,81.48
Uttar Pradesh,Sitapur,Central UP,2015-16,Rabi,Wheat,84417.2,284786.8,3373.6,14.2,0,31.4,0,12820.47,5769.21,1923.07,87.9,77.2,242.99,2.22,-72.09,31.4,81.48
Uttar Pradesh,Sitapur,Central UP,2016-17,Kharif,Rice,99230.4,283310.07,2855.1,1011.6,8,32.7,0,11248.92,4724.54,2024.8,83.2,78.5,181.38,2.38,13.75,32.7,80.38
Uttar Pradesh,Sitapur,Central UP,2016-17,Rabi,Wheat,92349.7,300782.61,3257.0,29.0,0,32.0,1,13738.23,6182.2,2060.73,83.2,78.5,238.02,2.22,-43.0,33.6,80.38
Uttar Pradesh,Sitapur,Central UP,2017-18,Kharif,Rice,79487.6,209728.07,2638.5,1385.1,7,33.2,0,8964.63,3765.14,1613.63,88.1,81.9,180.45,2.38,55.75,33.2,84.38
Uttar Pradesh,Sitapur,Central UP,2017-18,Rabi,Wheat,103839.4,309667.18,2982.2,113.2,0,32.0,4,16682.37,7507.07,2502.36,88.1,81.9,257.05,2.22,122.48,38.4,84.38
Uttar Pradesh,Sitapur,Central UP,2018-19,Kharif,Rice,90557.7,274135.51,3027.2,800.5,3,32.7,0,10166.77,4270.04,1830.02,90.8,81.5,179.63,2.38,-9.99,32.7,85.22
Uttar Pradesh,Sitapur,Central UP,2018-19,Rabi,Wheat,84340.4,231441.39,2744.1,71.8,0,33.4,7,14863.71,6688.67,2229.56,90.8,81.5,281.98,2.22,41.11,45.09,85.22
Uttar Pradesh,Hardoi,Central UP,1997-98,Kharif,Rice,91700.7,221002.46,2410.0,828.5,3,33.1,0,8738.97,3670.37,1573.02,75.7,73.0,152.48,2.38,-5.4,33.1,74.08
Uttar Pradesh,Hardoi,Central UP,1997-98,Rabi,Wheat,73575.5,169154.08,2299.1,49.0,0,30.5,0,10659.02,4796.56,1598.85,75.7,73.0,231.79,2.22,-2.12,30.5,74.08
Uttar Pradesh,Hardoi,Central UP,1998-99,Kharif,Rice,73232.6,156248.8,2133.6,977.5,5,33.9,0,6962.35,2924.19,1253.22,73.5,77.4,152.11,2.38,11.62,33.9,75.84
Uttar Pradesh,Hardoi,Central UP,1998-99,Rabi,Wheat,101468.7,228067.72,2247.7,67.6,0,28.8,0,13651.87,6143.34,2047.78,73.5,77.4,215.27,2.22,35.03,28.8,75.84
Uttar Pradesh,Hardoi,Central UP,1999-00,Kharif,Rice,57075.7,116856.38,2047.4,937.4,7,33.2,0,5780.1,2427.64,1040.42,71.6,75.2,162.03,2.38,7.04,33.2,73.76
Uttar Pradesh,Hardoi,Central UP,1999-00,Rabi,Wheat,81440.4,187492.64,2302.2,57.1,0,31.3,0,10697.76,4813.99,1604.66,71.6,75.2,210.17,2.22,14.06,31.3,73.76
Uttar Pradesh,Hardoi,Central UP,2000-01,Kharif,Rice,81025.2,178220.87,2199.6,749.6,6,32.0,0,7525.9,3160.88,1354.66,82.1,74.2,148.61,2.38,-14.41,32.0,77.36
Uttar Pradesh,Hardoi,Central UP,2000-01,Rabi,Wheat,50919.2,125973.56,2474.0,81.3,0,30.3,0,6488.24,2919.71,973.24,82.1,74.2,203.88,2.22,62.4,30.3,77.36
Uttar Pradesh,Hardoi,Central UP,2001-02,Kharif,Rice,59250.1,125994.39,2126.5,783.9,5,33.0,0,6885.99,2892.12,1239.48,77.8,75.1,185.95,2.38,-10.49,33.0,76.18
Uttar Pradesh,Hardoi,Central UP,2001-02,Rabi,Wheat,95746.1,228889.08,2390.6,39.9,0,29.2,0,13692.83,6161.77,2053.92,77.8,75.1,228.82,2.22,-20.3,29.2,76.18
Uttar Pradesh,Hardoi,Central UP,2002-03,Kharif,Rice,92499.3,203420.82,2199.2,780.2,6,32.7,0,8812.84,3701.39,1586.31,81.2,76.0,152.44,2.38,-10.91,32.7,78.08
Uttar Pradesh,Hardoi,Central UP,2002-03,Rabi,Wheat,75121.0,196772.52,2619.4,22.6,0,28.8,0,10035.82,4516.12,1505.37,81.2,76.0,213.75,2.22,-54.86,28.8,78.08
Uttar Pradesh,Hardoi,Central UP,2003-04,Kharif,Rice,92402.4,195699.44,2117.9,937.9,8,35.2,0,9142.02,3839.65,1645.56,81.3,74.1,158.3,2.38,7.1,35.2,76.98
Uttar Pradesh,Hardoi,Central UP,2003-04,Rabi,Wheat,75188.1,173973.34,2313.8,66.0,0,32.6,5,8856.55,3985.45,1328.48,81.3,74.1,188.47,2.22,31.83,40.75,76.98
Uttar Pradesh,Hardoi,Central UP,2004-05,Kharif,Rice,107309.2,213185.7,1986.6,472.9,2,33.5,0,12077.9,5072.72,2174.02,77.5,75.5,180.08,2.38,-46.0,33.5,76.3
Uttar Pradesh,Hardoi,Central UP,2004-05,Rabi,Wheat,79921.8,193941.05,2426.6,42.4,0,29.2,0,11133.07,5009.88,1669.96,77.5,75.5,222.88,2.22,-15.31,29.2,76.3
Uttar Pradesh,Hardoi,Central UP,2005-06,Kharif,Rice,106141.7,251084.8,2365.6,968.4,6,33.0,0,11508.11,4833.41,2071.46,85.5,77.6,173.48,2.38,10.58,33.0,80.76
Uttar Pradesh,Hardoi,Central UP,2005-06,Rabi,Wheat,88792.2,221529.85,2494.9,45.6,0,32.8,3,12801.92,5760.87,1920.29,85.5,77.6,230.69,2.22,-8.91,37.72,80.76
Uttar Pradesh,Hardoi,Central UP,2006-07,Kharif,Rice,84998.8,189187.48,2225.8,809.9,8,31.9,0,7626.47,3203.12,1372.76,77.8,77.7,143.56,2.38,-7.52,31.9,77.74
Uttar Pradesh,Hardoi,Central UP,2006-07,Rabi,Wheat,93487.6,239415.16,2560.9,62.6,0,29.2,0,13327.37,5997.32,1999.11,77.8,77.7,228.09,2.22,25.04,29.2,77.74
Uttar Pradesh,Hardoi,Central UP,2007-08,Kharif,Rice,76267.8,157454.63,2064.5,1023.5,10,33.2,0,8091.04,3398.24,1456.39,76.1,75.7,169.74,2.38,16.87,33.2,75.86
Uttar Pradesh,Hardoi,Central UP,2007-08,Rabi,Wheat,85727.0,216931.05,2530.5,40.6,0,29.5,0,11680.36,5256.16,1752.05,76.1,75.7,218.0,2.22,-18.9,29.5,75.86
Uttar Pradesh,Hardoi,Central UP,2008-09,Kharif,Rice,76063.6,165823.02,2180.1,1337.2,10,33.4,0,9008.97,3783.77,1621.61,84.3,79.4,189.5,2.38,52.69,33.4,81.36
Uttar Pradesh,Hardoi,Central UP,2008-09,Rabi,Wheat,79806.4,229947.26,2881.3,72.8,0,29.7,0,11612.0,5225.4,1741.8,84.3,79.4,232.8,2.22,45.42,29.7,81.36
Uttar Pradesh,Hardoi,Central UP,2009-10,Kharif,Rice,105659.4,230256.03,2179.2,557.4,2,33.1,0,11419.47,4796.18,2055.5,83.4,76.6,172.92,2.38,-36.35,33.1,79.32
Uttar Pradesh,Hardoi,Central UP,2009-10,Rabi,Wheat,84188.0,225119.41,2674.0,54.5,0,29.3,0,12620.52,5679.23,1893.08,83.4,76.6,239.85,2.22,8.86,29.3,79.32
Uttar Pradesh,Hardoi,Central UP,2010-11,Kharif,Rice,94615.0,241273.4,2550.1,877.2,2,32.4,0,10890.09,4573.84,1960.22,90.3,80.9,184.16,2.38,0.16,32.4,84.66
Uttar Pradesh,Hardoi,Central UP,2010-11,Rabi,Wheat,88749.2,240042.22,2704.7,38.5,0,32.3,2,11872.73,5342.73,1780.91,90.3,80.9,214.05,2.22,-23.1,35.53,84.66
Uttar Pradesh,Hardoi,Central UP,2011-12,Kharif,Rice,70177.4,166419.38,2371.4,896.2,3,33.5,0,8142.88,3420.01,1465.72,83.7,75.4,185.65,2.38,2.33,33.5,78.72
Uttar Pradesh,Hardoi,Central UP,2011-12,Rabi,Wheat,97863.8,186581.2,1906.5,60.1,0,33.4,9,15926.24,7166.81,2388.94,83.7,75.4,260.38,2.22,20.05,48.43,78.72
Uttar Pradesh,Hardoi,Central UP,2012-13,Kharif,Rice,98747.7,246520.25,2496.5,761.4,5,32.7,0,10974.15,4609.14,1975.35,86.1,76.3,177.81,2.38,-13.06,32.7,80.22
Uttar Pradesh,Hardoi,Central UP,2012-13,Rabi,Wheat,75401.6,159749.82,2118.7,64.3,0,34.1,8,12165.75,5474.59,1824.86,86.1,76.3,258.15,2.22,28.44,47.74,80.22
Uttar Pradesh,Hardoi,Central UP,2013-14,Kharif,Rice,77332.4,163991.91,2120.6,1195.2,10,33.2,0,9249.83,3884.93,1664.97,86.4,81.1,191.38,2.38,36.48,33.2,83.22
Uttar Pradesh,Hardoi,Central UP,2013-14,Rabi,Wheat,88326.5,266766.33,3020.2,88.7,0,31.2,0,13360.69,6012.31,2004.1,86.4,81.1,242.02,2.22,77.18,31.2,83.22
Uttar Pradesh,Hardoi,Central UP,2014-15,Kharif,Rice,75845.3,200012.09,2637.1,799.3,5,32.5,0,8307.41,3489.11,1495.33,82.1,74.9,175.25,2.38,-8.73,32.5,77.78
Uttar Pradesh,Hardoi,Central UP,2014-15,Rabi,Wheat,69056.0,179252.25,2595.8,52.3,0,32.1,5,10131.97,4559.38,1519.79,82.1,74.9,234.75,2.22,4.47,40.12,77.78
Uttar Pradesh,Hardoi,Central UP,2015-16,Kharif,Rice,89054.0,230298.07,2586.1,687.7,2,33.3,0,10442.15,4385.7,1879.59,82.3,76.4,187.61,2.38,-21.47,33.3,78.76
Uttar Pradesh,Hardoi,Central UP,2015-16,Rabi,Wheat,84394.5,242821.88,2877.2,22.7,0,31.9,1,13887.03,6249.16,2083.05,82.3,76.4,263.28,2.22,-54.66,33.49,78.76
Uttar Pradesh,Hardoi,Central UP,2016-17,Kharif,Rice,109082.5,298441.67,2735.9,893.9,2,33.6,0,13596.13,5710.37,2447.3,81.6,78.7,199.43,2.38,2.07,33.6,79.86
Uttar Pradesh,Hardoi,Central UP,2016-17,Rabi,Wheat,90836.2,252182.13,2776.2,9.8,0,32.0,2,13810.95,6214.93,2071.64,81.6,78.7,243.27,2.22,-80.42,35.2,79.86
Uttar Pradesh,Hardoi,Central UP,2017-18,Kharif,Rice,87955.7,207492.11,2359.1,1152.3,8,32.1,0,10768.81,4522.9,1938.39,88.5,79.7,195.9,2.38,31.58,32.1,83.22
Uttar Pradesh,Hardoi,Central UP,2017-18,Rabi,Wheat,72612.4,228098.41,3141.3,51.7,0,31.3,0,11982.14,5391.96,1797.32,88.5,79.7,264.02,2.22,3.27,31.3,83.22
Uttar Pradesh,Hardoi,Central UP,2018-19,Kharif,Rice,93131.1,232398.99,2495.4,815.0,10,33.3,0,12147.37,5101.9,2186.53,83.6,79.2,208.69,2.38,-6.94,33.3,80.96
Uttar Pradesh,Hardoi,Central UP,2018-19,Rabi,Wheat,88877.0,261711.04,2944.6,51.1,0,32.4,2,15204.95,6842.23,2280.74,83.6,79.2,273.73,2.22,2.07,35.64,80.96
Uttar Pradesh,Lakhimpur Kheri,Central UP,1997-98,Kharif,Rice,76906.5,186868.46,2429.8,846.9,4,33.0,0,8337.7,3501.83,1500.79,73.5,73.4,173.46,2.38,-0.23,33.0,73.44
Uttar Pradesh,Lakhimpur Kheri,Central UP,1997-98,Rabi,Wheat,73659.7,183610.62,2492.7,65.0,0,31.5,0,9221.13,4149.51,1383.17,73.5,73.4,200.3,2.22,19.48,31.5,73.44
Uttar Pradesh,Lakhimpur Kheri,Central UP,1998-99,Kharif,Rice,97719.2,214958.18,2199.8,920.2,6,34.0,0,8255.83,3467.45,1486.05,76.0,77.7,135.18,2.38,8.4,34.0,77.02
Uttar Pradesh,Lakhimpur Kheri,Central UP,1998-99,Rabi,Wheat,93752.5,239276.6,2552.2,46.6,0,29.7,0,12623.91,5680.76,1893.59,76.0,77.7,215.44,2.22,-14.34,29.7,77.02
Uttar Pradesh,Lakhimpur Kheri,Central UP,1999-00,Kharif,Rice,63050.4,130634.53,2071.9,708.7,7,33.5,0,6571.5,2760.03,1182.87,74.2,75.1,166.76,2.38,-16.51,33.5,74.74
Uttar Pradesh,Lakhimpur Kheri,Central UP,1999-00,Rabi,Wheat,72675.9,170021.64,2339.5,76.0,0,31.4,1,8947.99,4026.59,1342.2,74.2,75.1,196.99,2.22,39.7,32.97,74.74
Uttar Pradesh,Lakhimpur Kheri,Central UP,2000-01,Kharif,Rice,77923.2,188204.38,2415.3,826.5,5,33.7,0,8829.65,3708.45,1589.34,76.6,76.5,181.3,2.38,-2.63,33.7,76.54
Uttar Pradesh,Lakhimpur Kheri,Central UP,2000-01,Rabi,Wheat,76813.1,186480.88,2427.7,28.7,0,31.4,0,10420.94,4689.42,1563.14,76.6,76.5,217.07,2.22,-47.25,31.4,76.54
Uttar Pradesh,Lakhimpur Kheri,Central UP,2001-02,Kharif,Rice,76331.3,155100.72,2031.9,1011.2,8,32.9,0,8469.74,3557.29,1524.55,75.5,76.0,177.54,2.38,19.12,32.9,75.8
Uttar Pradesh,Lakhimpur Kheri,Central UP,2001-02,Rabi,Wheat,79977.0,207596.38,2595.7,42.7,0,29.8,0,10836.03,4876.21,1625.4,75.5,76.0,216.78,2.22,-21.51,29.8,75.8
Uttar Pradesh,Lakhimpur Kheri,Central UP,2002-03,Kharif,Rice,92701.9,203402.43,2194.2,564.6,4,33.2,0,10494.85,4407.84,1889.07,78.8,73.6,181.14,2.38,-33.49,33.2,75.68
Uttar Pradesh,Lakhimpur Kheri,Central UP,2002-03,Rabi,Wheat,97166.5,238209.81,2451.6,20.0,0,32.4,3,13562.92,6103.31,2034.44,78.8,73.6,223.33,2.22,-63.24,37.26,75.68
Uttar Pradesh,Lakhimpur Kheri,Central UP,2003-04,Kharif,Rice,86644.3,212989.48,2458.2,879.1,4,32.1,0,9541.43,4007.4,1717.46,79.7,77.5,176.19,2.38,3.56,32.1,78.38
Uttar Pradesh,Lakhimpur Kheri,Central UP,2003-04,Rabi,Wheat,87996.5,238459.51,2709.9,64.5,0,29.5,0,13655.11,6144.8,2048.27,79.7,77.5,248.28,2.22,18.56,29.5,78.38
Uttar Pradesh,Lakhimpur Kheri,Central UP,2004-05,Kharif,Rice,92093.8,189585.2,2058.6,379.7,1,33.0,0,10241.19,4301.3,1843.41,78.9,76.3,177.93,2.38,-55.27,33.0,77.34
Uttar Pradesh,Lakhimpur Kheri,Central UP,2004-05,Rabi,Wheat,63583.8,157232.36,2472.8,12.1,0,32.7,3,9004.72,4052.12,1350.71,78.9,76.3,226.59,2.22,-77.76,37.6,77.34
Uttar Pradesh,Lakhimpur Kheri,Central UP,2005-06,Kharif,Rice,96638.2,210393.96,2177.1,902.6,9,33.7,0,9790.11,4111.85,1762.22,80.7,77.0,162.09,2.38,6.33,33.7,78.48
Uttar Pradesh,Lakhimpur Kheri,Central UP,2005-06,Rabi,Wheat,108773.8,298303.72,2742.4,57.0,0,30.0,0,17334.07,7800.33,2600.11,80.7,77.0,254.97,2.22,4.77,30.0,78.48
Uttar Pradesh,Lakhimpur Kheri,Central UP,2006-07,Kharif,Rice,96600.8,244510.37,2531.1,1063.4,3,32.6,0,10750.36,4515.15,1935.07,84.9,76.0,178.06,2.38,25.27,32.6,79.56
Uttar Pradesh,Lakhimpur Kheri,Central UP,2006-07,Rabi,Wheat,82153.5,229038.98,2787.9,51.1,0,31.7,1,12146.19,5465.78,1821.93,84.9,76.0,236.56,2.22,-6.07,33.29,79.56
Uttar Pradesh,Lakhimpur Kheri,Central UP,2007-08,Kharif,Rice,76212.5,189493.6,2486.4,891.3,4,33.0,0,8496.32,3568.45,1529.34,83.9,77.4,178.37,2.38,5.0,33.0,80.0
Uttar Pradesh,Lakhimpur Kheri,Central UP,2007-08,Rabi,Wheat,85040.2,256057.03,3011.0,78.1,0,31.3,1,12930.08,5818.54,1939.51,83.9,77.4,243.27,2.22,43.56,32.87,80.0
Uttar Pradesh,Lakhimpur Kheri,Central UP,2008-09,Kharif,Rice,82556.2,212735.53,2576.9,1163.1,4,33.5,0,8797.54,3694.96,1583.56,80.0,76.4,170.5,2.38,37.02,33.5,77.84
Uttar Pradesh,Lakhimpur Kheri,Central UP,2008-09,Rabi,Wheat,84874.1,223702.1,2635.7,90.0,0,31.2,1,10842.77,4879.24,1626.41,80.0,76.4,204.4,2.22,65.43,32.76,77.84
Uttar Pradesh,Lakhimpur Kheri,Central UP,2009-10,Kharif,Rice,70440.1,169505.94,2406.4,705.3,8,33.4,0,8019.96,3368.38,1443.59,83.7,74.4,182.17,2.38,-16.91,33.4,78.12
Uttar Pradesh,Lakhimpur Kheri,Central UP,2009-10,Rabi,Wheat,79208.4,194529.92,2455.9,31.8,0,33.6,5,11204.21,5041.9,1680.63,83.7,74.4,226.32,2.22,-41.55,42.0,78.12
Uttar Pradesh,Lakhimpur Kheri,Central UP,2010-11,Kharif,Rice,77589.5,194299.53,2504.2,864.6,7,32.8,0,7447.41,3127.91,1340.53,82.8,81.0,153.58,2.38,1.85,32.8,81.72
Uttar Pradesh,Lakhimpur Kheri,Central UP,2010-11,Rabi,Wheat,117554.6,251625.86,2140.5,41.7,0,35.4,9,16185.33,7283.4,2427.8,82.8,81.0,220.29,2.22,-23.35,51.33,81.72
Uttar Pradesh,Lakhimpur Kheri,Central UP,2011-12,Kharif,Rice,67049.5,162180.77,2418.8,954.4,6,33.6,0,7856.64,3299.79,1414.2,86.5,81.4,187.48,2.38,12.43,33.6,83.44
Uttar Pradesh,Lakhimpur Kheri,Central UP,2011-12,Rabi,Wheat,97412.7,298223.52,3061.4,58.0,0,31.3,1,13907.32,6258.29,2086.1,86.5,81.4,228.43,2.22,6.61,32.87,83.44
Uttar Pradesh,Lakhimpur Kheri,Central UP,2012-13,Kharif,Rice,75307.7,194960.68,2588.9,756.1,4,34.0,0,8262.53,3470.26,1487.25,87.6,80.7,175.55,2.38,-10.93,34.0,83.46
Uttar Pradesh,Lakhimpur Kheri,Central UP,2012-13,Rabi,Wheat,102176.4,320470.31,3136.4,37.8,0,30.7,0,16186.38,7283.87,2427.96,87.6,80.7,253.47,2.22,-30.52,30.7,83.46
Uttar Pradesh,Lakhimpur Kheri,Central UP,2013-14,Kharif,Rice,87549.8,226738.95,2589.8,1184.2,5,32.1,0,9086.22,3816.21,1635.52,82.4,74.5,166.05,2.38,39.5,32.1,77.66
Uttar Pradesh,Lakhimpur Kheri,Central UP,2013-14,Rabi,Wheat,87320.2,220663.2,2527.1,58.8,0,32.9,6,13930.54,6268.74,2089.58,82.4,74.5,255.25,2.22,8.08,42.77,77.66
Uttar Pradesh,Lakhimpur Kheri,Central UP,2014-15,Kharif,Rice,70370.6,179292.46,2547.8,615.6,4,33.1,0,8437.26,3543.65,1518.71,87.3,76.0,191.84,2.38,-27.48,33.1,80.52
Uttar Pradesh,Lakhimpur Kheri,Central UP,2014-15,Rabi,Wheat,85773.1,252945.43,2949.0,43.2,0,34.6,3,12083.97,5437.79,1812.6,87.3,76.0,225.41,2.22,-20.59,39.79,80.52
Uttar Pradesh,Lakhimpur Kheri,Central UP,2015-16,Kharif,Rice,93369.2,209845.95,2247.5,530.1,5,31.7,0,9079.58,3813.42,1634.32,87.2,80.2,155.59,2.38,-37.55,31.7,83.0
Uttar Pradesh,Lakhimpur Kheri,Central UP,2015-16,Rabi,Wheat,96273.2,286654.36,2977.5,31.5,0,32.1,3,14778.54,6650.34,2216.78,87.2,80.2,245.61,2.22,-42.1,36.91,83.0
Uttar Pradesh,Lakhimpur Kheri,Central UP,2016-17,Kharif,Rice,85295.1,241203.4,2827.9,859.4,4,33.0,0,10967.85,4606.5,1974.21,84.5,81.5,205.74,2.38,1.24,33.0,82.7
Uttar Pradesh,Lakhimpur Kheri,Central UP,2016-17,Rabi,Wheat,107955.3,321429.52,2977.4,53.2,0,33.1,1,18294.78,8232.65,2744.22,84.5,81.5,271.15,2.22,-2.21,34.76,82.7
Uttar Pradesh,Lakhimpur Kheri,Central UP,2017-18,Kharif,Rice,71773.0,162581.92,2265.2,1172.5,10,32.8,0,7960.98,3343.61,1432.98,85.8,79.9,177.47,2.38,38.13,32.8,82.26
Uttar Pradesh,Lakhimpur Kheri,Central UP,2017-18,Rabi,Wheat,71303.0,233190.47,3270.4,87.5,0,30.5,0,10414.44,4686.5,1562.17,85.8,79.9,233.69,2.22,60.83,30.5,82.26
Uttar Pradesh,Lakhimpur Kheri,Central UP,2018-19,Kharif,Rice,53706.0,135938.32,2531.2,843.5,9,32.2,0,6298.93,2645.55,1133.81,95.0,81.2,187.66,2.38,-0.63,32.2,86.72
Uttar Pradesh,Lakhimpur Kheri,Central UP,2018-19,Rabi,Wheat,106807.9,342828.98,3209.8,63.0,0,33.3,3,15830.31,7123.64,2374.55,95.0,81.2,237.14,2.22,15.8,38.29,86.72
Uttar Pradesh,Kanpur Nagar,Central UP,1997-98,Kharif,Rice,73087.4,156670.41,2143.6,879.3,6,35.1,0,7295.72,3064.2,1313.23,77.2,74.8,159.71,2.38,-0.76,35.1,75.76
Uttar Pradesh,Kanpur Nagar,Central UP,1997-98,Rabi,Wheat,89512.8,171359.28,1914.4,28.1,0,35.3,9,11450.32,5152.65,1717.55,77.2,74.8,204.67,2.22,-49.4,51.18,75.76
Uttar Pradesh,Kanpur Nagar,Central UP,1998-99,Kharif,Rice,105545.0,230173.11,2180.8,963.9,6,33.6,0,11555.06,4853.12,2079.91,73.8,76.4,175.17,2.38,8.79,33.6,75.36
Uttar Pradesh,Kanpur Nagar,Central UP,1998-99,Rabi,Wheat,101839.6,213071.02,2092.2,47.2,0,32.4,2,14257.99,6416.1,2138.7,73.8,76.4,224.01,2.22,-15.01,35.64,75.36
Uttar Pradesh,Kanpur Nagar,Central UP,1999-00,Kharif,Rice,128618.5,280589.21,2181.6,793.1,6,33.2,0,14111.76,5926.94,2540.12,74.4,73.8,175.55,2.38,-10.49,33.2,74.04
Uttar Pradesh,Kanpur Nagar,Central UP,1999-00,Rabi,Wheat,93179.2,200055.52,2147.0,66.1,0,32.8,2,12273.4,5523.03,1841.01,74.4,73.8,210.75,2.22,19.03,36.08,74.04
Uttar Pradesh,Kanpur Nagar,Central UP,2000-01,Kharif,Rice,70231.7,174007.0,2477.6,987.6,3,32.5,0,7871.03,3305.83,1416.78,73.8,73.0,179.32,2.38,11.46,32.5,73.32
Uttar Pradesh,Kanpur Nagar,Central UP,2000-01,Rabi,Wheat,78387.5,209447.55,2671.9,68.0,0,30.2,0,10337.57,4651.9,1550.63,73.8,73.0,211.0,2.22,22.45,30.2,73.32
Uttar Pradesh,Kanpur Nagar,Central UP,2001-02,Kharif,Rice,106827.1,223831.22,2095.3,980.1,10,33.6,0,9871.94,4146.22,1776.95,83.4,70.1,147.86,2.38,10.61,33.6,75.42
Uttar Pradesh,Kanpur Nagar,Central UP,2001-02,Rabi,Wheat,93395.5,252366.43,2702.1,83.5,0,31.4,0,11436.84,5146.58,1715.53,83.4,70.1,195.93,2.22,50.36,31.4,75.42
Uttar Pradesh,Kanpur Nagar,Central UP,2002-03,Kharif,Rice,89212.3,168530.17,1889.1,448.2,4,33.1,0,8963.9,3764.84,1613.5,79.6,74.5,160.77,2.38,-49.42,33.1,76.54
Uttar Pradesh,Kanpur Nagar,Central UP,2002-03,Rabi,Wheat,90018.5,251741.75,2796.6,53.7,0,29.6,0,12648.44,5691.8,1897.27,79.6,74.5,224.82,2.22,-3.3,29.6,76.54
Uttar Pradesh,Kanpur Nagar,Central UP,2003-04,Kharif,Rice,67820.8,145251.21,2141.7,846.7,6,32.6,0,6887.14,2892.6,1239.69,74.7,76.9,162.48,2.38,-4.44,32.6,76.02
Uttar Pradesh,Kanpur Nagar,Central UP,2003-04,Rabi,Wheat,94294.7,238317.47,2527.4,70.1,0,31.4,0,12615.96,5677.18,1892.39,74.7,76.9,214.07,2.22,26.23,31.4,76.02
Uttar Pradesh,Kanpur Nagar,Central UP,2004-05,Kharif,Rice,83190.5,192500.09,2314.0,709.3,4,34.8,0,9002.93,3781.23,1620.53,77.3,77.9,173.15,2.38,-19.95,34.8,77.66
Uttar Pradesh,Kanpur Nagar,Central UP,2004-05,Rabi,Wheat,121556.0,311106.59,2559.4,24.5,0,31.3,0,16888.25,7599.71,2533.24,77.3,77.9,222.29,2.22,-55.88,31.3,77.66
Uttar Pradesh,Kanpur Nagar,Central UP,2005-06,Kharif,Rice,117141.7,270486.38,2309.1,682.5,4,33.7,0,14474.48,6079.28,2605.41,87.1,75.8,197.7,2.38,-22.97,33.7,80.32
Uttar Pradesh,Kanpur Nagar,Central UP,2005-06,Rabi,Wheat,113767.8,257527.08,2263.6,36.4,0,34.4,6,17575.31,7908.89,2636.3,87.1,75.8,247.17,2.22,-34.45,44.72,80.32
Uttar Pradesh,Kanpur Nagar,Central UP,2006-07,Kharif,Rice,101002.6,224372.76,2221.5,984.5,7,32.8,0,11514.97,4836.29,2072.69,85.4,76.3,182.41,2.38,11.11,32.8,79.94
Uttar Pradesh,Kanpur Nagar,Central UP,2006-07,Rabi,Wheat,78290.3,224960.94,2873.4,74.5,0,30.7,0,12349.58,5557.31,1852.44,85.4,76.3,252.39,2.22,34.15,30.7,79.94
Uttar Pradesh,Kanpur Nagar,Central UP,2007-08,Kharif,Rice,101857.8,258622.29,2539.1,940.3,4,31.9,0,10440.94,4385.2,1879.37,81.1,79.0,164.01,2.38,6.12,31.9,79.84
Uttar Pradesh,Kanpur Nagar,Central UP,2007-08,Rabi,Wheat,93242.7,244302.35,2620.1,71.4,0,30.8,0,12034.29,5415.43,1805.14,81.1,79.0,206.5,2.22,28.57,30.8,79.84
Uttar Pradesh,Kanpur Nagar,Central UP,2008-09,Kharif,Rice,94984.2,217767.12,2292.7,1186.5,7,33.1,0,10473.52,4398.88,1885.23,79.9,77.9,176.43,2.38,33.91,33.1,78.7
Uttar Pradesh,Kanpur Nagar,Central UP,2008-09,Rabi,Wheat,81255.5,232674.65,2863.5,73.7,0,30.5,0,12319.01,5543.55,1847.85,79.9,77.9,242.57,2.22,32.71,30.5,78.7
Uttar Pradesh,Kanpur Nagar,Central UP,2009-10,Kharif,Rice,93317.3,198071.71,2122.6,506.2,3,32.3,0,10659.9,4477.16,1918.78,79.9,77.0,182.77,2.38,-42.87,32.3,78.16
Uttar Pradesh,Kanpur Nagar,Central UP,2009-10,Rabi,Wheat,70856.9,191695.6,2705.4,11.4,0,33.2,3,10641.61,4788.72,1596.24,79.9,77.0,240.3,2.22,-79.47,38.18,78.16
Uttar Pradesh,Kanpur Nagar,Central UP,2010-11,Kharif,Rice,95910.0,266709.47,2780.8,838.5,1,32.8,0,10917.01,4585.15,1965.06,79.8,78.2,182.12,2.38,-5.37,32.8,78.84
Uttar Pradesh,Kanpur Nagar,Central UP,2010-11,Rabi,Wheat,86971.2,241647.6,2778.5,39.5,0,30.6,0,13908.45,6258.8,2086.27,79.8,78.2,255.87,2.22,-28.87,30.6,78.84
Uttar Pradesh,Kanpur Nagar,Central UP,2011-12,Kharif,Rice,90722.0,232592.41,2563.8,855.0,3,33.0,0,10638.16,4468.03,1914.87,86.1,75.5,187.62,2.38,-3.5,33.0,79.74
Uttar Pradesh,Kanpur Nagar,Central UP,2011-12,Rabi,Wheat,91354.1,289734.08,3171.6,99.7,0,30.5,0,14104.33,6346.95,2115.65,86.1,75.5,247.03,2.22,79.53,30.5,79.74
Uttar Pradesh,Kanpur Nagar,Central UP,2012-13,Kharif,Rice,51915.7,119498.61,2301.8,1017.1,6,33.2,0,5707.05,2396.96,1027.27,80.8,74.9,175.89,2.38,14.79,33.2,77.26
Uttar Pradesh,Kanpur Nagar,Central UP,2012-13,Rabi,Wheat,104660.2,307662.61,2939.6,37.7,0,29.5,0,15328.18,6897.68,2299.23,80.8,74.9,234.33,2.22,-32.11,29.5,77.26
Uttar Pradesh,Kanpur Nagar,Central UP,2013-14,Kharif,Rice,103272.8,267110.49,2586.5,1258.2,5,34.1,0,12025.89,5050.87,2164.66,85.8,80.5,186.32,2.38,42.0,34.1,82.62
Uttar Pradesh,Kanpur Nagar,Central UP,2013-14,Rabi,Wheat,87528.2,267664.78,3058.0,124.4,0,31.0,0,11935.39,5370.92,1790.31,85.8,80.5,218.18,2.22,124.01,31.0,82.62
Uttar Pradesh,Kanpur Nagar,Central UP,2014-15,Kharif,Rice,84968.0,222355.69,2616.9,923.5,5,34.0,0,9903.0,4159.26,1782.54,81.6,78.8,186.48,2.38,4.23,34.0,79.92
Uttar Pradesh,Kanpur Nagar,Central UP,2014-15,Rabi,Wheat,58914.5,184081.43,3124.6,32.3,0,29.3,0,8962.23,4033.0,1344.33,81.6,78.8,243.4,2.22,-41.84,29.3,79.92
Uttar Pradesh,Kanpur Nagar,Central UP,2015-16,Kharif,Rice,77910.3,195764.76,2512.7,577.7,3,34.5,0,9067.34,3808.28,1632.12,83.2,75.0,186.21,2.38,-34.8,34.5,78.28
Uttar Pradesh,Kanpur Nagar,Central UP,2015-16,Rabi,Wheat,99189.1,285488.39,2878.2,28.4,0,30.9,0,14803.57,6661.61,2220.54,83.2,75.0,238.79,2.22,-48.86,30.9,78.28
Uttar Pradesh,Kanpur Nagar,Central UP,2016-17,Kharif,Rice,85768.5,219750.72,2562.1,869.8,8,34.0,0,10021.8,4209.15,1803.92,82.0,80.9,186.96,2.38,-1.83,34.0,81.34
Uttar Pradesh,Kanpur Nagar,Central UP,2016-17,Rabi,Wheat,91124.9,0.0,2721.5,40.7,0,34.0,3,14339.31,6452.69,2150.9,82.0,80.9,251.77,2.22,-26.71,39.1,81.34
Uttar Pradesh,Kanpur Nagar,Central UP,2017-18,Kharif,Rice,70754.6,173275.17,2449.0,1300.4,10,33.0,0,7917.68,3325.42,1425.18,87.3,80.8,179.05,2.38,46.76,33.0,83.4
Uttar Pradesh,Kanpur Nagar,Central UP,2017-18,Rabi,Wheat,88860.5,278745.02,3136.9,90.0,0,31.7,2,14191.25,6386.06,2128.69,87.3,80.8,255.52,2.22,62.06,34.87,83.4
Uttar Pradesh,Kanpur Nagar,Central UP,2018-19,Kharif,Rice,82540.7,188757.95,2286.8,983.0,9,33.4,0,10004.79,4202.01,1800.86,84.4,83.1,193.94,2.38,10.94,33.4,83.62
Uttar Pradesh,Kanpur Nagar,Central UP,2018-19,Rabi,Wheat,90763.8,292860.94,3226.6,39.7,0,30.6,0,14466.5,6509.92,2169.97,84.4,83.1,255.02,2.22,-28.51,30.6,83.62
Uttar Pradesh,Kanpur Dehat,Central UP,1997-98,Kharif,Rice,80210.5,160896.28,2005.9,1014.3,6,32.5,0,6883.24,2890.96,1238.98,71.7,73.7,137.3,2.38,16.22,32.5,72.9
Uttar Pradesh,Kanpur Dehat,Central UP,1997-98,Rabi,Wheat,72812.4,0.0,2721.5,89.8,0,30.8,0,8389.92,3775.47,1258.49,71.7,73.7,184.36,2.22,74.19,30.8,72.9
Uttar Pradesh,Kanpur Dehat,Central UP,1998-99,Kharif,Rice,71348.9,130985.18,1835.8,773.0,3,32.9,0,7040.26,2956.91,1267.25,72.6,72.0,157.88,2.38,-11.43,32.9,72.24
Uttar Pradesh,Kanpur Dehat,Central UP,1998-99,Rabi,Wheat,75922.3,153613.08,2023.3,39.8,0,32.5,0,9452.67,4253.7,1417.9,72.6,72.0,199.21,2.22,-22.8,32.5,72.24
Uttar Pradesh,Kanpur Dehat,Central UP,1999-00,Kharif,Rice,80659.0,159183.0,1973.5,1061.7,6,34.4,0,8505.39,3572.26,1530.97,77.9,71.4,168.72,2.38,21.65,34.4,74.0
Uttar Pradesh,Kanpur Dehat,Central UP,1999-00,Rabi,Wheat,102471.1,208354.53,2033.3,59.8,0,33.6,3,13042.38,5869.07,1956.36,77.9,71.4,203.65,2.22,16.0,38.64,74.0
Uttar Pradesh,Kanpur Dehat,Central UP,2000-01,Kharif,Rice,43512.8,82442.27,1894.7,928.1,5,33.3,0,4196.09,1762.36,755.3,79.5,75.7,154.29,2.38,6.34,33.3,77.22
Uttar Pradesh,Kanpur Dehat,Central UP,2000-01,Rabi,Wheat,66042.6,152736.19,2312.7,76.3,0,29.4,0,8793.97,3957.29,1319.1,79.5,75.7,213.05,2.22,48.01,29.4,77.22
Uttar Pradesh,Kanpur Dehat,Central UP,2001-02,Kharif,Rice,56399.9,107382.47,1903.9,973.4,4,33.1,0,5687.72,2388.84,1023.79,81.0,72.5,161.35,2.38,11.53,33.1,75.9
Uttar Pradesh,Kanpur Dehat,Central UP,2001-02,Rabi,Wheat,80265.4,189855.13,2365.3,46.6,0,28.0,0,9756.18,4390.28,1463.43,81.0,72.5,194.48,2.22,-9.61,28.0,75.9
Uttar Pradesh,Kanpur Dehat,Central UP,2002-03,Kharif,Rice,84299.1,139705.29,1657.3,436.2,3,33.6,0,9204.47,3865.88,1656.8,78.1,72.5,174.7,2.38,-50.02,33.6,74.74
Uttar Pradesh,Kanpur Dehat,Central UP,2002-03,Rabi,Wheat,86783.8,197359.6,2274.2,27.6,0,28.8,0,12047.35,5421.31,1807.1,78.1,72.5,222.11,2.22,-46.46,28.8,74.74
Uttar Pradesh,Kanpur Dehat,Central UP,2003-04,Kharif,Rice,63855.0,147800.22,2314.6,876.8,1,31.8,0,7097.56,2980.98,1277.56,81.6,71.8,177.84,2.38,0.46,31.8,75.72
Uttar Pradesh,Kanpur Dehat,Central UP,2003-04,Rabi,Wheat,85927.3,198440.1,2309.4,27.7,0,31.9,1,12470.09,5611.54,1870.51,81.6,71.8,232.2,2.22,-46.27,33.49,75.72
Uttar Pradesh,Kanpur Dehat,Central UP,2004-05,Kharif,Rice,78754.1,144996.28,1841.1,529.7,3,34.0,0,5967.48,2506.34,1074.15,79.3,70.9,121.24,2.38,-39.31,34.0,74.26
Uttar Pradesh,Kanpur Dehat,Central UP,2004-05,Rabi,Wheat,90848.1,202280.83,2226.6,52.0,0,30.5,0,13026.72,5862.03,1954.01,79.3,70.9,229.42,2.22,0.87,30.5,74.26
Uttar Pradesh,Kanpur Dehat,Central UP,2005-06,Kharif,Rice,86612.2,183970.19,2124.1,755.2,4,35.1,0,7818.44,3283.74,1407.32,85.9,78.5,144.43,2.38,-13.47,35.1,81.46
Uttar Pradesh,Kanpur Dehat,Central UP,2005-06,Rabi,Wheat,91244.3,244779.98,2682.7,29.4,0,29.3,0,12172.24,5477.51,1825.84,85.9,78.5,213.44,2.22,-42.97,29.3,81.46
Uttar Pradesh,Kanpur Dehat,Central UP,2006-07,Kharif,Rice,68947.9,134770.4,1954.7,1025.0,9,32.8,0,7069.7,2969.27,1272.55,82.1,76.7,164.06,2.38,17.44,32.8,78.86
Uttar Pradesh,Kanpur Dehat,Central UP,2006-07,Rabi,Wheat,103748.2,210968.0,2033.5,48.3,0,32.9,5,13005.93,5852.67,1950.89,82.1,76.7,200.58,2.22,-6.31,41.12,78.86
Uttar Pradesh,Kanpur Dehat,Central UP,2007-08,Kharif,Rice,52219.7,109276.91,2092.6,772.6,9,32.7,0,5559.95,2335.18,1000.79,81.8,75.0,170.36,2.38,-11.48,32.7,77.72
Uttar Pradesh,Kanpur Dehat,Central UP,2007-08,Rabi,Wheat,61113.3,137625.25,2252.0,37.3,0,32.5,2,8285.74,3728.58,1242.86,81.8,75.0,216.93,2.22,-27.65,35.75,77.72
Uttar Pradesh,Kanpur Dehat,Central UP,2008-09,Kharif,Rice,61604.8,143980.83,2337.2,1159.2,4,33.8,0,6113.87,2567.83,1100.5,79.7,78.8,158.79,2.38,32.82,33.8,79.16
Uttar Pradesh,Kanpur Dehat,Central UP,2008-09,Rabi,Wheat,73144.6,173827.16,2376.5,87.8,0,32.6,2,10228.91,4603.01,1534.34,79.7,78.8,223.75,2.22,70.31,35.86,79.16
Uttar Pradesh,Kanpur Dehat,Central UP,2009-10,Kharif,Rice,79225.3,174649.16,2204.5,625.8,6,33.1,0,8714.65,3660.15,1568.64,82.8,79.3,176.0,2.38,-28.3,33.1,80.7
Uttar Pradesh,Kanpur Dehat,Central UP,2009-10,Rabi,Wheat,101047.8,269928.85,2671.3,65.5,0,31.2,0,14761.18,6642.53,2214.18,82.8,79.3,233.73,2.22,27.06,31.2,80.7
Uttar Pradesh,Kanpur Dehat,Central UP,2010-11,Kharif,Rice,91511.4,194745.88,2128.1,863.8,5,33.5,0,11085.23,4655.8,1995.34,85.2,78.4,193.82,2.38,-1.03,33.5,81.12
Uttar Pradesh,Kanpur Dehat,Central UP,2010-11,Rabi,Wheat,60594.3,167655.25,2766.8,35.7,0,31.0,0,9703.78,4366.7,1455.57,85.2,78.4,256.23,2.22,-30.75,31.0,81.12
Uttar Pradesh,Kanpur Dehat,Central UP,2011-12,Kharif,Rice,96338.7,194424.87,2018.1,878.4,9,33.3,0,12123.01,5091.66,2182.14,83.0,77.3,201.34,2.38,0.65,33.3,79.58
Uttar Pradesh,Kanpur Dehat,Central UP,2011-12,Rabi,Wheat,84567.9,181641.34,2147.9,60.6,0,33.0,5,14269.94,6421.47,2140.49,83.0,77.3,269.98,2.22,17.55,41.25,79.58
Uttar Pradesh,Kanpur Dehat,Central UP,2012-13,Kharif,Rice,82677.4,173020.9,2092.7,1034.8,4,33.0,0,9907.62,4161.2,1783.37,84.6,77.3,191.74,2.38,18.57,33.0,80.22
Uttar Pradesh,Kanpur Dehat,Central UP,2012-13,Rabi,Wheat,83209.3,219925.52,2643.0,27.5,0,30.9,0,11398.74,5129.43,1709.81,84.6,77.3,219.18,2.22,-46.66,30.9,80.22
Uttar Pradesh,Kanpur Dehat,Central UP,2013-14,Kharif,Rice,65571.1,157485.35,2401.7,1150.8,3,33.0,0,7851.41,3297.59,1413.25,81.1,77.2,191.58,2.38,31.86,33.0,78.76
Uttar Pradesh,Kanpur Dehat,Central UP,2013-14,Rabi,Wheat,71116.6,154392.93,2171.0,85.4,0,34.1,6,10605.67,4772.55,1590.85,81.1,77.2,238.61,2.22,65.66,44.33,78.76
Uttar Pradesh,Kanpur Dehat,Central UP,2014-15,Kharif,Rice,79479.8,193295.24,2432.0,815.5,4,33.5,0,9508.88,3993.73,1711.6,85.5,80.6,191.42,2.38,-6.56,33.5,82.56
Uttar Pradesh,Kanpur Dehat,Central UP,2014-15,Rabi,Wheat,80992.7,223641.28,2761.3,37.9,0,31.0,0,12959.7,5831.87,1943.96,85.5,80.6,256.02,2.22,-26.48,31.0,82.56
Uttar Pradesh,Kanpur Dehat,Central UP,2015-16,Kharif,Rice,90632.3,180865.34,1995.6,329.9,1,34.5,0,10214.08,4289.91,1838.53,84.7,80.4,180.32,2.38,-62.2,34.5,82.12
Uttar Pradesh,Kanpur Dehat,Central UP,2015-16,Rabi,Wheat,64044.4,168594.96,2632.5,22.2,0,31.5,2,9316.78,4192.55,1397.52,84.7,80.4,232.76,2.22,-56.94,34.65,82.12
Uttar Pradesh,Kanpur Dehat,Central UP,2016-17,Kharif,Rice,80900.0,198831.04,2457.7,889.6,2,32.2,0,8945.83,3757.25,1610.25,90.4,80.0,176.93,2.38,1.93,32.2,84.16
Uttar Pradesh,Kanpur Dehat,Central UP,2016-17,Rabi,Wheat,75371.8,195955.02,2599.8,69.2,0,31.7,2,11634.53,5235.54,1745.18,90.4,80.0,246.98,2.22,34.23,34.87,84.16
Uttar Pradesh,Kanpur Dehat,Central UP,2017-18,Kharif,Rice,64224.8,134609.33,2095.9,1378.6,11,33.5,0,7711.19,3238.7,1388.01,84.9,85.9,192.1,2.38,57.96,33.5,85.5
Uttar Pradesh,Kanpur Dehat,Central UP,2017-18,Rabi,Wheat,64500.0,188265.31,2918.8,68.4,0,30.3,0,9378.78,4220.45,1406.82,84.9,85.9,232.65,2.22,32.68,30.3,85.5
Uttar Pradesh,Kanpur Dehat,Central UP,2018-19,Kharif,Rice,69270.7,171184.2,2471.2,945.6,6,31.9,0,9322.82,3915.59,1678.11,78.8,83.1,215.34,2.38,8.35,31.9,81.38
Uttar Pradesh,Kanpur Dehat,Central UP,2018-19,Rabi,Wheat,67143.8,180350.53,2686.0,40.5,0,31.7,0,11342.44,5104.1,1701.37,78.8,83.1,270.28,2.22,-21.44,31.7,81.38
Uttar Pradesh,Etawah,Central UP,1997-98,Kharif,Rice,94586.4,192723.09,2037.5,921.5,5,34.2,0,8912.44,3743.23,1604.24,75.8,75.5,150.76,2.38,7.05,34.2,75.62
Uttar Pradesh,Etawah,Central UP,1997-98,Rabi,Wheat,89472.9,215463.75,2408.1,56.7,0,30.5,0,11536.44,5191.4,1730.47,75.8,75.5,206.3,2.22,-4.13,30.5,75.62
Uttar Pradesh,Etawah,Central UP,1998-99,Kharif,Rice,71882.7,155269.92,2160.0,877.5,2,31.9,0,7572.99,3180.66,1363.14,75.3,73.1,168.56,2.38,1.93,31.9,73.98
Uttar Pradesh,Etawah,Central UP,1998-99,Rabi,Wheat,91405.5,194027.09,2122.7,58.4,0,32.5,3,11870.02,5341.51,1780.5,75.3,73.1,207.78,2.22,-1.26,37.38,73.98
Uttar Pradesh,Etawah,Central UP,1999-00,Kharif,Rice,74910.9,151696.25,2025.0,900.4,6,34.2,0,7820.06,3284.42,1407.61,76.4,75.2,167.03,2.38,4.59,34.2,75.68
Uttar Pradesh,Etawah,Central UP,1999-00,Rabi,Wheat,98953.9,224387.73,2267.6,77.0,0,30.3,0,10519.67,4733.85,1577.95,76.4,75.2,170.09,2.22,30.19,30.3,75.68
Uttar Pradesh,Etawah,Central UP,2000-01,Kharif,Rice,66426.1,139233.35,2096.1,880.3,2,32.9,0,6367.43,2674.32,1146.14,74.1,73.8,153.37,2.38,2.26,32.9,73.92
Uttar Pradesh,Etawah,Central UP,2000-01,Rabi,Wheat,75705.8,147616.31,1949.9,44.4,0,33.1,5,10085.87,4538.64,1512.88,74.1,73.8,213.16,2.22,-24.93,41.38,73.92
Uttar Pradesh,Etawah,Central UP,2001-02,Kharif,Rice,79882.1,145350.3,1819.6,945.0,8,32.2,0,7418.33,3115.7,1335.3,79.7,78.6,148.59,2.38,9.78,32.2,79.04
Uttar Pradesh,Etawah,Central UP,2001-02,Rabi,Wheat,97349.9,226367.21,2325.3,53.5,0,31.5,0,13316.12,5992.25,1997.42,79.7,78.6,218.86,2.22,-9.54,31.5,79.04
Uttar Pradesh,Etawah,Central UP,2002-03,Kharif,Rice,74409.6,161079.2,2164.8,642.9,3,33.2,0,7898.8,3317.5,1421.78,72.2,74.9,169.84,2.38,-25.32,33.2,73.82
Uttar Pradesh,Etawah,Central UP,2002-03,Rabi,Wheat,93973.0,200393.77,2132.5,39.1,0,32.1,1,12029.68,5413.36,1804.45,72.2,74.9,204.82,2.22,-33.89,33.71,73.82
Uttar Pradesh,Etawah,Central UP,2003-04,Kharif,Rice,72460.2,139182.2,1920.8,871.7,7,34.2,0,7569.54,3179.21,1362.52,79.6,75.3,167.14,2.38,1.26,34.2,77.02
Uttar Pradesh,Etawah,Central UP,2003-04,Rabi,Wheat,93228.4,207492.73,2225.6,110.3,0,32.2,2,11298.3,5084.23,1694.74,79.6,75.3,193.9,2.22,86.49,35.42,77.02
Uttar Pradesh,Etawah,Central UP,2004-05,Kharif,Rice,87417.4,169643.43,1940.6,630.3,5,33.5,0,10427.92,4379.73,1877.03,73.2,75.3,190.86,2.38,-26.78,33.5,74.46
Uttar Pradesh,Etawah,Central UP,2004-05,Rabi,Wheat,63602.8,128207.29,2015.7,26.7,0,32.9,5,8659.5,3896.78,1298.93,73.2,75.3,217.84,2.22,-54.86,41.12,74.46
Uttar Pradesh,Etawah,Central UP,2005-06,Kharif,Rice,91252.4,200337.07,2195.4,790.5,6,32.8,0,9608.46,4035.55,1729.52,79.1,75.0,168.47,2.38,-8.17,32.8,76.64
Uttar Pradesh,Etawah,Central UP,2005-06,Rabi,Wheat,50899.5,126157.32,2478.6,31.2,0,32.3,0,7246.24,3260.81,1086.94,79.1,75.0,227.78,2.22,-47.25,32.3,76.64
Uttar Pradesh,Etawah,Central UP,2006-07,Kharif,Rice,75282.4,163556.51,2172.6,883.2,5,34.1,0,7963.94,3344.86,1433.51,81.4,78.5,169.26,2.38,2.6,34.1,79.66
Uttar Pradesh,Etawah,Central UP,2006-07,Rabi,Wheat,72859.0,182099.19,2499.3,94.3,0,32.9,2,10276.88,4624.59,1541.53,81.4,78.5,225.68,2.22,59.44,36.19,79.66
Uttar Pradesh,Etawah,Central UP,2007-08,Kharif,Rice,79758.3,165087.76,2069.8,942.5,6,33.2,0,9202.67,3865.12,1656.48,81.4,78.0,184.61,2.38,9.49,33.2,79.36
Uttar Pradesh,Etawah,Central UP,2007-08,Rabi,Wheat,79561.7,203795.12,2561.5,30.8,0,31.6,0,11200.82,5040.37,1680.12,81.4,78.0,225.25,2.22,-47.92,31.6,79.36
Uttar Pradesh,Etawah,Central UP,2008-09,Kharif,Rice,72372.1,135822.6,1876.7,1213.5,11,33.7,0,8971.96,3768.22,1614.95,81.8,74.8,198.35,2.38,40.97,33.7,77.6
Uttar Pradesh,Etawah,Central UP,2008-09,Rabi,Wheat,85414.0,215518.79,2523.2,58.8,0,31.2,0,12402.51,5581.13,1860.38,81.8,74.8,232.33,2.22,-0.58,31.2,77.6
Uttar Pradesh,Etawah,Central UP,2009-10,Kharif,Rice,77932.5,172417.89,2212.4,538.7,7,33.9,0,8170.68,3431.68,1470.72,80.5,81.0,167.75,2.38,-37.42,33.9,80.8
Uttar Pradesh,Etawah,Central UP,2009-10,Rabi,Wheat,74198.8,192918.63,2600.0,11.6,0,30.4,0,9011.3,4055.08,1351.69,80.5,81.0,194.32,2.22,-80.39,30.4,80.8
Uttar Pradesh,Etawah,Central UP,2010-11,Kharif,Rice,103303.6,252507.54,2444.3,885.5,3,32.9,0,12070.22,5069.49,2172.64,87.2,78.7,186.95,2.38,2.86,32.9,82.1
Uttar Pradesh,Etawah,Central UP,2010-11,Rabi,Wheat,94616.4,212790.58,2249.0,56.1,0,33.0,7,13788.9,6205.01,2068.34,87.2,78.7,233.18,2.22,-5.15,44.55,82.1
Uttar Pradesh,Etawah,Central UP,2011-12,Kharif,Rice,59955.1,139148.47,2320.9,859.6,7,34.2,0,6290.89,2642.17,1132.36,82.2,78.6,167.88,2.38,-0.14,34.2,80.04
Uttar Pradesh,Etawah,Central UP,2011-12,Rabi,Wheat,86662.6,237881.19,2744.9,82.5,0,31.5,1,12195.42,5487.94,1829.31,82.2,78.6,225.16,2.22,39.49,33.08,80.04
Uttar Pradesh,Etawah,Central UP,2012-13,Kharif,Rice,88167.5,204584.99,2320.4,862.9,6,34.5,0,10219.98,4292.39,1839.6,83.7,83.6,185.46,2.38,0.24,34.5,83.64
Uttar Pradesh,Etawah,Central UP,2012-13,Rabi,Wheat,77427.3,209154.14,2701.3,81.5,0,32.5,1,11279.14,5075.61,1691.87,83.7,83.6,233.08,2.22,37.8,34.12,83.64
Uttar Pradesh,Etawah,Central UP,2013-14,Kharif,Rice,84086.4,183452.35,2181.7,1340.8,10,32.6,0,9785.03,4109.71,1761.31,84.6,79.0,186.19,2.38,55.75,32.6,81.24
Uttar Pradesh,Etawah,Central UP,2013-14,Rabi,Wheat,53838.8,150871.35,2802.3,110.7,0,31.3,2,8496.42,3823.39,1274.46,84.6,79.0,252.5,2.22,87.17,34.43,81.24
Uttar Pradesh,Etawah,Central UP,2014-15,Kharif,Rice,91325.1,189487.99,2074.9,953.0,7,32.2,0,10882.84,4570.79,1958.91,86.4,76.3,190.67,2.38,10.7,32.2,80.34
Uttar Pradesh,Etawah,Central UP,2014-15,Rabi,Wheat,82236.8,211774.23,2575.2,55.3,0,32.4,3,13268.4,5970.78,1990.26,86.4,76.3,258.15,2.22,-6.5,37.26,80.34
Uttar Pradesh,Etawah,Central UP,2015-16,Kharif,Rice,90795.9,199640.75,2198.8,437.6,2,32.8,0,9974.59,4189.33,1795.43,84.0,77.6,175.77,2.38,-49.17,32.8,80.16
Uttar Pradesh,Etawah,Central UP,2015-16,Rabi,Wheat,74294.1,207123.38,2787.9,67.7,0,32.3,0,12090.68,5440.81,1813.6,84.0,77.6,260.39,2.22,14.47,32.3,80.16
Uttar Pradesh,Etawah,Central UP,2016-17,Kharif,Rice,73613.1,172456.57,2342.7,821.7,1,32.6,0,9085.81,3816.04,1635.45,84.1,79.9,197.48,2.38,-4.55,32.6,81.58
Uttar Pradesh,Etawah,Central UP,2016-17,Rabi,Wheat,82375.6,227149.35,2757.5,41.1,0,31.6,1,13523.75,6085.69,2028.56,84.1,79.9,262.67,2.22,-30.51,33.18,81.58
Uttar Pradesh,Etawah,Central UP,2017-18,Kharif,Rice,78959.2,194815.76,2467.3,1098.8,2,33.6,0,9016.33,3786.86,1622.94,80.2,83.0,182.7,2.38,27.64,33.6,81.88
Uttar Pradesh,Etawah,Central UP,2017-18,Rabi,Wheat,83446.7,217085.93,2601.5,48.1,0,32.7,2,12277.3,5524.79,1841.6,80.2,83.0,235.4,2.22,-18.67,35.97,81.88
Uttar Pradesh,Etawah,Central UP,2018-19,Kharif,Rice,79998.8,201332.4,2516.7,653.8,1,33.7,0,9949.17,4178.65,1790.85,88.5,81.0,198.99,2.38,-24.05,33.7,84.0
Uttar Pradesh,Etawah,Central UP,2018-19,Rabi,Wheat,82468.1,244660.22,2966.7,61.8,0,31.2,0,14457.45,6505.85,2168.62,88.5,81.0,280.5,2.22,4.49,31.2,84.0
Uttar Pradesh,Farrukhabad,Central UP,1997-98,Kharif,Rice,109434.4,202176.66,1847.5,916.8,8,32.8,0,9622.61,4041.5,1732.07,78.9,72.6,140.69,2.38,6.98,32.8,75.12
Uttar Pradesh,Farrukhabad,Central UP,1997-98,Rabi,Wheat,92553.8,212866.85,2299.9,72.6,0,31.1,0,10621.16,4779.52,1593.17,78.9,72.6,183.61,2.22,34.56,31.1,75.12
Uttar Pradesh,Farrukhabad,Central UP,1998-99,Kharif,Rice,111211.0,236131.29,2123.3,725.4,3,34.3,0,10931.46,4591.21,1967.66,81.7,74.7,157.27,2.38,-15.35,34.3,77.5
Uttar Pradesh,Farrukhabad,Central UP,1998-99,Rabi,Wheat,93052.7,197052.62,2117.6,33.9,0,32.6,3,12140.0,5463.0,1821.0,81.7,74.7,208.74,2.22,-37.17,37.49,77.5
Uttar Pradesh,Farrukhabad,Central UP,1999-00,Kharif,Rice,63892.2,128812.62,2016.1,956.5,7,34.0,0,6399.66,2687.86,1151.94,74.3,74.1,160.26,2.38,11.62,34.0,74.18
Uttar Pradesh,Farrukhabad,Central UP,1999-00,Rabi,Wheat,94040.1,183255.29,1948.7,68.5,0,32.9,3,11899.42,5354.74,1784.91,74.3,74.1,202.46,2.22,26.97,37.83,74.18
Uttar Pradesh,Farrukhabad,Central UP,2000-01,Kharif,Rice,74915.8,145369.26,1940.4,855.1,11,34.3,0,7043.3,2958.19,1267.79,79.0,72.3,150.43,2.38,-0.22,34.3,74.98
Uttar Pradesh,Farrukhabad,Central UP,2000-01,Rabi,Wheat,61521.1,140929.47,2290.7,44.9,0,28.1,0,8116.1,3652.25,1217.42,79.0,72.3,211.08,2.22,-16.78,28.1,74.98
Uttar Pradesh,Farrukhabad,Central UP,2001-02,Kharif,Rice,94775.6,196008.8,2068.1,823.1,2,32.3,0,8998.23,3779.26,1619.68,77.9,76.2,151.91,2.38,-3.95,32.3,76.88
Uttar Pradesh,Farrukhabad,Central UP,2001-02,Rabi,Wheat,93969.8,208395.14,2217.7,44.8,0,31.2,0,12695.15,5712.82,1904.27,77.9,76.2,216.16,2.22,-16.96,31.2,76.88
Uttar Pradesh,Farrukhabad,Central UP,2002-03,Kharif,Rice,89676.5,174164.17,1942.1,652.5,6,32.4,0,9940.47,4175.0,1789.29,73.1,78.3,177.36,2.38,-23.86,32.4,76.22
Uttar Pradesh,Farrukhabad,Central UP,2002-03,Rabi,Wheat,80611.9,180533.13,2239.5,29.4,0,31.2,1,11405.8,5132.61,1710.87,73.1,78.3,226.38,2.22,-45.51,32.76,76.22
Uttar Pradesh,Farrukhabad,Central UP,2003-04,Kharif,Rice,88608.9,190197.92,2146.5,895.4,7,32.6,0,8368.25,3514.66,1506.28,77.2,77.1,151.1,2.38,4.49,32.6,77.14
Uttar Pradesh,Farrukhabad,Central UP,2003-04,Rabi,Wheat,95076.9,216239.3,2274.4,78.5,0,31.6,1,13882.51,6247.13,2082.38,77.2,77.1,233.62,2.22,45.5,33.18,77.14
Uttar Pradesh,Farrukhabad,Central UP,2004-05,Kharif,Rice,85309.0,154313.71,1808.9,489.8,4,33.4,0,8669.29,3641.1,1560.47,81.7,75.8,162.6,2.38,-42.84,33.4,78.16
Uttar Pradesh,Farrukhabad,Central UP,2004-05,Rabi,Wheat,80286.2,211919.94,2639.6,61.1,0,31.2,0,11692.51,5261.63,1753.88,81.7,75.8,233.02,2.22,13.25,31.2,78.16
Uttar Pradesh,Farrukhabad,Central UP,2005-06,Kharif,Rice,91655.8,182573.37,1991.9,872.1,7,33.5,0,10193.01,4281.06,1834.74,80.6,76.9,177.94,2.38,1.77,33.5,78.38
Uttar Pradesh,Farrukhabad,Central UP,2005-06,Rabi,Wheat,87183.4,192983.44,2213.5,56.1,0,33.8,3,11827.16,5322.22,1774.07,80.6,76.9,217.05,2.22,3.98,38.87,78.38
Uttar Pradesh,Farrukhabad,Central UP,2006-07,Kharif,Rice,74202.3,171087.75,2305.7,822.7,4,33.2,0,7851.73,3297.73,1413.31,81.3,73.7,169.3,2.38,-4.0,33.2,76.74
Uttar Pradesh,Farrukhabad,Central UP,2006-07,Rabi,Wheat,83888.7,211915.17,2526.1,75.1,0,31.5,2,11182.72,5032.22,1677.41,81.3,73.7,213.29,2.22,39.2,34.65,76.74
Uttar Pradesh,Farrukhabad,Central UP,2007-08,Kharif,Rice,79860.5,184765.4,2313.6,779.2,1,33.2,0,8570.72,3599.7,1542.73,81.5,77.6,171.71,2.38,-9.07,33.2,79.16
Uttar Pradesh,Farrukhabad,Central UP,2007-08,Rabi,Wheat,77668.4,207694.12,2674.1,86.1,0,30.0,0,11814.1,5316.34,1772.11,81.5,77.6,243.38,2.22,59.59,30.0,79.16
Uttar Pradesh,Farrukhabad,Central UP,2008-09,Kharif,Rice,99905.5,228867.62,2290.8,1193.4,6,32.3,0,10042.5,4217.85,1807.65,85.7,78.8,160.83,2.38,39.26,32.3,81.56
Uttar Pradesh,Farrukhabad,Central UP,2008-09,Rabi,Wheat,85268.6,212518.24,2492.3,67.9,0,32.5,3,11711.79,5270.3,1756.77,85.7,78.8,219.76,2.22,25.85,37.38,81.56
Uttar Pradesh,Farrukhabad,Central UP,2009-10,Kharif,Rice,71780.3,145985.94,2033.8,545.4,3,32.7,0,7376.6,3098.17,1327.79,82.0,78.0,164.43,2.38,-36.36,32.7,79.6
Uttar Pradesh,Farrukhabad,Central UP,2009-10,Rabi,Wheat,92108.6,247755.81,2689.8,16.8,0,28.3,0,12605.22,5672.35,1890.78,82.0,78.0,218.96,2.22,-68.86,28.3,79.6
Uttar Pradesh,Farrukhabad,Central UP,2010-11,Kharif,Rice,88206.7,212940.0,2414.1,752.1,5,34.5,0,9719.5,4082.19,1749.51,85.5,78.1,176.3,2.38,-12.24,34.5,81.06
Uttar Pradesh,Farrukhabad,Central UP,2010-11,Rabi,Wheat,83812.3,220926.26,2636.0,62.6,0,30.4,0,12420.38,5589.17,1863.06,85.5,78.1,237.11,2.22,16.03,30.4,81.06
Uttar Pradesh,Farrukhabad,Central UP,2011-12,Kharif,Rice,123564.4,342352.44,2770.6,803.5,0,31.3,0,13701.33,5754.56,2466.24,87.0,77.0,177.41,2.38,-6.24,31.3,81.0
Uttar Pradesh,Farrukhabad,Central UP,2011-12,Rabi,Wheat,61099.0,177002.71,2897.0,91.3,0,30.9,0,9233.1,4154.9,1384.97,87.0,77.0,241.79,2.22,69.22,30.9,81.0
Uttar Pradesh,Farrukhabad,Central UP,2012-13,Kharif,Rice,79500.9,189413.91,2382.5,908.7,5,32.5,0,8853.31,3718.39,1593.6,82.2,78.4,178.18,2.38,6.04,32.5,79.92
Uttar Pradesh,Farrukhabad,Central UP,2012-13,Rabi,Wheat,91338.8,249924.82,2736.2,58.0,0,31.5,1,14692.16,6611.47,2203.82,82.2,78.4,257.37,2.22,7.5,33.08,79.92
Uttar Pradesh,Farrukhabad,Central UP,2013-14,Kharif,Rice,75470.5,178698.36,2367.8,1125.1,3,33.3,0,7974.56,3349.31,1435.42,86.8,80.3,169.06,2.38,31.29,33.3,82.9
Uttar Pradesh,Farrukhabad,Central UP,2013-14,Rabi,Wheat,82009.0,237306.56,2893.7,60.7,0,30.2,0,11966.83,5385.07,1795.02,86.8,80.3,233.47,2.22,12.51,30.2,82.9
Uttar Pradesh,Farrukhabad,Central UP,2014-15,Kharif,Rice,83654.1,206522.06,2468.8,883.3,5,32.3,0,9984.75,4193.6,1797.26,80.8,77.5,190.97,2.38,3.07,32.3,78.82
Uttar Pradesh,Farrukhabad,Central UP,2014-15,Rabi,Wheat,89675.7,226155.08,2521.9,39.2,0,32.5,4,12623.55,5680.6,1893.53,80.8,77.5,225.23,2.22,-27.34,39.0,78.82
Uttar Pradesh,Farrukhabad,Central UP,2015-16,Kharif,Rice,74406.3,174303.47,2342.6,551.1,1,32.6,0,9790.54,4112.03,1762.3,84.7,80.6,210.53,2.38,-35.69,32.6,82.24
Uttar Pradesh,Farrukhabad,Central UP,2015-16,Rabi,Wheat,91797.2,241700.31,2633.0,21.7,0,32.1,5,13550.52,6097.73,2032.58,84.7,80.6,236.18,2.22,-59.78,40.12,82.24
Uttar Pradesh,Farrukhabad,Central UP,2016-17,Kharif,Rice,89383.2,220762.95,2469.8,974.4,7,34.2,0,10005.86,4202.46,1801.05,87.4,78.4,179.11,2.38,13.71,34.2,82.0
Uttar Pradesh,Farrukhabad,Central UP,2016-17,Rabi,Wheat,77724.6,232984.02,2997.6,49.4,0,30.6,0,11892.61,5351.68,1783.89,87.4,78.4,244.82,2.22,-8.44,30.6,82.0
Uttar Pradesh,Farrukhabad,Central UP,2017-18,Kharif,Rice,67112.5,152315.8,2269.6,1026.3,8,33.0,0,9199.63,3863.84,1655.93,81.6,81.2,219.32,2.38,19.76,33.0,81.36
Uttar Pradesh,Farrukhabad,Central UP,2017-18,Rabi,Wheat,91704.8,245012.6,2671.8,64.2,0,31.3,2,14844.33,6679.95,2226.65,81.6,81.2,258.99,2.22,18.99,34.43,81.36
Uttar Pradesh,Farrukhabad,Central UP,2018-19,Kharif,Rice,93507.9,213855.78,2287.0,934.6,9,33.1,0,10597.78,4451.07,1907.6,86.3,80.1,181.34,2.38,9.06,33.1,82.58
Uttar Pradesh,Farrukhabad,Central UP,2018-19,Rabi,Wheat,87481.2,271622.33,3104.9,42.3,0,29.2,0,12637.68,5686.96,1895.65,86.3,80.1,231.14,2.22,-21.6,29.2,82.58
Uttar Pradesh,Kannauj,Central UP,1997-98,Kharif,Rice,83110.6,183309.53,2205.6,844.7,7,32.6,0,8359.52,3511.0,1504.71,76.0,73.4,160.93,2.38,-1.14,32.6,74.44
Uttar Pradesh,Kannauj,Central UP,1997-98,Rabi,Wheat,96450.7,246782.7,2558.6,44.4,0,32.1,1,10712.4,4820.58,1606.86,76.0,73.4,177.71,2.22,-6.5,33.71,74.44
Uttar Pradesh,Kannauj,Central UP,1998-99,Kharif,Rice,91804.1,218683.48,2382.1,756.7,3,32.9,0,9095.62,3820.16,1637.21,75.4,72.8,158.52,2.38,-11.44,32.9,73.84
Uttar Pradesh,Kannauj,Central UP,1998-99,Rabi,Wheat,79028.1,190938.71,2416.1,52.7,0,31.7,1,10451.89,4703.35,1567.78,75.4,72.8,211.61,2.22,10.97,33.29,73.84
Uttar Pradesh,Kannauj,Central UP,1999-00,Kharif,Rice,95209.5,227334.48,2387.7,1013.8,6,34.6,0,10747.88,4514.11,1934.62,77.6,79.7,180.62,2.38,18.65,34.6,78.86
Uttar Pradesh,Kannauj,Central UP,1999-00,Rabi,Wheat,97469.7,240678.54,2469.3,58.7,0,31.8,1,11779.81,5300.91,1766.97,77.6,79.7,193.37,2.22,23.61,33.39,78.86
Uttar Pradesh,Kannauj,Central UP,2000-01,Kharif,Rice,113373.5,265500.46,2341.8,783.2,6,32.8,0,10942.58,4595.88,1969.66,79.8,71.3,154.43,2.38,-8.34,32.8,74.7
Uttar Pradesh,Kannauj,Central UP,2000-01,Rabi,Wheat,80783.0,227249.42,2813.1,48.7,0,30.0,0,10368.21,4665.69,1555.23,79.8,71.3,205.35,2.22,2.55,30.0,74.7
Uttar Pradesh,Kannauj,Central UP,2001-02,Kharif,Rice,91938.5,208385.2,2266.6,782.3,7,33.7,0,8763.21,3680.55,1577.38,75.8,75.0,152.51,2.38,-8.45,33.7,75.32
Uttar Pradesh,Kannauj,Central UP,2001-02,Rabi,Wheat,89185.7,236363.69,2650.2,57.3,0,29.6,0,12158.86,5471.49,1823.83,75.8,75.0,218.13,2.22,20.66,29.6,75.32
Uttar Pradesh,Kannauj,Central UP,2002-03,Kharif,Rice,101855.2,206420.68,2026.6,398.5,4,33.0,0,11296.59,4744.57,2033.39,76.4,73.1,177.45,2.38,-53.36,33.0,74.42
Uttar Pradesh,Kannauj,Central UP,2002-03,Rabi,Wheat,129596.0,351667.05,2713.6,32.8,0,31.5,1,16615.12,7476.81,2492.27,76.4,73.1,205.13,2.22,-30.93,33.08,74.42
Uttar Pradesh,Kannauj,Central UP,2003-04,Kharif,Rice,107860.1,254741.14,2361.8,824.8,6,33.4,0,11258.64,4728.63,2026.56,76.3,73.3,167.01,2.38,-3.47,33.4,74.5
Uttar Pradesh,Kannauj,Central UP,2003-04,Rabi,Wheat,88981.0,207482.39,2331.8,39.2,0,32.3,4,13020.06,5859.03,1953.01,76.3,73.3,234.12,2.22,-17.45,38.76,74.5
Uttar Pradesh,Kannauj,Central UP,2004-05,Kharif,Rice,70907.5,181095.76,2554.0,679.3,4,32.8,0,7478.97,3141.17,1346.22,81.1,77.4,168.76,2.38,-20.5,32.8,78.88
Uttar Pradesh,Kannauj,Central UP,2004-05,Rabi,Wheat,98104.6,277810.66,2831.8,48.7,0,29.6,0,14826.31,6671.84,2223.95,81.1,77.4,241.8,2.22,2.55,29.6,78.88
Uttar Pradesh,Kannauj,Central UP,2005-06,Kharif,Rice,75348.2,198353.37,2632.5,886.4,2,32.7,0,7021.96,2949.22,1263.95,78.4,73.7,149.11,2.38,3.74,32.7,75.58
Uttar Pradesh,Kannauj,Central UP,2005-06,Rabi,Wheat,109503.6,299792.27,2737.7,58.3,0,30.4,0,15790.19,7105.58,2368.53,78.4,73.7,230.72,2.22,22.77,30.4,75.58
Uttar Pradesh,Kannauj,Central UP,2006-07,Kharif,Rice,89012.7,211701.48,2378.3,738.0,4,34.6,0,8432.99,3541.86,1517.94,84.3,77.4,151.58,2.38,-13.63,34.6,80.16
Uttar Pradesh,Kannauj,Central UP,2006-07,Rabi,Wheat,103264.9,298796.09,2893.5,24.6,0,29.3,0,15404.87,6932.19,2310.73,84.3,77.4,238.69,2.22,-48.2,29.3,80.16
Uttar Pradesh,Kannauj,Central UP,2007-08,Kharif,Rice,83110.5,195920.85,2357.4,1020.0,8,33.5,0,8872.78,3726.57,1597.1,83.9,76.9,170.81,2.38,19.37,33.5,79.7
Uttar Pradesh,Kannauj,Central UP,2007-08,Rabi,Wheat,77022.1,209616.88,2721.5,34.2,0,31.6,2,10360.94,4662.42,1554.14,83.9,76.9,215.23,2.22,-27.98,34.76,79.7
Uttar Pradesh,Kannauj,Central UP,2008-09,Kharif,Rice,112381.3,264221.46,2351.1,1114.3,10,32.9,0,12668.54,5320.79,2280.34,80.1,74.3,180.37,2.38,30.41,32.9,76.62
Uttar Pradesh,Kannauj,Central UP,2008-09,Rabi,Wheat,94128.1,276635.61,2938.9,77.0,0,31.2,0,13762.94,6193.32,2064.44,80.1,74.3,233.94,2.22,62.14,31.2,76.62
Uttar Pradesh,Kannauj,Central UP,2009-10,Kharif,Rice,86804.4,190696.97,2196.9,506.0,5,33.3,0,8002.73,3361.14,1440.49,76.7,77.3,147.51,2.38,-40.78,33.3,77.06
Uttar Pradesh,Kannauj,Central UP,2009-10,Rabi,Wheat,90445.1,214922.85,2376.3,28.0,0,33.1,5,12813.33,5766.0,1922.0,76.7,77.3,226.67,2.22,-41.04,41.38,77.06
Uttar Pradesh,Kannauj,Central UP,2010-11,Kharif,Rice,87127.6,235615.08,2704.3,776.8,0,33.0,0,8835.18,3710.78,1590.33,83.7,77.9,162.25,2.38,-9.09,33.0,80.22
Uttar Pradesh,Kannauj,Central UP,2010-11,Rabi,Wheat,92721.1,227236.24,2450.7,40.0,0,34.4,5,12642.0,5688.9,1896.3,83.7,77.9,218.15,2.22,-15.77,43.0,80.22
Uttar Pradesh,Kannauj,Central UP,2011-12,Kharif,Rice,117275.1,324861.54,2770.1,783.6,4,32.4,0,13859.48,5820.98,2494.71,84.1,77.2,189.09,2.38,-8.29,32.4,79.96
Uttar Pradesh,Kannauj,Central UP,2011-12,Rabi,Wheat,91832.8,290586.73,3164.3,45.5,0,31.0,0,14353.66,6459.15,2153.05,84.1,77.2,250.08,2.22,-4.19,31.0,79.96
Uttar Pradesh,Kannauj,Central UP,2012-13,Kharif,Rice,82975.2,212172.4,2557.1,1210.5,6,34.6,0,9174.76,3853.4,1651.46,78.8,78.7,176.92,2.38,41.67,34.6,78.74
Uttar Pradesh,Kannauj,Central UP,2012-13,Rabi,Wheat,96508.3,295666.22,3063.6,76.5,0,30.3,0,15770.4,7096.68,2365.56,78.8,78.7,261.46,2.22,61.09,30.3,78.74
Uttar Pradesh,Kannauj,Central UP,2013-14,Kharif,Rice,95335.2,246045.04,2580.8,1165.2,4,33.7,0,9688.92,4069.35,1744.01,84.9,76.5,162.61,2.38,36.37,33.7,79.86
Uttar Pradesh,Kannauj,Central UP,2013-14,Rabi,Wheat,98554.3,268204.27,2721.4,71.3,0,33.7,4,16337.97,7352.09,2450.7,84.9,76.5,265.24,2.22,50.14,40.44,79.86
Uttar Pradesh,Kannauj,Central UP,2014-15,Kharif,Rice,109315.2,308218.53,2819.5,956.5,4,33.3,0,12491.24,5246.32,2248.42,81.7,74.5,182.83,2.38,11.94,33.3,77.38
Uttar Pradesh,Kannauj,Central UP,2014-15,Rabi,Wheat,87504.3,255191.01,2916.3,31.9,0,33.3,2,12154.19,5469.38,1823.13,81.7,74.5,222.24,2.22,-32.83,36.63,77.38
Uttar Pradesh,Kannauj,Central UP,2015-16,Kharif,Rice,81613.7,219598.29,2690.7,667.6,3,32.7,0,10366.37,4353.87,1865.95,84.7,81.1,203.23,2.38,-21.87,32.7,82.54
Uttar Pradesh,Kannauj,Central UP,2015-16,Rabi,Wheat,95267.0,310798.87,3262.4,5.0,0,31.0,0,14355.63,6460.03,2153.34,84.7,81.1,241.1,2.22,-89.47,31.0,82.54
Uttar Pradesh,Kannauj,Central UP,2016-17,Kharif,Rice,111244.0,303841.46,2731.3,1063.1,5,33.7,0,13355.83,5609.45,2404.05,86.6,77.9,192.09,2.38,24.42,33.7,81.38
Uttar Pradesh,Kannauj,Central UP,2016-17,Rabi,Wheat,94486.5,301428.96,3190.2,27.8,0,32.2,2,13775.06,6198.78,2066.26,86.6,77.9,233.26,2.22,-41.46,35.42,81.38
Uttar Pradesh,Kannauj,Central UP,2017-18,Kharif,Rice,103146.6,242967.23,2355.6,1125.0,9,32.5,0,11312.93,4751.43,2036.33,82.5,78.9,175.49,2.38,31.66,32.5,80.34
Uttar Pradesh,Kannauj,Central UP,2017-18,Rabi,Wheat,77456.4,233806.74,3018.6,84.2,0,31.6,1,12698.07,5714.13,1904.71,82.5,78.9,262.3,2.22,77.3,33.18,80.34
Uttar Pradesh,Kannauj,Central UP,2018-19,Kharif,Rice,100151.5,282129.72,2817.0,844.8,5,33.5,0,12349.28,5186.7,2222.87,88.8,79.7,197.29,2.38,-1.13,33.5,83.34
Uttar Pradesh,Kannauj,Central UP,2018-19,Rabi,Wheat,104365.2,331191.7,3173.4,44.6,0,32.3,2,13954.24,6279.41,2093.14,88.8,79.7,213.93,2.22,-6.08,35.53,83.34
Uttar Pradesh,Auraiya,Central UP,1997-98,Kharif,Rice,63240.2,121339.35,1918.7,841.2,8,34.3,0,6519.44,2738.16,1173.5,74.1,72.7,164.94,2.38,-7.56,34.3,73.26
Uttar Pradesh,Auraiya,Central UP,1997-98,Rabi,Wheat,88820.6,203167.97,2287.4,90.0,0,29.5,0,10098.38,4544.27,1514.76,74.1,72.7,181.91,2.22,60.9,29.5,73.26
Uttar Pradesh,Auraiya,Central UP,1998-99,Kharif,Rice,84603.7,189552.58,2240.5,972.6,3,33.3,0,9326.11,3916.97,1678.7,76.7,73.3,176.37,2.38,6.88,33.3,74.66
Uttar Pradesh,Auraiya,Central UP,1998-99,Rabi,Wheat,95689.2,194732.73,2035.1,46.2,0,34.0,6,12497.17,5623.73,1874.58,76.7,73.3,208.96,2.22,-17.41,44.2,74.66
Uttar Pradesh,Auraiya,Central UP,1999-00,Kharif,Rice,69921.0,145332.48,2078.5,967.2,5,34.2,0,7342.21,3083.73,1321.6,75.2,73.0,168.01,2.38,6.28,34.2,73.88
Uttar Pradesh,Auraiya,Central UP,1999-00,Rabi,Wheat,86426.7,208800.29,2415.9,93.9,0,32.5,2,10273.22,4622.95,1540.98,75.2,73.0,190.19,2.22,67.87,35.75,73.88
Uttar Pradesh,Auraiya,Central UP,2000-01,Kharif,Rice,65508.9,152638.9,2330.0,848.5,4,34.0,0,6771.05,2843.84,1218.79,79.1,73.6,165.38,2.38,-6.76,34.0,75.8
Uttar Pradesh,Auraiya,Central UP,2000-01,Rabi,Wheat,98365.8,228355.18,2321.5,43.3,0,32.6,0,13993.12,6296.9,2098.97,79.1,73.6,227.61,2.22,-22.59,32.6,75.8
Uttar Pradesh,Auraiya,Central UP,2001-02,Kharif,Rice,102268.1,247553.96,2420.6,953.9,3,34.5,0,9633.37,4046.01,1734.01,74.2,73.3,150.72,2.38,4.82,34.5,73.66
Uttar Pradesh,Auraiya,Central UP,2001-02,Rabi,Wheat,79741.5,205943.95,2582.6,54.0,0,30.3,0,10956.45,4930.4,1643.47,74.2,73.3,219.84,2.22,-3.46,30.3,73.66
Uttar Pradesh,Auraiya,Central UP,2002-03,Kharif,Rice,93908.8,177175.71,1886.7,480.1,5,32.4,0,9391.8,3944.56,1690.52,79.6,74.4,160.02,2.38,-47.24,32.4,76.48
Uttar Pradesh,Auraiya,Central UP,2002-03,Rabi,Wheat,101992.5,253098.21,2481.5,29.9,0,33.8,0,13694.65,6162.59,2054.2,79.6,74.4,214.83,2.22,-46.55,33.8,76.48
Uttar Pradesh,Auraiya,Central UP,2003-04,Kharif,Rice,67691.8,148848.79,2198.9,999.4,5,34.0,0,7646.7,3211.61,1376.41,74.7,75.0,180.74,2.38,9.82,34.0,74.88
Uttar Pradesh,Auraiya,Central UP,2003-04,Rabi,Wheat,100837.8,214405.1,2126.2,15.4,0,33.1,4,14939.51,6722.78,2240.93,74.7,75.0,237.05,2.22,-72.47,39.72,74.88
Uttar Pradesh,Auraiya,Central UP,2004-05,Kharif,Rice,91262.7,214568.02,2351.1,730.6,3,32.5,0,10093.12,4239.11,1816.76,84.3,78.0,176.95,2.38,-19.72,32.5,80.52
Uttar Pradesh,Auraiya,Central UP,2004-05,Rabi,Wheat,94556.8,243233.09,2572.3,66.2,0,32.1,3,14721.49,6624.67,2208.22,84.3,78.0,249.1,2.22,18.35,36.91,80.52
Uttar Pradesh,Auraiya,Central UP,2005-06,Kharif,Rice,69501.0,158620.36,2282.3,888.2,4,32.8,0,7824.73,3286.39,1408.45,78.6,75.4,180.14,2.38,-2.4,32.8,76.68
Uttar Pradesh,Auraiya,Central UP,2005-06,Rabi,Wheat,71048.4,188905.82,2658.8,12.5,0,32.0,1,9617.85,4328.03,1442.68,78.6,75.4,216.59,2.22,-77.65,33.6,76.68
Uttar Pradesh,Auraiya,Central UP,2006-07,Kharif,Rice,98853.4,228774.09,2314.3,939.5,6,33.1,0,10992.97,4617.05,1978.73,84.2,77.9,177.93,2.38,3.24,33.1,80.42
Uttar Pradesh,Auraiya,Central UP,2006-07,Rabi,Wheat,84712.5,214555.21,2532.7,88.4,0,31.2,1,10651.78,4793.3,1597.77,84.2,77.9,201.18,2.22,58.03,32.76,80.42
Uttar Pradesh,Auraiya,Central UP,2007-08,Kharif,Rice,79220.2,175402.15,2214.1,920.0,5,34.2,0,8636.75,3627.44,1554.62,80.9,79.1,174.44,2.38,1.1,34.2,79.82
Uttar Pradesh,Auraiya,Central UP,2007-08,Rabi,Wheat,95645.9,261042.66,2729.3,72.0,0,28.7,0,14355.71,6460.07,2153.36,80.9,79.1,240.15,2.22,28.72,28.7,79.82
Uttar Pradesh,Auraiya,Central UP,2008-09,Kharif,Rice,75820.6,188497.13,2486.1,1238.6,3,34.0,0,7907.81,3321.28,1423.41,80.3,75.9,166.87,2.38,36.11,34.0,77.66
Uttar Pradesh,Auraiya,Central UP,2008-09,Rabi,Wheat,82736.3,227777.48,2753.1,74.6,0,31.7,2,11840.5,5328.23,1776.08,80.3,75.9,228.98,2.22,33.36,34.87,77.66
Uttar Pradesh,Auraiya,Central UP,2009-10,Kharif,Rice,83097.3,197364.65,2375.1,631.7,1,34.3,0,9426.19,3959.0,1696.71,77.9,76.3,181.5,2.38,-30.58,34.3,76.94
Uttar Pradesh,Auraiya,Central UP,2009-10,Rabi,Wheat,79608.9,230925.01,2900.7,49.3,0,30.7,0,12283.68,5527.65,1842.55,77.9,76.3,246.88,2.22,-11.87,30.7,76.94
Uttar Pradesh,Auraiya,Central UP,2010-11,Kharif,Rice,70679.7,173028.66,2448.1,999.4,7,33.4,0,8899.36,3737.73,1601.89,84.3,78.5,201.46,2.38,9.82,33.4,80.82
Uttar Pradesh,Auraiya,Central UP,2010-11,Rabi,Wheat,87166.5,264346.59,3032.7,52.3,0,30.9,0,13208.87,5943.99,1981.33,84.3,78.5,242.46,2.22,-6.5,30.9,80.82
Uttar Pradesh,Auraiya,Central UP,2011-12,Kharif,Rice,102159.8,247264.16,2420.4,995.8,7,33.3,0,9764.4,4101.05,1757.59,83.3,72.6,152.93,2.38,9.43,33.3,76.88
Uttar Pradesh,Auraiya,Central UP,2011-12,Rabi,Wheat,87190.7,246878.34,2831.5,69.3,0,33.0,2,12931.05,5818.97,1939.66,83.3,72.6,237.29,2.22,23.89,36.3,76.88
Uttar Pradesh,Auraiya,Central UP,2012-13,Kharif,Rice,88231.6,224300.25,2542.2,842.5,2,31.2,0,10165.03,4269.31,1829.71,84.2,76.6,184.33,2.38,-7.42,31.2,79.64
Uttar Pradesh,Auraiya,Central UP,2012-13,Rabi,Wheat,86761.7,243159.25,2802.6,62.6,0,32.7,3,14573.21,6557.95,2185.98,84.2,76.6,268.75,2.22,11.91,37.6,79.64
Uttar Pradesh,Auraiya,Central UP,2013-14,Kharif,Rice,86730.7,219757.4,2533.8,1289.0,5,33.8,0,9842.37,4133.8,1771.63,84.1,78.8,181.57,2.38,41.64,33.8,80.92
Uttar Pradesh,Auraiya,Central UP,2013-14,Rabi,Wheat,99417.0,293204.97,2949.2,44.4,0,31.3,1,14899.24,6704.66,2234.89,84.1,78.8,239.79,2.22,-20.63,32.87,80.92
Uttar Pradesh,Auraiya,Central UP,2014-15,Kharif,Rice,60185.4,154063.58,2559.8,772.9,2,34.1,0,7265.4,3051.47,1307.77,82.9,83.5,193.15,2.38,-15.07,34.1,83.26
Uttar Pradesh,Auraiya,Central UP,2014-15,Rabi,Wheat,97598.7,296418.7,3037.1,33.1,0,31.4,0,15188.71,6834.92,2278.31,82.9,83.5,249.0,2.22,-40.83,31.4,83.26
Uttar Pradesh,Auraiya,Central UP,2015-16,Kharif,Rice,60456.4,132466.28,2191.1,484.6,4,33.4,0,6782.22,2848.53,1220.8,80.7,77.9,179.49,2.38,-46.75,33.4,79.02
Uttar Pradesh,Auraiya,Central UP,2015-16,Rabi,Wheat,82218.8,258573.56,3144.9,73.6,0,30.8,0,12317.7,5542.97,1847.66,80.7,77.9,239.71,2.22,31.58,30.8,79.02
Uttar Pradesh,Auraiya,Central UP,2016-17,Kharif,Rice,75133.9,195584.95,2603.2,942.8,4,32.1,0,8488.59,3565.21,1527.95,83.4,78.3,180.77,2.38,3.6,32.1,80.34
Uttar Pradesh,Auraiya,Central UP,2016-17,Rabi,Wheat,104926.3,291213.0,2775.4,68.0,0,32.4,4,17124.1,7705.84,2568.61,83.4,78.3,261.12,2.22,21.57,38.88,80.34
Uttar Pradesh,Auraiya,Central UP,2017-18,Kharif,Rice,63735.6,173182.14,2717.2,1451.4,7,33.7,0,7999.11,3359.63,1439.84,88.8,79.0,200.81,2.38,59.49,33.7,82.92
Uttar Pradesh,Auraiya,Central UP,2017-18,Rabi,Wheat,89746.8,288472.22,3214.3,73.8,0,29.7,0,15448.73,6951.93,2317.31,88.8,79.0,275.42,2.22,31.93,29.7,82.92
Uttar Pradesh,Auraiya,Central UP,2018-19,Kharif,Rice,75921.7,208582.19,2747.3,904.9,4,31.6,0,9422.96,3957.64,1696.13,86.8,76.6,198.58,2.38,-0.56,31.6,80.68
Uttar Pradesh,Auraiya,Central UP,2018-19,Rabi,Wheat,91635.0,221542.74,2417.7,32.7,0,33.1,7,14678.0,6605.1,2201.7,86.8,76.6,256.29,2.22,-41.54,44.69,80.68
Uttar Pradesh,Fatehpur,Central UP,1997-98,Kharif,Rice,69270.5,148123.85,2138.3,723.1,5,32.1,0,6921.74,2907.13,1245.91,80.9,72.3,159.88,2.38,-18.76,32.1,75.74
Uttar Pradesh,Fatehpur,Central UP,1997-98,Rabi,Wheat,80392.8,189143.84,2352.7,57.6,0,30.3,0,9715.24,4371.86,1457.29,80.9,72.3,193.36,2.22,3.86,30.3,75.74
Uttar Pradesh,Fatehpur,Central UP,1998-99,Kharif,Rice,90473.7,176649.61,1952.5,981.2,9,32.9,0,9277.59,3896.59,1669.97,74.9,73.4,164.07,2.38,10.23,32.9,74.0
Uttar Pradesh,Fatehpur,Central UP,1998-99,Rabi,Wheat,102945.1,234248.77,2275.5,70.0,0,32.3,2,13218.04,5948.12,1982.71,74.9,73.4,205.44,2.22,26.22,35.53,74.0
Uttar Pradesh,Fatehpur,Central UP,1999-00,Kharif,Rice,100316.7,240883.05,2401.2,814.5,4,32.1,0,10055.89,4223.47,1810.06,76.9,74.2,160.39,2.38,-8.49,32.1,75.28
Uttar Pradesh,Fatehpur,Central UP,1999-00,Rabi,Wheat,80504.5,192773.63,2394.6,92.5,0,32.0,1,10174.22,4578.4,1526.13,76.9,74.2,202.21,2.22,66.79,33.6,75.28
Uttar Pradesh,Fatehpur,Central UP,2000-01,Kharif,Rice,80940.0,176672.5,2182.8,899.3,5,32.8,0,6915.15,2904.36,1244.73,77.6,76.2,136.7,2.38,1.03,32.8,76.76
Uttar Pradesh,Fatehpur,Central UP,2000-01,Rabi,Wheat,71753.9,169273.32,2359.1,71.5,0,31.8,0,9917.31,4462.79,1487.6,77.6,76.2,221.14,2.22,28.92,31.8,76.76
Uttar Pradesh,Fatehpur,Central UP,2001-02,Kharif,Rice,51698.8,109362.56,2115.4,872.3,8,33.9,0,5652.02,2373.85,1017.36,81.4,73.2,174.92,2.38,-2.0,33.9,76.48
Uttar Pradesh,Fatehpur,Central UP,2001-02,Rabi,Wheat,63854.7,165052.5,2584.8,44.6,0,32.2,0,9516.7,4282.52,1427.51,81.4,73.2,238.46,2.22,-19.58,32.2,76.48
Uttar Pradesh,Fatehpur,Central UP,2002-03,Kharif,Rice,94743.2,176469.46,1862.6,502.3,7,33.9,0,9918.05,4165.58,1785.25,82.7,72.5,167.49,2.38,-43.57,33.9,76.58
Uttar Pradesh,Fatehpur,Central UP,2002-03,Rabi,Wheat,106607.4,270820.84,2540.4,5.0,0,30.9,0,15862.0,7137.9,2379.3,82.7,72.5,238.06,2.22,-90.98,30.9,76.58
Uttar Pradesh,Fatehpur,Central UP,2003-04,Kharif,Rice,45305.2,119724.77,2642.6,863.6,4,34.7,0,4580.64,1923.87,824.52,77.9,71.4,161.77,2.38,-2.98,34.7,74.0
Uttar Pradesh,Fatehpur,Central UP,2003-04,Rabi,Wheat,78656.8,199949.14,2542.0,61.7,0,27.9,0,10096.47,4543.41,1514.47,77.9,71.4,205.38,2.22,11.25,27.9,74.0
Uttar Pradesh,Fatehpur,Central UP,2004-05,Kharif,Rice,91561.1,183268.07,2001.6,523.6,2,33.8,0,8388.85,3523.32,1509.99,82.6,74.1,146.59,2.38,-41.18,33.8,77.5
Uttar Pradesh,Fatehpur,Central UP,2004-05,Rabi,Wheat,89585.7,210819.72,2353.3,42.1,0,33.6,4,13238.06,5957.12,1985.71,82.6,74.1,236.43,2.22,-24.09,40.32,77.5
Uttar Pradesh,Fatehpur,Central UP,2005-06,Kharif,Rice,78456.8,163554.9,2084.7,981.4,11,32.8,0,7753.32,3256.4,1395.6,81.8,77.0,158.12,2.38,10.26,32.8,78.92
Uttar Pradesh,Fatehpur,Central UP,2005-06,Rabi,Wheat,91248.9,240504.65,2635.7,44.3,0,32.8,1,11916.99,5362.64,1787.55,81.8,77.0,208.96,2.22,-20.12,34.44,78.92
Uttar Pradesh,Fatehpur,Central UP,2006-07,Kharif,Rice,61170.5,123054.93,2011.7,996.5,7,33.6,0,6181.8,2596.35,1112.72,80.0,71.3,161.69,2.38,11.95,33.6,74.78
Uttar Pradesh,Fatehpur,Central UP,2006-07,Rabi,Wheat,121083.5,326868.91,2699.5,33.5,0,31.7,1,17854.3,8034.43,2678.14,80.0,71.3,235.93,2.22,-39.6,33.29,74.78
Uttar Pradesh,Fatehpur,Central UP,2007-08,Kharif,Rice,90232.4,213886.02,2370.4,908.8,6,34.5,0,9454.31,3970.81,1701.78,79.0,74.9,167.64,2.38,2.1,34.5,76.54
Uttar Pradesh,Fatehpur,Central UP,2007-08,Rabi,Wheat,93743.0,218956.69,2335.7,5.0,0,32.6,5,13341.63,6003.73,2001.24,79.0,74.9,227.71,2.22,-90.98,40.75,76.54
Uttar Pradesh,Fatehpur,Central UP,2008-09,Kharif,Rice,84443.3,179489.33,2125.6,1249.0,10,34.1,0,9609.55,4036.01,1729.72,74.0,77.9,182.08,2.38,40.32,34.1,76.34
Uttar Pradesh,Fatehpur,Central UP,2008-09,Rabi,Wheat,73270.7,189606.82,2587.8,66.6,0,31.6,0,10183.34,4582.5,1527.5,74.0,77.9,222.37,2.22,20.09,31.6,76.34
Uttar Pradesh,Fatehpur,Central UP,2009-10,Kharif,Rice,56660.0,122625.13,2164.2,675.6,8,32.2,0,6123.44,2571.84,1102.22,77.4,79.8,172.92,2.38,-24.1,32.2,78.84
Uttar Pradesh,Fatehpur,Central UP,2009-10,Rabi,Wheat,96754.5,250560.74,2589.7,46.7,0,31.4,1,15148.45,6816.8,2272.27,77.4,79.8,250.51,2.22,-15.79,32.97,78.84
Uttar Pradesh,Fatehpur,Central UP,2010-11,Kharif,Rice,82736.5,212151.89,2564.2,908.1,2,33.3,0,8859.69,3721.07,1594.74,82.1,76.7,171.33,2.38,2.02,33.3,78.86
Uttar Pradesh,Fatehpur,Central UP,2010-11,Rabi,Wheat,81257.9,234161.51,2881.7,53.9,0,30.4,0,10985.67,4943.55,1647.85,82.1,76.7,216.31,2.22,-2.81,30.4,78.86
Uttar Pradesh,Fatehpur,Central UP,2011-12,Kharif,Rice,81678.2,179597.15,2198.8,799.5,10,33.9,0,8637.69,3627.83,1554.78,80.1,79.7,169.2,2.38,-10.18,33.9,79.86
Uttar Pradesh,Fatehpur,Central UP,2011-12,Rabi,Wheat,75186.4,213964.99,2845.8,61.3,0,31.0,0,10505.33,4727.4,1575.8,80.1,79.7,223.56,2.22,10.53,31.0,79.86
Uttar Pradesh,Fatehpur,Central UP,2012-13,Kharif,Rice,100972.2,247828.44,2454.4,956.3,9,33.4,0,12950.0,5439.0,2331.0,88.0,79.4,205.2,2.38,7.44,33.4,82.84
Uttar Pradesh,Fatehpur,Central UP,2012-13,Rabi,Wheat,108293.1,274748.53,2537.1,91.7,0,32.7,4,17871.52,8042.18,2680.73,88.0,79.4,264.05,2.22,65.35,39.24,82.84
Uttar Pradesh,Fatehpur,Central UP,2013-14,Kharif,Rice,67131.5,178657.53,2661.3,1300.6,5,33.2,0,7407.34,3111.08,1333.32,87.6,82.0,176.55,2.38,46.12,33.2,84.24
Uttar Pradesh,Fatehpur,Central UP,2013-14,Rabi,Wheat,88009.1,239865.48,2725.5,101.6,0,31.9,3,13171.44,5927.15,1975.72,87.6,82.0,239.46,2.22,83.2,36.68,84.24
Uttar Pradesh,Fatehpur,Central UP,2014-15,Kharif,Rice,101143.5,265662.05,2626.6,764.9,3,32.0,0,11696.43,4912.5,2105.36,86.9,79.0,185.03,2.38,-14.07,32.0,82.16
Uttar Pradesh,Fatehpur,Central UP,2014-15,Rabi,Wheat,64238.6,197810.85,3079.3,65.4,0,30.3,0,10472.97,4712.83,1570.94,86.9,79.0,260.85,2.22,17.92,30.3,82.16
Uttar Pradesh,Fatehpur,Central UP,2015-16,Kharif,Rice,75918.1,195590.54,2576.3,611.1,2,33.9,0,8926.76,3749.24,1606.82,85.7,81.3,188.13,2.38,-31.35,33.9,83.06
Uttar Pradesh,Fatehpur,Central UP,2015-16,Rabi,Wheat,113181.1,255091.22,2253.8,30.3,0,33.6,9,16303.16,7336.42,2445.47,85.7,81.3,230.47,2.22,-45.37,48.72,83.06
Uttar Pradesh,Fatehpur,Central UP,2016-17,Kharif,Rice,79640.9,219598.4,2757.4,870.2,6,33.3,0,9922.87,4167.6,1786.12,84.4,79.1,199.35,2.38,-2.24,33.3,81.22
Uttar Pradesh,Fatehpur,Central UP,2016-17,Rabi,Wheat,126131.7,399637.42,3168.4,86.1,0,30.9,0,19658.46,8846.31,2948.77,84.4,79.1,249.37,2.22,55.25,30.9,81.22
Uttar Pradesh,Fatehpur,Central UP,2017-18,Kharif,Rice,84349.5,233813.35,2772.0,1183.2,3,33.3,0,9761.29,4099.74,1757.03,80.0,82.0,185.16,2.38,32.93,33.3,81.2
Uttar Pradesh,Fatehpur,Central UP,2017-18,Rabi,Wheat,72658.3,221234.54,3044.9,62.2,0,30.5,0,10698.38,4814.27,1604.76,80.0,82.0,235.59,2.22,12.15,30.5,81.2
Uttar Pradesh,Fatehpur,Central UP,2018-19,Kharif,Rice,60830.3,179817.21,2956.0,960.5,4,33.2,0,8143.29,3420.18,1465.79,87.2,81.4,214.19,2.38,7.91,33.2,83.72
Uttar Pradesh,Fatehpur,Central UP,2018-19,Rabi,Wheat,77097.5,243263.83,3155.3,54.1,0,31.0,0,12826.44,5771.9,1923.97,87.2,81.4,266.19,2.22,-2.45,31.0,83.72
Uttar Pradesh,Barabanki,Central UP,1997-98,Kharif,Rice,98229.0,221594.47,2255.9,1023.8,4,33.1,0,9174.84,3853.43,1651.47,75.0,73.1,149.44,2.38,16.34,33.1,73.86
Uttar Pradesh,Barabanki,Central UP,1997-98,Rabi,Wheat,89553.3,186799.45,2085.9,35.8,0,34.0,4,10424.54,4691.04,1563.68,75.0,73.1,186.25,2.22,-34.18,40.8,73.86
Uttar Pradesh,Barabanki,Central UP,1998-99,Kharif,Rice,82654.0,201540.78,2438.4,787.3,1,33.1,0,7724.08,3244.11,1390.33,72.1,72.7,149.52,2.38,-10.53,33.1,72.46
Uttar Pradesh,Barabanki,Central UP,1998-99,Rabi,Wheat,94165.6,228174.84,2423.1,60.1,0,29.7,0,12375.67,5569.05,1856.35,72.1,72.7,210.28,2.22,10.5,29.7,72.46
Uttar Pradesh,Barabanki,Central UP,1999-00,Kharif,Rice,92488.8,216833.9,2344.4,849.6,6,32.5,0,9950.05,4179.02,1791.01,74.4,72.4,172.13,2.38,-3.45,32.5,73.2
Uttar Pradesh,Barabanki,Central UP,1999-00,Rabi,Wheat,116471.5,203598.22,1748.1,44.2,0,33.0,9,16254.33,7314.45,2438.15,74.4,72.4,223.29,2.22,-18.73,47.85,73.2
Uttar Pradesh,Barabanki,Central UP,2000-01,Kharif,Rice,78192.9,177152.31,2265.6,842.3,6,33.1,0,8348.61,3506.41,1502.75,79.2,73.0,170.83,2.38,-4.28,33.1,75.48
Uttar Pradesh,Barabanki,Central UP,2000-01,Rabi,Wheat,89603.6,234405.75,2616.0,61.3,0,31.8,0,11455.9,5155.16,1718.39,79.2,73.0,204.56,2.22,12.71,31.8,75.48
Uttar Pradesh,Barabanki,Central UP,2001-02,Kharif,Rice,107377.5,251754.67,2344.6,926.3,3,33.4,0,11568.75,4858.87,2082.37,83.5,73.8,172.38,2.38,5.26,33.4,77.68
Uttar Pradesh,Barabanki,Central UP,2001-02,Rabi,Wheat,80495.2,195673.86,2430.9,83.3,0,32.8,2,11421.73,5139.78,1713.26,83.5,73.8,227.03,2.22,53.16,36.08,77.68
Uttar Pradesh,Barabanki,Central UP,2002-03,Kharif,Rice,82174.6,172031.21,2093.5,528.1,4,35.7,0,9371.5,3936.03,1686.87,73.0,75.5,182.47,2.38,-39.99,35.7,74.5
Uttar Pradesh,Barabanki,Central UP,2002-03,Rabi,Wheat,85922.4,178224.96,2074.3,28.1,0,32.0,3,10767.29,4845.28,1615.09,73.0,75.5,200.5,2.22,-48.34,36.8,74.5
Uttar Pradesh,Barabanki,Central UP,2003-04,Kharif,Rice,95620.8,229528.46,2400.4,863.8,3,33.4,0,9811.94,4121.01,1766.15,73.8,75.6,164.18,2.38,-1.84,33.4,74.88
Uttar Pradesh,Barabanki,Central UP,2003-04,Rabi,Wheat,65231.1,162946.94,2498.0,64.3,0,30.0,0,8768.97,3946.04,1315.35,73.8,75.6,215.09,2.22,18.22,30.0,74.88
Uttar Pradesh,Barabanki,Central UP,2004-05,Kharif,Rice,63673.1,129742.22,2037.6,460.9,3,34.2,0,6737.6,2829.79,1212.77,83.7,74.7,169.3,2.38,-47.63,34.2,78.3
Uttar Pradesh,Barabanki,Central UP,2004-05,Rabi,Wheat,82567.9,174257.33,2110.5,43.4,0,32.9,7,12022.72,5410.22,1803.41,83.7,74.7,232.98,2.22,-20.2,44.41,78.3
Uttar Pradesh,Barabanki,Central UP,2005-06,Kharif,Rice,97793.4,213249.35,2180.6,1010.2,7,32.7,0,9886.48,4152.32,1779.57,75.8,79.2,161.75,2.38,14.79,32.7,77.84
Uttar Pradesh,Barabanki,Central UP,2005-06,Rabi,Wheat,75995.6,201204.75,2647.6,80.5,0,31.7,1,10118.25,4553.21,1517.74,75.8,79.2,213.03,2.22,48.01,33.29,77.84
Uttar Pradesh,Barabanki,Central UP,2006-07,Kharif,Rice,74620.9,186967.42,2505.6,810.3,5,33.7,0,8482.89,3562.81,1526.92,76.9,76.7,181.89,2.38,-7.92,33.7,76.78
Uttar Pradesh,Barabanki,Central UP,2006-07,Rabi,Wheat,110017.4,285595.78,2595.9,76.7,0,32.7,2,15141.51,6813.68,2271.23,76.9,76.7,220.21,2.22,41.02,35.97,76.78
Uttar Pradesh,Barabanki,Central UP,2007-08,Kharif,Rice,91959.1,201827.97,2194.8,1012.1,9,32.7,0,10039.72,4216.68,1807.15,77.1,77.9,174.68,2.38,15.01,32.7,77.58
Uttar Pradesh,Barabanki,Central UP,2007-08,Rabi,Wheat,97835.0,229157.09,2342.3,22.6,0,32.9,5,13688.48,6159.82,2053.27,77.1,77.9,223.86,2.22,-58.45,41.12,77.58
Uttar Pradesh,Barabanki,Central UP,2008-09,Kharif,Rice,89740.4,242727.03,2704.8,1154.9,3,32.3,0,10109.81,4246.12,1819.76,79.5,80.0,180.25,2.38,31.24,32.3,79.8
Uttar Pradesh,Barabanki,Central UP,2008-09,Rabi,Wheat,87109.0,225860.46,2592.8,57.5,0,31.8,2,13421.73,6039.78,2013.26,79.5,80.0,246.53,2.22,5.72,34.98,79.8
Uttar Pradesh,Barabanki,Central UP,2009-10,Kharif,Rice,94511.7,211195.48,2234.6,481.7,4,33.7,0,10855.11,4559.14,1953.92,84.8,77.0,183.77,2.38,-45.26,33.7,80.12
Uttar Pradesh,Barabanki,Central UP,2009-10,Rabi,Wheat,105928.7,282859.51,2670.3,6.4,0,31.9,3,14422.87,6490.29,2163.43,84.8,77.0,217.85,2.22,-88.23,36.68,80.12
Uttar Pradesh,Barabanki,Central UP,2010-11,Kharif,Rice,76312.7,206641.9,2707.8,937.1,4,34.7,0,6940.07,2914.83,1249.21,80.7,78.0,145.51,2.38,6.49,34.7,79.08
Uttar Pradesh,Barabanki,Central UP,2010-11,Rabi,Wheat,98201.1,289444.62,2947.5,50.9,0,31.3,1,14914.3,6711.44,2237.15,80.7,78.0,243.0,2.22,-6.41,32.87,79.08
Uttar Pradesh,Barabanki,Central UP,2011-12,Kharif,Rice,82510.7,195110.77,2364.7,1001.1,4,32.4,0,9962.73,4184.35,1793.29,84.5,77.7,193.19,2.38,13.76,32.4,80.42
Uttar Pradesh,Barabanki,Central UP,2011-12,Rabi,Wheat,94324.2,289714.1,3071.5,49.9,0,30.0,0,12253.07,5513.88,1837.96,84.5,77.7,207.85,2.22,-8.25,30.0,80.42
Uttar Pradesh,Barabanki,Central UP,2012-13,Kharif,Rice,67655.8,177010.51,2616.3,891.4,2,34.9,0,6908.63,2901.63,1243.55,83.6,79.4,163.38,2.38,1.3,34.9,81.08
Uttar Pradesh,Barabanki,Central UP,2012-13,Rabi,Wheat,77675.9,0.0,2721.5,48.6,0,30.6,0,11222.86,5050.29,1683.43,83.6,79.4,231.17,2.22,-10.64,30.6,81.08
Uttar Pradesh,Barabanki,Central UP,2013-14,Kharif,Rice,80206.0,198399.03,2473.6,1191.6,8,32.1,0,9255.42,3887.28,1665.98,84.7,79.8,184.63,2.38,35.41,32.1,81.76
Uttar Pradesh,Barabanki,Central UP,2013-14,Rabi,Wheat,99119.9,305311.67,3080.2,60.8,0,30.9,0,15976.57,7189.46,2396.49,84.7,79.8,257.89,2.22,11.79,30.9,81.76
Uttar Pradesh,Barabanki,Central UP,2014-15,Kharif,Rice,89578.1,246741.06,2754.5,869.4,2,32.8,0,10815.55,4542.53,1946.8,84.5,78.4,193.18,2.38,-1.2,32.8,80.84
Uttar Pradesh,Barabanki,Central UP,2014-15,Rabi,Wheat,103191.3,332337.11,3220.6,30.7,0,32.6,1,15663.58,7048.61,2349.54,84.5,78.4,242.87,2.22,-43.55,34.23,80.84
Uttar Pradesh,Barabanki,Central UP,2015-16,Kharif,Rice,95389.5,232825.37,2440.8,493.6,2,33.0,0,9891.58,4154.46,1780.48,89.0,80.5,165.91,2.38,-43.91,33.0,83.9
Uttar Pradesh,Barabanki,Central UP,2015-16,Rabi,Wheat,79385.3,257948.35,3249.3,43.1,0,28.0,0,11839.43,5327.74,1775.91,89.0,80.5,238.62,2.22,-20.76,28.0,83.9
Uttar Pradesh,Barabanki,Central UP,2016-17,Kharif,Rice,90625.7,248050.41,2737.1,1110.3,3,32.5,0,10654.82,4475.02,1917.87,80.3,81.6,188.11,2.38,26.17,32.5,81.08
Uttar Pradesh,Barabanki,Central UP,2016-17,Rabi,Wheat,73163.8,225111.07,3076.8,51.4,0,30.1,0,12126.17,5456.78,1818.93,80.3,81.6,265.18,2.22,-5.5,30.1,81.08
Uttar Pradesh,Barabanki,Central UP,2017-18,Kharif,Rice,98100.4,245710.7,2504.7,1064.6,10,33.4,0,12609.69,5296.07,2269.74,83.7,84.3,205.66,2.38,20.98,33.4,84.06
Uttar Pradesh,Barabanki,Central UP,2017-18,Rabi,Wheat,104762.4,338293.71,3229.2,62.8,0,30.8,0,17789.93,8005.47,2668.49,83.7,84.3,271.7,2.22,15.46,30.8,84.06
Uttar Pradesh,Barabanki,Central UP,2018-19,Kharif,Rice,102942.9,284228.0,2761.0,981.6,4,32.8,0,12982.16,5452.51,2336.79,84.4,81.8,201.78,2.38,11.54,32.8,82.84
Uttar Pradesh,Barabanki,Central UP,2018-19,Rabi,Wheat,88226.2,283674.57,3215.3,76.0,0,31.6,1,14274.59,6423.57,2141.19,84.4,81.8,258.87,2.22,39.73,33.18,82.84
Uttar Pradesh,Amethi,Central UP,2010-11,Kharif,Rice,79801.3,217713.87,2728.2,845.3,2,34.3,0,8938.42,3754.14,1608.92,84.2,72.5,179.21,2.38,0.08,34.3,77.18
Uttar Pradesh,Amethi,Central UP,2010-11,Rabi,Wheat,112096.7,326697.59,2914.4,86.6,0,31.0,0,16497.18,7423.73,2474.58,84.2,72.5,235.47,2.22,43.44,31.0,77.18
Uttar Pradesh,Amethi,Central UP,2011-12,Kharif,Rice,80541.6,199379.96,2475.5,880.5,3,33.7,0,8003.03,3361.27,1440.55,88.5,79.2,158.98,2.38,4.25,33.7,82.92
Uttar Pradesh,Amethi,Central UP,2011-12,Rabi,Wheat,84249.1,200107.69,2375.2,84.2,0,32.7,7,12074.72,5433.63,1811.21,88.5,79.2,229.31,2.22,39.46,44.15,82.92
Uttar Pradesh,Amethi,Central UP,2012-13,Kharif,Rice,89021.2,236720.3,2659.1,856.6,3,34.0,0,9372.29,3936.36,1687.01,78.8,80.2,168.45,2.38,1.42,34.0,79.64
Uttar Pradesh,Amethi,Central UP,2012-13,Rabi,Wheat,92644.1,280896.59,3032.0,42.6,0,29.8,0,13261.5,5967.68,1989.23,78.8,80.2,229.03,2.22,-29.44,29.8,79.64
Uttar Pradesh,Amethi,Central UP,2013-14,Kharif,Rice,80563.8,225335.82,2797.0,1155.2,3,31.6,0,8910.52,3742.42,1603.89,86.4,81.5,176.96,2.38,36.77,31.6,83.46
Uttar Pradesh,Amethi,Central UP,2013-14,Rabi,Wheat,83142.0,272598.84,3278.7,50.4,0,30.8,0,12034.79,5415.66,1805.22,86.4,81.5,231.6,2.22,-16.52,30.8,83.46
Uttar Pradesh,Amethi,Central UP,2014-15,Kharif,Rice,73769.4,183690.03,2490.1,942.8,6,32.5,0,8316.69,3493.01,1497.0,81.9,79.9,180.38,2.38,11.63,32.5,80.7
Uttar Pradesh,Amethi,Central UP,2014-15,Rabi,Wheat,75716.5,231669.13,3059.7,37.8,0,31.1,0,11397.82,5129.02,1709.67,81.9,79.9,240.85,2.22,-37.39,31.1,80.7
Uttar Pradesh,Amethi,Central UP,2015-16,Kharif,Rice,101974.1,227188.6,2227.9,418.5,2,33.7,0,12344.14,5184.54,2221.95,85.3,77.6,193.68,2.38,-50.45,33.7,80.68
Uttar Pradesh,Amethi,Central UP,2015-16,Rabi,Wheat,99445.9,318976.24,3207.5,61.4,0,31.2,0,15018.3,6758.23,2252.74,85.3,77.6,241.63,2.22,1.7,31.2,80.68
Uttar Pradesh,Amethi,Central UP,2016-17,Kharif,Rice,91866.0,249741.58,2718.5,778.0,6,32.4,0,10149.06,4262.61,1826.83,88.9,78.4,176.76,2.38,-7.89,32.4,82.6
Uttar Pradesh,Amethi,Central UP,2016-17,Rabi,Wheat,88978.5,303440.07,3410.3,83.6,0,30.9,0,11507.61,5178.43,1726.14,88.9,78.4,206.93,2.22,38.47,30.9,82.6
Uttar Pradesh,Amethi,Central UP,2017-18,Kharif,Rice,64665.5,170692.13,2639.6,1112.4,4,32.1,0,7476.39,3140.08,1345.75,88.3,76.9,184.99,2.38,31.71,32.1,81.46
Uttar Pradesh,Amethi,Central UP,2017-18,Rabi,Wheat,88094.4,220957.82,2508.2,49.2,0,33.5,7,13700.46,6165.21,2055.07,88.3,76.9,248.83,2.22,-18.51,45.23,81.46
Uttar Pradesh,Amethi,Central UP,2018-19,Kharif,Rice,89741.7,241504.31,2691.1,847.2,4,33.2,0,10767.05,4522.16,1938.07,86.9,80.7,191.97,2.38,0.31,33.2,83.18
Uttar Pradesh,Amethi,Central UP,2018-19,Rabi,Wheat,79127.3,202760.52,2562.5,87.6,0,33.3,6,12748.76,5736.94,1912.31,86.9,80.7,257.79,2.22,45.1,43.29,83.18
Uttar Pradesh,Sultanpur,Central UP,1997-98,Kharif,Rice,86237.6,205369.66,2381.4,869.1,1,32.5,0,8018.76,3367.88,1443.38,74.5,73.2,148.78,2.38,1.92,32.5,73.72
Uttar Pradesh,Sultanpur,Central UP,1997-98,Rabi,Wheat,98454.3,211588.89,2149.1,58.4,0,29.7,0,12847.23,5781.25,1927.08,74.5,73.2,208.78,2.22,-9.15,29.7,73.72
Uttar Pradesh,Sultanpur,Central UP,1998-99,Kharif,Rice,86222.5,189082.42,2193.0,877.5,6,33.6,0,7342.82,3083.98,1321.71,82.9,73.1,136.26,2.38,2.91,33.6,77.02
Uttar Pradesh,Sultanpur,Central UP,1998-99,Rabi,Wheat,118505.1,242470.45,2046.1,80.5,0,34.9,5,16221.11,7299.5,2433.17,82.9,73.1,219.01,2.22,25.22,43.62,77.02
Uttar Pradesh,Sultanpur,Central UP,1999-00,Kharif,Rice,104590.4,238212.17,2277.6,878.4,5,32.2,0,11266.26,4731.83,2027.93,75.8,70.4,172.35,2.38,3.01,32.2,72.56
Uttar Pradesh,Sultanpur,Central UP,1999-00,Rabi,Wheat,111631.4,217082.13,1944.6,91.6,0,32.9,5,14879.77,6695.9,2231.97,75.8,70.4,213.27,2.22,42.49,41.12,72.56
Uttar Pradesh,Sultanpur,Central UP,2000-01,Kharif,Rice,58757.2,136894.08,2329.8,930.1,3,33.1,0,5378.59,2259.01,968.15,77.1,75.4,146.46,2.38,9.07,33.1,76.08
Uttar Pradesh,Sultanpur,Central UP,2000-01,Rabi,Wheat,91753.4,225058.48,2452.9,63.4,0,30.7,0,12506.82,5628.07,1876.02,77.1,75.4,218.09,2.22,-1.38,30.7,76.08
Uttar Pradesh,Sultanpur,Central UP,2001-02,Kharif,Rice,75876.9,154226.27,2032.6,752.4,6,33.8,0,8473.84,3559.01,1525.29,76.1,75.8,178.69,2.38,-11.76,33.8,75.92
Uttar Pradesh,Sultanpur,Central UP,2001-02,Rabi,Wheat,74668.2,187145.19,2506.4,45.9,0,30.8,0,10505.49,4727.47,1575.82,76.1,75.8,225.11,2.22,-28.6,30.8,75.92
Uttar Pradesh,Sultanpur,Central UP,2002-03,Kharif,Rice,80555.0,138314.38,1717.0,376.5,6,33.3,0,9084.08,3815.32,1635.14,79.9,79.3,180.43,2.38,-55.85,33.3,79.54
Uttar Pradesh,Sultanpur,Central UP,2002-03,Rabi,Wheat,72596.1,174853.89,2408.6,46.5,0,30.2,0,9397.82,4229.02,1409.67,79.9,79.3,207.13,2.22,-27.67,30.2,79.54
Uttar Pradesh,Sultanpur,Central UP,2003-04,Kharif,Rice,75058.1,172780.9,2302.0,800.8,5,33.1,0,8277.13,3476.39,1489.88,78.8,72.9,176.44,2.38,-6.09,33.1,75.26
Uttar Pradesh,Sultanpur,Central UP,2003-04,Rabi,Wheat,84254.3,222670.89,2642.8,75.1,0,31.1,0,12934.26,5820.42,1940.14,78.8,72.9,245.62,2.22,16.82,31.1,75.26
Uttar Pradesh,Sultanpur,Central UP,2004-05,Kharif,Rice,93448.5,194317.51,2079.4,481.7,2,33.6,0,10475.72,4399.8,1885.63,78.6,78.7,179.36,2.38,-43.51,33.6,78.66
Uttar Pradesh,Sultanpur,Central UP,2004-05,Rabi,Wheat,83118.4,204946.05,2465.7,28.2,0,31.6,0,10103.03,4546.36,1515.45,78.6,78.7,194.48,2.22,-56.13,31.6,78.66
Uttar Pradesh,Sultanpur,Central UP,2005-06,Kharif,Rice,64476.0,123465.4,1914.9,878.0,9,32.6,0,6954.85,2921.04,1251.87,78.2,75.9,172.59,2.38,2.96,32.6,76.82
Uttar Pradesh,Sultanpur,Central UP,2005-06,Rabi,Wheat,92179.3,233507.22,2533.2,71.2,0,30.5,0,14287.5,6429.38,2143.13,78.2,75.9,248.0,2.22,10.76,30.5,76.82
Uttar Pradesh,Sultanpur,Central UP,2006-07,Kharif,Rice,71144.2,158525.23,2228.2,850.5,10,32.8,0,8868.6,3724.81,1596.35,80.2,76.7,199.45,2.38,-0.26,32.8,78.1
Uttar Pradesh,Sultanpur,Central UP,2006-07,Rabi,Wheat,88661.5,228246.24,2574.4,25.0,0,31.8,1,12223.83,5500.72,1833.57,80.2,76.7,220.59,2.22,-61.11,33.39,78.1
Uttar Pradesh,Sultanpur,Central UP,2007-08,Kharif,Rice,81740.6,192425.56,2354.1,890.2,4,34.2,0,9942.25,4175.75,1789.61,82.7,74.8,194.61,2.38,4.4,34.2,77.96
Uttar Pradesh,Sultanpur,Central UP,2007-08,Rabi,Wheat,76359.8,208005.15,2724.0,82.7,0,30.0,0,11264.67,5069.1,1689.7,82.7,74.8,236.03,2.22,28.65,30.0,77.96
Uttar Pradesh,Sultanpur,Central UP,2008-09,Kharif,Rice,64869.5,140598.09,2167.4,1378.4,8,31.7,0,6669.41,2801.15,1200.49,81.0,75.1,164.5,2.38,61.65,31.7,77.46
Uttar Pradesh,Sultanpur,Central UP,2008-09,Rabi,Wheat,99408.2,254521.08,2560.4,90.5,0,32.2,2,14744.94,6635.22,2211.74,81.0,75.1,237.32,2.22,40.78,35.42,77.46
Uttar Pradesh,Sultanpur,Central UP,2009-10,Kharif,Rice,79515.5,147234.5,1851.6,293.1,2,33.3,0,8502.0,3570.84,1530.36,86.1,80.5,171.08,2.38,-65.63,33.3,82.74
Uttar Pradesh,Sultanpur,Central UP,2009-10,Rabi,Wheat,92191.1,257793.0,2796.3,33.0,0,31.7,1,13662.34,6148.06,2049.35,86.1,80.5,237.11,2.22,-48.67,33.29,82.74
Uttar Pradesh,Sultanpur,Central UP,2010-11,Kharif,Rice,102822.7,282024.16,2742.8,896.4,3,32.6,0,11620.83,4880.75,2091.75,79.2,78.6,180.83,2.38,5.12,32.6,78.84
Uttar Pradesh,Sultanpur,Central UP,2010-11,Rabi,Wheat,105892.8,261384.28,2468.4,77.9,0,31.7,3,16857.2,7585.74,2528.58,79.2,78.6,254.71,2.22,21.18,36.45,78.84
Uttar Pradesh,Sultanpur,Central UP,2011-12,Kharif,Rice,84446.3,211362.51,2502.9,961.6,6,31.5,0,10730.87,4506.96,1931.56,79.6,75.2,203.32,2.38,12.77,31.5,76.96
Uttar Pradesh,Sultanpur,Central UP,2011-12,Rabi,Wheat,87165.8,259853.62,2981.1,78.1,0,30.6,0,13430.86,6043.89,2014.63,79.6,75.2,246.53,2.22,21.49,30.6,76.96
Uttar Pradesh,Sultanpur,Central UP,2012-13,Kharif,Rice,99970.2,262475.15,2625.5,883.1,4,34.3,0,11550.93,4851.39,2079.17,76.4,78.5,184.87,2.38,3.56,34.3,77.66
Uttar Pradesh,Sultanpur,Central UP,2012-13,Rabi,Wheat,79457.3,210401.77,2648.0,46.7,0,32.5,3,12546.06,5645.73,1881.91,76.4,78.5,252.64,2.22,-27.35,37.38,77.66
Uttar Pradesh,Sultanpur,Central UP,2013-14,Kharif,Rice,82850.3,177298.56,2140.0,1164.9,9,32.7,0,9162.98,3848.45,1649.34,80.5,78.4,176.95,2.38,36.61,32.7,79.24
Uttar Pradesh,Sultanpur,Central UP,2013-14,Rabi,Wheat,92981.7,283195.72,3045.7,100.4,0,30.8,0,13018.38,5858.27,1952.76,80.5,78.4,224.02,2.22,56.18,30.8,79.24
Uttar Pradesh,Sultanpur,Central UP,2014-15,Kharif,Rice,92202.5,226777.99,2459.6,858.0,6,32.1,0,12014.16,5045.95,2162.55,86.2,79.2,208.48,2.38,0.62,32.1,82.0
Uttar Pradesh,Sultanpur,Central UP,2014-15,Rabi,Wheat,74480.0,224716.46,3017.1,44.1,0,30.8,0,13280.42,5976.19,1992.06,86.2,79.2,285.29,2.22,-31.4,30.8,82.0
Uttar Pradesh,Sultanpur,Central UP,2015-16,Kharif,Rice,80682.9,216472.67,2683.0,568.1,0,32.1,0,8551.27,3591.53,1539.23,83.7,82.9,169.58,2.38,-33.38,32.1,83.22
Uttar Pradesh,Sultanpur,Central UP,2015-16,Rabi,Wheat,80463.3,231531.48,2877.5,72.4,0,32.3,1,12331.71,5549.27,1849.76,83.7,82.9,245.21,2.22,12.62,33.91,83.22
Uttar Pradesh,Sultanpur,Central UP,2016-17,Kharif,Rice,95030.4,229589.79,2416.0,909.7,4,31.9,0,10517.28,4417.26,1893.11,85.8,80.0,177.08,2.38,6.68,31.9,82.32
Uttar Pradesh,Sultanpur,Central UP,2016-17,Rabi,Wheat,70577.3,188146.4,2665.8,44.5,0,31.7,2,11387.85,5124.53,1708.18,85.8,80.0,258.16,2.22,-30.78,34.87,82.32
Uttar Pradesh,Sultanpur,Central UP,2017-18,Kharif,Rice,63821.7,149854.68,2348.0,1160.4,10,34.0,0,7410.64,3112.47,1333.91,86.0,77.5,185.78,2.38,36.08,34.0,80.9
Uttar Pradesh,Sultanpur,Central UP,2017-18,Rabi,Wheat,95505.2,291554.26,3052.8,90.8,0,29.9,0,13942.27,6274.02,2091.34,86.0,77.5,233.58,2.22,41.25,29.9,80.9
Uttar Pradesh,Sultanpur,Central UP,2018-19,Kharif,Rice,98436.5,247611.33,2515.4,912.3,4,32.7,0,10972.85,4608.6,1975.11,84.2,79.9,178.35,2.38,6.99,32.7,81.62
Uttar Pradesh,Sultanpur,Central UP,2018-19,Rabi,Wheat,92854.0,277401.76,2987.5,38.6,0,30.2,0,14728.47,6627.81,2209.27,84.2,79.9,253.79,2.22,-39.96,30.2,81.62
Uttar Pradesh,Ayodhya,Central UP,1997-98,Kharif,Rice,91513.3,161956.5,1769.8,877.7,8,33.5,0,7725.38,3244.66,1390.57,80.7,71.7,135.07,2.38,0.42,33.5,75.3
Uttar Pradesh,Ayodhya,Central UP,1997-98,Rabi,Wheat,84492.2,186976.39,2212.9,69.7,0,31.9,1,9663.39,4348.53,1449.51,80.7,71.7,182.99,2.22,24.67,33.49,75.3
Uttar Pradesh,Ayodhya,Central UP,1998-99,Kharif,Rice,64244.6,137988.14,2147.9,752.0,4,34.0,0,6030.25,2532.7,1085.44,73.2,72.7,150.18,2.38,-13.96,34.0,72.9
Uttar Pradesh,Ayodhya,Central UP,1998-99,Rabi,Wheat,77359.9,166641.97,2154.1,77.6,0,30.8,0,10983.44,4942.55,1647.52,73.2,72.7,227.17,2.22,38.8,30.8,72.9
Uttar Pradesh,Ayodhya,Central UP,1999-00,Kharif,Rice,60583.3,140905.76,2325.8,821.7,3,32.3,0,6150.08,2583.04,1107.02,73.7,73.9,162.42,2.38,-5.98,32.3,73.82
Uttar Pradesh,Ayodhya,Central UP,1999-00,Rabi,Wheat,84490.1,189384.4,2241.5,47.5,0,30.7,0,11224.0,5050.8,1683.6,73.7,73.9,212.55,2.22,-15.04,30.7,73.82
Uttar Pradesh,Ayodhya,Central UP,2000-01,Kharif,Rice,119871.8,210487.63,1755.9,926.0,7,34.4,0,13776.61,5786.18,2479.79,76.7,76.7,183.88,2.38,5.95,34.4,76.7
Uttar Pradesh,Ayodhya,Central UP,2000-01,Rabi,Wheat,79622.1,136666.25,1716.4,52.0,0,32.5,6,11029.79,4963.41,1654.47,76.7,76.7,221.64,2.22,-6.99,42.25,76.7
Uttar Pradesh,Ayodhya,Central UP,2001-02,Kharif,Rice,74938.4,159637.54,2130.2,835.1,7,33.3,0,7713.2,3239.55,1388.38,78.0,77.9,164.68,2.38,-4.45,33.3,77.94
Uttar Pradesh,Ayodhya,Central UP,2001-02,Rabi,Wheat,81319.1,197521.89,2429.0,101.1,0,31.4,0,10437.29,4696.78,1565.59,78.0,77.9,205.36,2.22,80.83,31.4,77.94
Uttar Pradesh,Ayodhya,Central UP,2002-03,Kharif,Rice,80485.5,162493.12,2018.9,593.7,2,33.1,0,7889.32,3313.52,1420.08,77.1,74.0,156.83,2.38,-32.07,33.1,75.24
Uttar Pradesh,Ayodhya,Central UP,2002-03,Rabi,Wheat,80499.8,187944.84,2334.7,34.1,0,30.6,0,11016.84,4957.58,1652.53,77.1,74.0,218.97,2.22,-39.01,30.6,75.24
Uttar Pradesh,Ayodhya,Central UP,2003-04,Kharif,Rice,57380.8,122168.43,2129.1,872.7,3,33.2,0,6287.5,2640.75,1131.75,82.0,79.3,175.32,2.38,-0.15,33.2,80.38
Uttar Pradesh,Ayodhya,Central UP,2003-04,Rabi,Wheat,82733.8,197411.78,2386.1,87.9,0,32.3,1,11112.38,5000.57,1666.86,82.0,79.3,214.9,2.22,57.22,33.91,80.38
Uttar Pradesh,Ayodhya,Central UP,2004-05,Kharif,Rice,99101.6,209332.72,2112.3,502.5,4,34.4,0,9374.65,3937.35,1687.44,84.1,73.8,151.35,2.38,-42.51,34.4,77.92
Uttar Pradesh,Ayodhya,Central UP,2004-05,Rabi,Wheat,82474.5,210180.77,2548.4,14.7,0,31.4,1,11918.61,5363.38,1787.79,84.1,73.8,231.22,2.22,-73.71,32.97,77.92
Uttar Pradesh,Ayodhya,Central UP,2005-06,Kharif,Rice,73339.9,136527.46,1861.6,835.4,9,34.4,0,7806.27,3278.63,1405.13,79.9,79.2,170.3,2.38,-4.42,34.4,79.48
Uttar Pradesh,Ayodhya,Central UP,2005-06,Rabi,Wheat,96826.5,176372.68,1821.5,72.1,0,35.3,9,12861.16,5787.52,1929.17,79.9,79.2,212.52,2.22,28.96,51.18,79.48
Uttar Pradesh,Ayodhya,Central UP,2006-07,Kharif,Rice,79201.2,159648.92,2015.7,908.9,6,33.9,0,8178.66,3435.04,1472.16,81.8,76.0,165.22,2.38,3.99,33.9,78.32
Uttar Pradesh,Ayodhya,Central UP,2006-07,Rabi,Wheat,80606.0,208693.54,2589.1,27.9,0,30.9,0,10702.5,4816.12,1605.37,81.8,76.0,212.44,2.22,-50.1,30.9,78.32
Uttar Pradesh,Ayodhya,Central UP,2007-08,Kharif,Rice,89339.3,190607.7,2133.5,766.0,3,32.4,0,9358.6,3930.61,1684.55,82.4,79.4,167.61,2.38,-12.36,32.4,80.6
Uttar Pradesh,Ayodhya,Central UP,2007-08,Rabi,Wheat,84297.1,213451.51,2532.1,43.4,0,31.4,1,11448.68,5151.91,1717.3,82.4,79.4,217.3,2.22,-22.37,32.97,80.6
Uttar Pradesh,Ayodhya,Central UP,2008-09,Kharif,Rice,76066.4,173614.0,2282.4,1448.5,8,32.7,0,7648.06,3212.19,1376.65,83.1,76.5,160.87,2.38,65.73,32.7,79.14
Uttar Pradesh,Ayodhya,Central UP,2008-09,Rabi,Wheat,91793.3,216875.71,2362.7,72.1,0,32.8,3,13863.45,6238.55,2079.52,83.1,76.5,241.65,2.22,28.96,37.72,79.14
Uttar Pradesh,Ayodhya,Central UP,2009-10,Kharif,Rice,78004.5,171339.05,2196.5,543.3,2,34.9,0,7928.53,3329.98,1427.14,86.7,74.6,162.63,2.38,-37.84,34.9,79.44
Uttar Pradesh,Ayodhya,Central UP,2009-10,Rabi,Wheat,88490.5,244151.44,2759.1,28.7,0,31.5,1,12197.82,5489.02,1829.67,86.7,74.6,220.55,2.22,-48.67,33.08,79.44
Uttar Pradesh,Ayodhya,Central UP,2010-11,Kharif,Rice,76669.1,162712.32,2122.3,781.1,6,34.4,0,9527.78,4001.67,1715.0,80.5,80.3,198.83,2.38,-10.63,34.4,80.38
Uttar Pradesh,Ayodhya,Central UP,2010-11,Rabi,Wheat,89593.4,239503.99,2673.2,40.1,0,30.5,0,13521.52,6084.68,2028.23,80.5,80.3,241.47,2.22,-28.27,30.5,80.38
Uttar Pradesh,Ayodhya,Central UP,2011-12,Kharif,Rice,91682.9,204081.61,2226.0,826.4,7,32.8,0,10783.88,4529.23,1941.1,83.4,79.0,188.19,2.38,-5.45,32.8,80.76
Uttar Pradesh,Ayodhya,Central UP,2011-12,Rabi,Wheat,80558.2,223355.0,2772.6,52.6,0,30.3,0,11925.19,5366.34,1788.78,83.4,79.0,236.85,2.22,-5.92,30.3,80.76
Uttar Pradesh,Ayodhya,Central UP,2012-13,Kharif,Rice,88457.3,213802.94,2417.0,810.3,4,32.6,0,9816.69,4123.01,1767.0,80.4,78.1,177.56,2.38,-7.29,32.6,79.02
Uttar Pradesh,Ayodhya,Central UP,2012-13,Rabi,Wheat,70161.8,191388.64,2727.8,59.8,0,30.2,0,9982.7,4492.21,1497.4,80.4,78.1,227.65,2.22,6.96,30.2,79.02
Uttar Pradesh,Ayodhya,Central UP,2013-14,Kharif,Rice,66430.1,133233.84,2005.6,1395.0,11,35.4,0,7323.04,3075.68,1318.15,85.0,78.2,176.38,2.38,59.61,35.4,80.92
Uttar Pradesh,Ayodhya,Central UP,2013-14,Rabi,Wheat,72954.0,0.0,2721.5,78.7,0,30.4,0,11544.25,5194.91,1731.64,85.0,78.2,253.18,2.22,40.77,30.4,80.92
Uttar Pradesh,Ayodhya,Central UP,2014-15,Kharif,Rice,72431.9,182844.72,2524.4,1023.9,4,33.6,0,8105.93,3404.49,1459.07,89.1,80.8,179.06,2.38,17.15,33.6,84.12
Uttar Pradesh,Ayodhya,Central UP,2014-15,Rabi,Wheat,103275.1,309280.92,2994.7,29.7,0,32.3,1,17401.95,7830.88,2610.29,89.1,80.8,269.6,2.22,-46.88,33.91,84.12
Uttar Pradesh,Ayodhya,Central UP,2015-16,Kharif,Rice,66712.9,134162.63,2011.0,501.6,3,33.3,0,7415.99,3114.71,1334.88,81.7,76.9,177.86,2.38,-42.61,33.3,78.82
Uttar Pradesh,Ayodhya,Central UP,2015-16,Rabi,Wheat,80738.2,219600.05,2719.9,29.8,0,28.9,0,12772.08,5747.43,1915.81,81.7,76.9,253.11,2.22,-46.7,28.9,78.82
Uttar Pradesh,Ayodhya,Central UP,2016-17,Kharif,Rice,97163.9,215731.76,2220.3,978.5,10,32.8,0,11122.5,4671.45,2002.05,83.3,83.0,183.15,2.38,11.96,32.8,83.12
Uttar Pradesh,Ayodhya,Central UP,2016-17,Rabi,Wheat,103662.7,285174.51,2751.0,32.0,0,31.3,1,16243.96,7309.78,2436.59,83.3,83.0,250.72,2.22,-42.76,32.87,83.12
Uttar Pradesh,Ayodhya,Central UP,2017-18,Kharif,Rice,84306.8,192280.75,2280.7,1203.6,8,33.4,0,9954.98,4181.09,1791.9,81.6,80.6,188.93,2.38,37.71,33.4,81.0
Uttar Pradesh,Ayodhya,Central UP,2017-18,Rabi,Wheat,78007.3,211599.14,2712.6,86.2,0,30.0,0,12350.73,5557.83,1852.61,81.6,80.6,253.32,2.22,54.18,30.0,81.0
Uttar Pradesh,Ayodhya,Central UP,2018-19,Kharif,Rice,95981.9,245235.82,2555.0,1046.6,4,33.8,0,12101.36,5082.57,2178.24,86.8,81.4,201.73,2.38,19.75,33.8,83.56
Uttar Pradesh,Ayodhya,Central UP,2018-19,Rabi,Wheat,93967.7,260145.75,2768.5,84.6,0,31.5,2,15258.47,6866.31,2288.77,86.8,81.4,259.81,2.22,51.32,34.65,83.56
Uttar Pradesh,Ambedkarnagar,Central UP,1997-98,Kharif,Rice,66950.2,127105.2,1898.5,841.8,2,32.4,0,5443.03,2286.07,979.75,75.4,68.4,130.08,2.38,-1.73,32.4,71.2
Uttar Pradesh,Ambedkarnagar,Central UP,1997-98,Rabi,Wheat,68626.3,136706.93,1992.0,26.7,0,29.2,0,8511.41,3830.14,1276.71,75.4,68.4,198.44,2.22,-48.73,29.2,71.2
Uttar Pradesh,Ambedkarnagar,Central UP,1998-99,Kharif,Rice,71627.9,131193.27,1831.6,823.3,2,34.1,0,7281.14,3058.08,1310.61,77.8,72.7,162.64,2.38,-3.89,34.1,74.74
Uttar Pradesh,Ambedkarnagar,Central UP,1998-99,Rabi,Wheat,92271.0,194057.32,2103.1,35.6,0,32.0,1,13091.79,5891.3,1963.77,77.8,72.7,227.01,2.22,-31.65,33.6,74.74
Uttar Pradesh,Ambedkarnagar,Central UP,1999-00,Kharif,Rice,58286.2,96207.26,1650.6,823.6,7,33.7,0,5674.28,2383.2,1021.37,81.5,74.4,155.76,2.38,-3.86,33.7,77.24
Uttar Pradesh,Ambedkarnagar,Central UP,1999-00,Rabi,Wheat,77505.3,151194.72,1950.8,80.7,0,33.0,3,10445.74,4700.58,1566.86,81.5,74.4,215.64,2.22,54.95,37.95,77.24
Uttar Pradesh,Ambedkarnagar,Central UP,2000-01,Kharif,Rice,66703.2,117980.8,1768.7,914.4,9,32.8,0,6316.65,2652.99,1137.0,80.1,72.8,151.52,2.38,6.74,32.8,75.72
Uttar Pradesh,Ambedkarnagar,Central UP,2000-01,Rabi,Wheat,62962.4,126954.67,2016.4,51.9,0,31.5,1,8327.94,3747.57,1249.19,80.1,72.8,211.63,2.22,-0.35,33.08,75.72
Uttar Pradesh,Ambedkarnagar,Central UP,2001-02,Kharif,Rice,67149.1,121396.04,1807.9,778.5,10,31.9,0,5390.44,2263.98,970.28,78.8,76.8,128.44,2.38,-9.12,31.9,77.6
Uttar Pradesh,Ambedkarnagar,Central UP,2001-02,Rabi,Wheat,95113.4,200931.93,2112.6,69.5,0,30.6,0,12309.88,5539.45,1846.48,78.8,76.8,207.08,2.22,33.44,30.6,77.6
Uttar Pradesh,Ambedkarnagar,Central UP,2002-03,Kharif,Rice,70121.1,112705.32,1607.3,428.7,5,33.0,0,6337.38,2661.7,1140.73,80.3,74.5,144.6,2.38,-49.96,33.0,76.82
Uttar Pradesh,Ambedkarnagar,Central UP,2002-03,Rabi,Wheat,85151.8,192534.58,2261.1,26.8,0,30.9,0,12108.54,5448.84,1816.28,80.3,74.5,227.52,2.22,-48.54,30.9,76.82
Uttar Pradesh,Ambedkarnagar,Central UP,2003-04,Kharif,Rice,48966.5,107959.15,2204.8,959.6,2,32.4,0,6037.32,2535.67,1086.72,83.9,72.6,197.27,2.38,12.02,32.4,77.12
Uttar Pradesh,Ambedkarnagar,Central UP,2003-04,Rabi,Wheat,76835.7,0.0,2721.5,26.8,0,31.6,0,11623.41,5230.53,1743.51,83.9,72.6,242.04,2.22,-48.54,31.6,77.12
Uttar Pradesh,Ambedkarnagar,Central UP,2004-05,Kharif,Rice,82868.1,145816.47,1759.6,541.6,3,32.8,0,8971.13,3767.88,1614.8,83.0,78.5,173.21,2.38,-36.78,32.8,80.3
Uttar Pradesh,Ambedkarnagar,Central UP,2004-05,Rabi,Wheat,73748.9,141026.39,1912.3,32.0,0,33.3,5,9865.31,4439.39,1479.8,83.0,78.5,214.03,2.22,-38.56,41.62,80.3
Uttar Pradesh,Ambedkarnagar,Central UP,2005-06,Kharif,Rice,66987.6,117643.1,1756.2,1016.6,6,31.1,0,6359.29,2670.9,1144.67,77.9,77.0,151.89,2.38,18.67,31.1,77.36
Uttar Pradesh,Ambedkarnagar,Central UP,2005-06,Rabi,Wheat,76424.8,162776.34,2129.9,61.2,0,30.0,0,10598.08,4769.14,1589.71,77.9,77.0,221.88,2.22,17.51,30.0,77.36
Uttar Pradesh,Ambedkarnagar,Central UP,2006-07,Kharif,Rice,83760.1,172446.71,2058.8,803.7,3,32.2,0,9800.6,4116.25,1764.11,79.4,75.1,187.21,2.38,-6.18,32.2,76.82
Uttar Pradesh,Ambedkarnagar,Central UP,2006-07,Rabi,Wheat,57048.0,107842.62,1890.4,67.7,0,32.8,6,7811.04,3514.97,1171.66,79.4,75.1,219.07,2.22,29.99,42.64,76.82
Uttar Pradesh,Ambedkarnagar,Central UP,2007-08,Kharif,Rice,72377.0,143684.55,1985.2,886.0,4,32.2,0,7967.01,3346.15,1434.06,82.9,81.2,176.12,2.38,3.43,32.2,81.88
Uttar Pradesh,Ambedkarnagar,Central UP,2007-08,Rabi,Wheat,68503.3,164239.88,2397.5,35.9,0,30.8,0,8978.4,4040.28,1346.76,82.9,81.2,209.7,2.22,-31.07,30.8,81.88
Uttar Pradesh,Ambedkarnagar,Central UP,2008-09,Kharif,Rice,41396.6,87800.2,2121.0,1147.7,7,32.6,0,4567.96,1918.54,822.23,79.7,77.1,176.55,2.38,33.98,32.6,78.14
Uttar Pradesh,Ambedkarnagar,Central UP,2008-09,Rabi,Wheat,78039.4,175918.79,2254.2,75.8,0,31.8,1,11077.86,4985.04,1661.68,79.7,77.1,227.12,2.22,45.54,33.39,78.14
Uttar Pradesh,Ambedkarnagar,Central UP,2009-10,Kharif,Rice,58387.9,116407.87,1993.7,535.5,3,34.0,0,6650.11,2793.05,1197.02,78.2,74.3,182.23,2.38,-37.49,34.0,75.86
Uttar Pradesh,Ambedkarnagar,Central UP,2009-10,Rabi,Wheat,97436.9,232791.08,2389.1,33.1,0,31.0,0,12297.85,5534.03,1844.68,78.2,74.3,201.94,2.22,-36.45,31.0,75.86
Uttar Pradesh,Ambedkarnagar,Central UP,2010-11,Kharif,Rice,85515.1,196830.52,2301.7,855.3,4,32.3,0,10165.94,4269.69,1829.87,83.4,78.1,190.21,2.38,-0.16,32.3,80.22
Uttar Pradesh,Ambedkarnagar,Central UP,2010-11,Rabi,Wheat,67179.9,177598.86,2643.6,83.9,0,30.3,0,9871.91,4442.36,1480.79,83.4,78.1,235.12,2.22,61.09,30.3,80.22
Uttar Pradesh,Ambedkarnagar,Central UP,2011-12,Kharif,Rice,71934.4,166001.87,2307.7,926.1,5,32.4,0,7782.85,3268.8,1400.91,86.9,74.7,173.11,2.38,8.11,32.4,79.58
Uttar Pradesh,Ambedkarnagar,Central UP,2011-12,Rabi,Wheat,78982.5,204851.24,2593.6,71.1,0,31.3,1,12095.05,5442.77,1814.26,86.9,74.7,245.02,2.22,36.52,32.87,79.58
Uttar Pradesh,Ambedkarnagar,Central UP,2012-13,Kharif,Rice,66534.5,151391.37,2275.4,811.0,2,32.7,0,8825.53,3706.72,1588.6,88.4,80.6,212.23,2.38,-5.33,32.7,83.72
Uttar Pradesh,Ambedkarnagar,Central UP,2012-13,Rabi,Wheat,43649.7,114850.77,2631.2,52.0,0,28.7,0,6286.69,2829.01,943.0,88.4,80.6,230.44,2.22,-0.16,28.7,83.72
Uttar Pradesh,Ambedkarnagar,Central UP,2013-14,Kharif,Rice,71809.5,165427.71,2303.7,1189.7,5,32.4,0,7359.32,3090.91,1324.68,83.9,76.0,163.97,2.38,38.88,32.4,79.16
Uttar Pradesh,Ambedkarnagar,Central UP,2013-14,Rabi,Wheat,88038.6,238635.67,2710.6,99.9,0,29.4,0,13178.88,5930.49,1976.83,83.9,76.0,239.51,2.22,91.81,29.4,79.16
Uttar Pradesh,Ambedkarnagar,Central UP,2014-15,Kharif,Rice,65549.8,146519.7,2235.2,847.4,5,32.6,0,7988.99,3355.38,1438.02,85.3,79.0,195.0,2.38,-1.08,32.6,81.52
Uttar Pradesh,Ambedkarnagar,Central UP,2014-15,Rabi,Wheat,85832.3,228174.25,2658.4,36.7,0,31.1,0,14033.26,6314.97,2104.99,85.3,79.0,261.59,2.22,-29.53,31.1,81.52
Uttar Pradesh,Ambedkarnagar,Central UP,2015-16,Kharif,Rice,80977.0,177435.13,2191.2,562.9,0,32.6,0,10937.68,4593.83,1968.78,86.6,79.9,216.11,2.38,-34.29,32.6,82.58
Uttar Pradesh,Ambedkarnagar,Central UP,2015-16,Rabi,Wheat,83622.3,192068.96,2296.9,5.0,0,32.6,5,12707.5,5718.37,1906.12,86.6,79.9,243.14,2.22,-90.4,40.75,82.58
Uttar Pradesh,Ambedkarnagar,Central UP,2016-17,Kharif,Rice,54023.4,124727.78,2308.8,967.0,3,33.7,0,5608.88,2355.73,1009.6,81.8,81.0,166.12,2.38,12.88,33.7,81.32
Uttar Pradesh,Ambedkarnagar,Central UP,2016-17,Rabi,Wheat,85576.0,227203.28,2655.0,75.9,0,30.7,0,13675.88,6154.14,2051.38,81.8,81.0,255.7,2.22,45.73,30.7,81.32
Uttar Pradesh,Ambedkarnagar,Central UP,2017-18,Kharif,Rice,61157.7,121674.28,1989.5,1123.5,6,34.3,0,7651.54,3213.65,1377.28,86.9,79.0,200.18,2.38,31.15,34.3,82.16
Uttar Pradesh,Ambedkarnagar,Central UP,2017-18,Rabi,Wheat,95352.0,255925.46,2684.0,78.6,0,31.1,0,13649.88,6142.45,2047.48,86.9,79.0,229.04,2.22,50.92,31.1,82.16
Uttar Pradesh,Ambedkarnagar,Central UP,2018-19,Kharif,Rice,60431.2,153201.35,2535.1,906.8,3,34.1,0,7477.73,3140.65,1345.99,85.2,83.9,197.98,2.38,5.86,34.1,84.42
Uttar Pradesh,Ambedkarnagar,Central UP,2018-19,Rabi,Wheat,80159.2,159808.66,1993.6,35.2,0,35.1,9,11918.22,5363.2,1787.73,85.2,83.9,237.89,2.22,-32.41,50.9,84.42
Uttar Pradesh,Prayagraj,Eastern UP,1997-98,Kharif,Rice,77059.2,156065.4,2025.3,1032.9,5,33.0,0,7050.2,2961.08,1269.04,66.3,68.5,146.39,2.38,-1.17,33.0,67.62
Uttar Pradesh,Prayagraj,Eastern UP,1997-98,Rabi,Wheat,96979.9,209126.0,2156.4,42.9,0,31.3,0,10439.75,4697.89,1565.96,66.3,68.5,172.24,2.22,-14.78,31.3,67.62
Uttar Pradesh,Prayagraj,Eastern UP,1998-99,Kharif,Rice,113392.4,259729.2,2290.5,946.2,2,34.8,0,11066.73,4648.02,1992.01,61.9,70.1,156.15,2.38,-9.47,34.8,66.82
Uttar Pradesh,Prayagraj,Eastern UP,1998-99,Rabi,Wheat,106776.1,202899.93,1900.2,76.3,0,31.2,0,12029.2,5413.14,1804.38,61.9,70.1,180.25,2.22,51.57,31.2,66.82
Uttar Pradesh,Prayagraj,Eastern UP,1999-00,Kharif,Rice,85866.7,163283.59,1901.6,1203.2,8,32.9,0,8088.67,3397.24,1455.96,70.1,71.9,150.72,2.38,15.12,32.9,71.18
Uttar Pradesh,Prayagraj,Eastern UP,1999-00,Rabi,Wheat,74434.7,161131.75,2164.7,49.8,0,31.5,0,8975.57,4039.01,1346.34,70.1,71.9,192.93,2.22,-1.07,31.5,71.18
Uttar Pradesh,Prayagraj,Eastern UP,2000-01,Kharif,Rice,69716.9,144324.26,2070.1,1120.2,3,33.2,0,6937.71,2913.84,1248.79,62.3,69.4,159.22,2.38,7.18,33.2,66.56
Uttar Pradesh,Prayagraj,Eastern UP,2000-01,Rabi,Wheat,92122.0,184830.34,2006.4,69.9,0,30.0,0,12548.94,5647.02,1882.34,62.3,69.4,217.95,2.22,38.85,30.0,66.56
Uttar Pradesh,Prayagraj,Eastern UP,2001-02,Kharif,Rice,94260.0,182312.61,1934.1,1333.3,7,32.6,0,8094.88,3399.85,1457.08,69.9,69.3,137.41,2.38,27.57,32.6,69.54
Uttar Pradesh,Prayagraj,Eastern UP,2001-02,Rabi,Wheat,92152.2,192828.87,2092.5,42.4,0,31.5,0,12769.7,5746.37,1915.46,69.9,69.3,221.72,2.22,-15.77,31.5,69.54
Uttar Pradesh,Prayagraj,Eastern UP,2002-03,Kharif,Rice,65313.1,133143.53,2038.5,660.4,3,33.3,0,5790.63,2432.07,1042.31,68.9,68.4,141.86,2.38,-36.81,33.3,68.6
Uttar Pradesh,Prayagraj,Eastern UP,2002-03,Rabi,Wheat,91409.2,203018.77,2221.0,44.6,0,32.6,0,12819.27,5768.67,1922.89,68.9,68.4,224.38,2.22,-11.4,32.6,68.6
Uttar Pradesh,Prayagraj,Eastern UP,2003-04,Kharif,Rice,64653.9,126420.33,1955.3,934.1,8,34.2,0,6383.44,2681.04,1149.02,76.3,70.4,157.97,2.38,-10.62,34.2,72.76
Uttar Pradesh,Prayagraj,Eastern UP,2003-04,Rabi,Wheat,101940.5,218737.57,2145.7,24.6,0,32.6,4,12757.81,5741.02,1913.67,76.3,70.4,200.24,2.22,-51.13,39.12,72.76
Uttar Pradesh,Prayagraj,Eastern UP,2004-05,Kharif,Rice,88088.1,201610.47,2288.7,659.1,3,34.8,0,8760.07,3679.23,1576.81,69.7,69.4,159.11,2.38,-36.94,34.8,69.52
Uttar Pradesh,Prayagraj,Eastern UP,2004-05,Rabi,Wheat,82948.7,178043.71,2146.4,45.9,0,29.7,0,10610.86,4774.89,1591.63,69.7,69.4,204.67,2.22,-8.82,29.7,69.52
Uttar Pradesh,Prayagraj,Eastern UP,2005-06,Kharif,Rice,82709.0,156580.63,1893.2,1127.6,6,33.3,0,8062.39,3386.2,1451.23,71.9,72.1,155.97,2.38,7.89,33.3,72.02
Uttar Pradesh,Prayagraj,Eastern UP,2005-06,Rabi,Wheat,91759.2,179345.82,1954.5,29.9,0,33.0,6,12790.77,5755.85,1918.62,71.9,72.1,223.03,2.22,-40.6,42.9,72.02
Uttar Pradesh,Prayagraj,Eastern UP,2006-07,Kharif,Rice,92619.6,199696.27,2156.1,986.8,9,32.4,0,9826.55,4127.15,1768.78,71.6,75.9,169.75,2.38,-5.58,32.4,74.18
Uttar Pradesh,Prayagraj,Eastern UP,2006-07,Rabi,Wheat,92702.1,177836.33,1918.4,27.0,0,34.9,6,11939.98,5372.99,1791.0,71.6,75.9,206.08,2.22,-46.37,45.37,74.18
Uttar Pradesh,Prayagraj,Eastern UP,2007-08,Kharif,Rice,100715.9,196286.87,1948.9,1081.6,8,33.3,0,9905.23,4160.2,1782.94,73.8,73.0,157.36,2.38,3.49,33.3,73.32
Uttar Pradesh,Prayagraj,Eastern UP,2007-08,Rabi,Wheat,75542.9,177968.8,2355.9,55.3,0,31.3,1,9362.1,4212.95,1404.32,73.8,73.0,198.29,2.22,9.85,32.87,73.32
Uttar Pradesh,Prayagraj,Eastern UP,2008-09,Kharif,Rice,80670.5,156832.21,1944.1,1508.0,13,33.6,0,9207.65,3867.22,1657.38,73.5,73.9,182.62,2.38,44.29,33.6,73.74
Uttar Pradesh,Prayagraj,Eastern UP,2008-09,Rabi,Wheat,98153.8,240644.24,2451.7,45.9,0,30.2,0,12816.81,5767.57,1922.52,73.5,73.9,208.93,2.22,-8.82,30.2,73.74
Uttar Pradesh,Prayagraj,Eastern UP,2009-10,Kharif,Rice,69537.4,161368.82,2320.6,574.8,2,33.2,0,6697.45,2812.93,1205.54,70.6,70.7,154.1,2.38,-45.0,33.2,70.66
Uttar Pradesh,Prayagraj,Eastern UP,2009-10,Rabi,Wheat,83871.1,209539.6,2498.4,20.1,0,32.3,1,12050.93,5422.92,1807.64,70.6,70.7,229.89,2.22,-60.07,33.91,70.66
Uttar Pradesh,Prayagraj,Eastern UP,2010-11,Kharif,Rice,71811.4,149001.32,2074.9,1188.4,9,32.4,0,7548.56,3170.39,1358.74,75.8,76.0,168.19,2.38,13.71,32.4,75.92
Uttar Pradesh,Prayagraj,Eastern UP,2010-11,Rabi,Wheat,95988.4,253591.68,2641.9,22.8,0,30.7,0,14232.71,6404.72,2134.91,75.8,76.0,237.24,2.22,-54.71,30.7,75.92
Uttar Pradesh,Prayagraj,Eastern UP,2011-12,Kharif,Rice,76684.7,167255.16,2181.1,1134.5,7,33.0,0,7777.93,3266.73,1400.03,77.1,72.1,162.28,2.38,8.55,33.0,74.1
Uttar Pradesh,Prayagraj,Eastern UP,2011-12,Rabi,Wheat,72675.7,180697.89,2486.4,64.3,0,31.7,1,9504.88,4277.2,1425.73,77.1,72.1,209.26,2.22,27.73,33.29,74.1
Uttar Pradesh,Prayagraj,Eastern UP,2012-13,Kharif,Rice,92478.5,188077.99,2033.7,1175.7,11,33.2,0,9732.97,4087.85,1751.93,76.0,72.3,168.39,2.38,12.49,33.2,73.78
Uttar Pradesh,Prayagraj,Eastern UP,2012-13,Rabi,Wheat,89073.8,217237.59,2438.8,53.7,0,31.2,0,12743.01,5734.36,1911.45,76.0,72.3,228.9,2.22,6.67,31.2,73.78
Uttar Pradesh,Prayagraj,Eastern UP,2013-14,Kharif,Rice,82863.8,0.0,2271.2,1368.6,5,33.0,0,9261.91,3890.0,1667.14,78.7,75.7,178.84,2.38,30.95,33.0,76.9
Uttar Pradesh,Prayagraj,Eastern UP,2013-14,Rabi,Wheat,91964.7,223802.05,2433.6,109.5,0,33.7,6,12109.74,5449.38,1816.46,78.7,75.7,210.68,2.22,117.52,43.81,76.9
Uttar Pradesh,Prayagraj,Eastern UP,2014-15,Kharif,Rice,91642.5,233612.67,2549.2,1110.6,3,33.0,0,9945.69,4177.19,1790.22,74.5,75.4,173.64,2.38,6.26,33.0,75.04
Uttar Pradesh,Prayagraj,Eastern UP,2014-15,Rabi,Wheat,92934.3,247057.3,2658.4,30.6,0,30.5,0,14367.76,6465.49,2155.16,74.5,75.4,247.36,2.22,-39.21,30.5,75.04
Uttar Pradesh,Prayagraj,Eastern UP,2015-16,Kharif,Rice,84962.2,169134.32,1990.7,467.0,4,33.6,0,9246.47,3883.52,1664.37,77.9,73.7,174.13,2.38,-55.32,33.6,75.38
Uttar Pradesh,Prayagraj,Eastern UP,2015-16,Rabi,Wheat,89817.6,239963.17,2671.7,56.7,0,28.5,0,12663.94,5698.77,1899.59,77.9,73.7,225.59,2.22,12.63,28.5,75.38
Uttar Pradesh,Prayagraj,Eastern UP,2016-17,Kharif,Rice,81621.1,201879.62,2473.4,1049.4,5,33.7,0,8768.78,3682.89,1578.38,72.8,78.5,171.89,2.38,0.41,33.7,76.22
Uttar Pradesh,Prayagraj,Eastern UP,2016-17,Rabi,Wheat,98441.1,269558.37,2738.3,43.8,0,31.2,0,13860.48,6237.22,2079.07,72.8,78.5,225.28,2.22,-12.99,31.2,76.22
Uttar Pradesh,Prayagraj,Eastern UP,2017-18,Kharif,Rice,89467.6,193396.82,2161.6,1408.7,10,33.2,0,10148.17,4262.23,1826.67,76.2,73.2,181.49,2.38,34.79,33.2,74.4
Uttar Pradesh,Prayagraj,Eastern UP,2017-18,Rabi,Wheat,109364.0,303199.19,2772.4,93.5,0,28.6,0,14900.38,6705.17,2235.06,76.2,73.2,217.99,2.22,85.73,28.6,74.4
Uttar Pradesh,Prayagraj,Eastern UP,2018-19,Kharif,Rice,76292.9,184382.19,2416.8,984.3,5,33.5,0,8764.05,3680.9,1577.53,76.6,72.0,183.8,2.38,-5.82,33.5,73.84
Uttar Pradesh,Prayagraj,Eastern UP,2018-19,Rabi,Wheat,80212.5,181077.77,2257.5,70.2,0,32.3,6,10711.6,4820.22,1606.74,76.6,72.0,213.66,2.22,39.45,41.99,73.84
Uttar Pradesh,Kaushambi,Eastern UP,1997-98,Kharif,Rice,79313.5,165856.22,2091.1,934.9,4,33.1,0,6751.85,2835.78,1215.33,66.5,70.1,136.21,2.38,-8.29,33.1,68.66
Uttar Pradesh,Kaushambi,Eastern UP,1997-98,Rabi,Wheat,94063.0,152696.92,1623.3,21.2,0,32.3,4,11001.73,4950.78,1650.26,66.5,70.1,187.14,2.22,-55.24,38.76,68.66
Uttar Pradesh,Kaushambi,Eastern UP,1998-99,Kharif,Rice,114328.6,208726.73,1825.7,1104.4,6,31.7,0,11215.26,4710.41,2018.75,69.7,67.2,156.95,2.38,8.34,31.7,68.2
Uttar Pradesh,Kaushambi,Eastern UP,1998-99,Rabi,Wheat,90778.6,207835.93,2289.5,46.1,0,31.5,0,11495.14,5172.82,1724.27,69.7,67.2,202.61,2.22,-2.67,31.5,68.2
Uttar Pradesh,Kaushambi,Eastern UP,1999-00,Kharif,Rice,93301.7,203551.03,2181.6,1006.8,3,32.7,0,8659.39,3636.95,1558.69,72.7,67.2,148.5,2.38,-1.24,32.7,69.4
Uttar Pradesh,Kaushambi,Eastern UP,1999-00,Rabi,Wheat,71189.7,147760.57,2075.6,70.8,0,32.7,1,8924.3,4015.94,1338.65,72.7,67.2,200.58,2.22,49.47,34.34,69.4
Uttar Pradesh,Kaushambi,Eastern UP,2000-01,Kharif,Rice,79193.0,159737.01,2017.1,973.5,4,33.0,0,7861.35,3301.77,1415.04,69.8,70.0,158.83,2.38,-4.5,33.0,69.92
Uttar Pradesh,Kaushambi,Eastern UP,2000-01,Rabi,Wheat,100659.6,187092.86,1858.7,39.2,0,32.8,4,12806.89,5763.1,1921.03,69.8,70.0,203.57,2.22,-17.24,39.36,69.92
Uttar Pradesh,Kaushambi,Eastern UP,2001-02,Kharif,Rice,80099.7,162332.75,2026.6,1036.5,5,32.6,0,7331.04,3079.04,1319.59,71.9,71.3,146.44,2.38,1.68,32.6,71.54
Uttar Pradesh,Kaushambi,Eastern UP,2001-02,Rabi,Wheat,88072.9,173945.93,1975.0,47.3,0,32.3,2,12235.1,5505.79,1835.26,71.9,71.3,222.27,2.22,-0.14,35.53,71.54
Uttar Pradesh,Kaushambi,Eastern UP,2002-03,Kharif,Rice,57417.5,104665.85,1822.9,698.3,6,33.2,0,5277.94,2216.73,950.03,70.3,72.0,147.08,2.38,-31.5,33.2,71.32
Uttar Pradesh,Kaushambi,Eastern UP,2002-03,Rabi,Wheat,82949.6,164813.81,1986.9,23.3,0,31.5,1,11095.71,4993.07,1664.36,70.3,72.0,214.02,2.22,-50.81,33.08,71.32
Uttar Pradesh,Kaushambi,Eastern UP,2003-04,Kharif,Rice,48691.4,105546.76,2167.7,1046.6,3,33.6,0,4530.4,1902.77,815.47,77.1,71.3,148.87,2.38,2.67,33.6,73.62
Uttar Pradesh,Kaushambi,Eastern UP,2003-04,Rabi,Wheat,81947.5,195231.86,2382.4,29.5,0,31.1,0,10600.04,4770.02,1590.01,77.1,71.3,206.96,2.22,-37.72,31.1,73.62
Uttar Pradesh,Kaushambi,Eastern UP,2004-05,Kharif,Rice,73641.3,140481.37,1907.6,470.0,1,32.9,0,7217.11,3031.19,1299.08,73.1,71.3,156.81,2.38,-53.89,32.9,72.02
Uttar Pradesh,Kaushambi,Eastern UP,2004-05,Rabi,Wheat,85585.3,140645.01,1643.3,31.6,0,34.0,5,9909.95,4459.48,1486.49,73.1,71.3,185.26,2.22,-33.29,42.5,72.02
Uttar Pradesh,Kaushambi,Eastern UP,2005-06,Kharif,Rice,95946.0,187293.38,1952.1,944.7,8,31.6,0,9437.39,3963.7,1698.73,78.5,70.2,157.38,2.38,-7.33,31.6,73.52
Uttar Pradesh,Kaushambi,Eastern UP,2005-06,Rabi,Wheat,70687.8,152189.29,2153.0,5.0,0,31.5,2,8278.86,3725.48,1241.83,78.5,70.2,187.39,2.22,-89.44,34.65,73.52
Uttar Pradesh,Kaushambi,Eastern UP,2006-07,Kharif,Rice,63445.8,138185.95,2178.0,984.8,5,34.6,0,6384.25,2681.38,1149.16,74.3,69.0,161.0,2.38,-3.39,34.6,71.12
Uttar Pradesh,Kaushambi,Eastern UP,2006-07,Rabi,Wheat,97952.8,223512.53,2281.8,39.1,0,31.2,0,13075.85,5884.13,1961.38,74.3,69.0,213.59,2.22,-17.45,31.2,71.12
Uttar Pradesh,Kaushambi,Eastern UP,2007-08,Kharif,Rice,58114.2,109351.74,1881.7,992.7,6,33.7,0,6093.39,2559.22,1096.81,77.3,66.6,167.76,2.38,-2.62,33.7,70.88
Uttar Pradesh,Kaushambi,Eastern UP,2007-08,Rabi,Wheat,92442.5,217456.65,2352.3,48.6,0,31.6,0,12776.62,5749.48,1916.49,77.3,66.6,221.14,2.22,2.6,31.6,70.88
Uttar Pradesh,Kaushambi,Eastern UP,2008-09,Kharif,Rice,87295.2,156853.16,1796.8,1438.7,13,34.1,0,8889.15,3733.44,1600.05,72.1,74.9,162.93,2.38,41.13,34.1,73.78
Uttar Pradesh,Kaushambi,Eastern UP,2008-09,Rabi,Wheat,93732.4,213098.74,2273.5,89.3,0,31.9,3,12279.95,5525.98,1841.99,72.1,74.9,209.62,2.22,88.53,36.68,73.78
Uttar Pradesh,Kaushambi,Eastern UP,2009-10,Kharif,Rice,67976.2,128278.44,1887.1,451.9,5,34.0,0,6760.07,2839.23,1216.81,73.6,71.2,159.12,2.38,-55.67,34.0,72.16
Uttar Pradesh,Kaushambi,Eastern UP,2009-10,Rabi,Wheat,66953.7,146785.78,2192.3,21.0,0,32.4,2,9568.06,4305.63,1435.21,73.6,71.2,228.65,2.22,-55.67,35.64,72.16
Uttar Pradesh,Kaushambi,Eastern UP,2010-11,Kharif,Rice,110879.5,235661.98,2125.4,1037.1,3,32.8,0,11925.68,5008.79,2146.62,78.7,79.1,172.09,2.38,1.74,32.8,78.94
Uttar Pradesh,Kaushambi,Eastern UP,2010-11,Rabi,Wheat,72340.1,158762.1,2194.7,23.2,0,32.0,3,9071.02,4081.96,1360.65,78.7,79.1,200.63,2.22,-51.02,36.8,78.94
Uttar Pradesh,Kaushambi,Eastern UP,2011-12,Kharif,Rice,78926.4,170895.61,2165.3,1213.8,6,31.7,0,8601.02,3612.43,1548.18,68.9,72.1,174.36,2.38,19.07,31.7,70.82
Uttar Pradesh,Kaushambi,Eastern UP,2011-12,Rabi,Wheat,91975.2,189408.95,2059.3,43.9,0,34.6,3,11957.22,5380.75,1793.58,68.9,72.1,208.01,2.22,-7.32,39.79,70.82
Uttar Pradesh,Kaushambi,Eastern UP,2012-13,Kharif,Rice,82928.3,190233.22,2293.9,851.9,6,32.7,0,9150.6,3843.25,1647.11,74.3,71.0,176.55,2.38,-16.43,32.7,72.32
Uttar Pradesh,Kaushambi,Eastern UP,2012-13,Rabi,Wheat,115373.5,261005.85,2262.3,73.9,0,29.9,0,16616.54,7477.44,2492.48,74.3,71.0,230.44,2.22,56.02,29.9,72.32
Uttar Pradesh,Kaushambi,Eastern UP,2013-14,Kharif,Rice,79914.1,184845.07,2313.0,1268.4,9,33.8,0,8317.21,3493.23,1497.1,75.7,76.8,166.52,2.38,24.43,33.8,76.36
Uttar Pradesh,Kaushambi,Eastern UP,2013-14,Rabi,Wheat,95193.2,229117.33,2406.9,87.6,0,30.8,0,11621.01,5229.45,1743.15,75.7,76.8,195.32,2.22,84.94,30.8,76.36
Uttar Pradesh,Kaushambi,Eastern UP,2014-15,Kharif,Rice,67996.0,156491.35,2301.5,1211.4,2,33.9,0,7397.79,3107.07,1331.6,77.4,72.5,174.08,2.38,18.84,33.9,74.46
Uttar Pradesh,Kaushambi,Eastern UP,2014-15,Rabi,Wheat,106582.8,252571.43,2369.7,84.7,0,32.3,4,15726.1,7076.75,2358.92,77.4,72.5,236.08,2.22,78.82,38.76,74.46
Uttar Pradesh,Kaushambi,Eastern UP,2015-16,Kharif,Rice,95224.4,217246.85,2281.4,799.3,5,33.3,0,11098.67,4661.44,1997.76,77.4,76.6,186.48,2.38,-21.59,33.3,76.92
Uttar Pradesh,Kaushambi,Eastern UP,2015-16,Rabi,Wheat,101158.7,259980.74,2570.0,16.8,0,30.4,0,13932.19,6269.48,2089.83,77.4,76.6,220.36,2.22,-64.53,30.4,76.92
Uttar Pradesh,Kaushambi,Eastern UP,2016-17,Kharif,Rice,94230.1,232212.61,2464.3,1003.8,5,33.0,0,11809.81,4960.12,2125.77,78.9,75.3,200.53,2.38,-1.53,33.0,76.74
Uttar Pradesh,Kaushambi,Eastern UP,2016-17,Rabi,Wheat,102199.0,279512.03,2735.0,66.2,0,30.6,0,15647.76,7041.49,2347.16,78.9,75.3,244.98,2.22,39.76,30.6,76.74
Uttar Pradesh,Kaushambi,Eastern UP,2017-18,Kharif,Rice,99817.7,251960.66,2524.2,1383.3,4,31.9,0,10926.1,4588.96,1966.7,68.5,75.9,175.14,2.38,35.7,31.9,72.94
Uttar Pradesh,Kaushambi,Eastern UP,2017-18,Rabi,Wheat,78614.9,196698.11,2502.0,56.7,0,29.3,0,11171.6,5027.22,1675.74,68.5,75.9,227.37,2.22,19.7,29.3,72.94
Uttar Pradesh,Kaushambi,Eastern UP,2018-19,Kharif,Rice,76982.0,172897.48,2245.9,1234.3,11,31.0,0,9411.01,3952.62,1693.98,80.3,71.8,195.6,2.38,21.08,31.0,75.2
Uttar Pradesh,Kaushambi,Eastern UP,2018-19,Rabi,Wheat,83188.5,213450.46,2565.9,40.9,0,31.1,1,12432.32,5594.54,1864.85,80.3,71.8,239.12,2.22,-13.65,32.66,75.2
Uttar Pradesh,Pratapgarh,Eastern UP,1997-98,Kharif,Rice,77110.9,144649.22,1875.9,877.5,4,32.9,0,6154.63,2584.95,1107.83,68.5,70.0,127.7,2.38,-16.57,32.9,69.4
Uttar Pradesh,Pratapgarh,Eastern UP,1997-98,Rabi,Wheat,93391.3,155104.58,1660.8,52.6,0,33.6,7,10923.6,4915.62,1638.54,68.5,70.0,187.15,2.22,17.85,45.36,69.4
Uttar Pradesh,Pratapgarh,Eastern UP,1998-99,Kharif,Rice,77215.5,137109.72,1775.7,1066.6,7,32.8,0,6834.89,2870.65,1230.28,65.1,68.5,141.63,2.38,1.41,32.8,67.14
Uttar Pradesh,Pratapgarh,Eastern UP,1998-99,Rabi,Wheat,103521.6,196786.43,1900.9,30.7,0,31.2,0,11586.12,5213.75,1737.92,65.1,68.5,179.07,2.22,-31.22,31.2,67.14
Uttar Pradesh,Pratapgarh,Eastern UP,1999-00,Kharif,Rice,62892.4,119262.0,1896.3,775.9,3,32.4,0,6349.45,2666.77,1142.9,71.2,67.6,161.53,2.38,-26.23,32.4,69.04
Uttar Pradesh,Pratapgarh,Eastern UP,1999-00,Rabi,Wheat,73975.5,143417.58,1938.7,45.0,0,32.5,3,8251.77,3713.3,1237.77,71.2,67.6,178.48,2.22,0.82,37.38,69.04
Uttar Pradesh,Pratapgarh,Eastern UP,2000-01,Kharif,Rice,69167.4,126672.73,1831.4,1035.8,6,33.1,0,6269.32,2633.11,1128.48,67.1,70.6,145.02,2.38,-1.52,33.1,69.2
Uttar Pradesh,Pratapgarh,Eastern UP,2000-01,Rabi,Wheat,76755.6,153998.99,2006.4,24.3,0,30.9,0,7446.39,3350.88,1116.96,67.1,70.6,155.22,2.22,-45.56,30.9,69.2
Uttar Pradesh,Pratapgarh,Eastern UP,2001-02,Kharif,Rice,56022.0,122151.94,2180.4,1146.9,4,33.8,0,5344.85,2244.84,962.07,70.6,69.7,152.65,2.38,9.04,33.8,70.06
Uttar Pradesh,Pratapgarh,Eastern UP,2001-02,Rabi,Wheat,82809.8,172958.28,2088.6,66.6,0,30.8,0,8975.39,4038.93,1346.31,70.6,69.7,173.42,2.22,49.22,30.8,70.06
Uttar Pradesh,Pratapgarh,Eastern UP,2002-03,Kharif,Rice,61159.0,120029.77,1962.6,723.7,4,31.9,0,5227.6,2195.59,940.97,67.9,71.3,136.76,2.38,-31.19,31.9,69.94
Uttar Pradesh,Pratapgarh,Eastern UP,2002-03,Rabi,Wheat,76820.3,149216.65,1942.4,21.3,0,31.8,1,10317.46,4642.86,1547.62,67.9,71.3,214.89,2.22,-52.28,33.39,69.94
Uttar Pradesh,Pratapgarh,Eastern UP,2003-04,Kharif,Rice,74782.2,149307.95,1996.6,978.2,6,34.1,0,7353.47,3088.46,1323.62,65.9,71.9,157.33,2.38,-7.0,34.1,69.5
Uttar Pradesh,Pratapgarh,Eastern UP,2003-04,Rabi,Wheat,79030.2,156388.1,1978.8,54.4,0,31.9,3,9738.3,4382.23,1460.74,65.9,71.9,197.16,2.22,21.88,36.68,69.5
Uttar Pradesh,Pratapgarh,Eastern UP,2004-05,Kharif,Rice,80290.4,178348.44,2221.3,673.3,5,32.9,0,8079.66,3393.46,1454.34,68.8,71.5,161.01,2.38,-35.99,32.9,70.42
Uttar Pradesh,Pratapgarh,Eastern UP,2004-05,Rabi,Wheat,90968.5,179509.95,1973.3,7.0,0,32.4,3,11221.43,5049.64,1683.21,68.8,71.5,197.37,2.22,-84.32,37.26,70.42
Uttar Pradesh,Pratapgarh,Eastern UP,2005-06,Kharif,Rice,64287.6,127813.3,1988.1,1125.6,11,34.5,0,5674.31,2383.21,1021.38,71.6,70.1,141.22,2.38,7.02,34.5,70.7
Uttar Pradesh,Pratapgarh,Eastern UP,2005-06,Rabi,Wheat,78755.9,181900.51,2309.7,34.2,0,32.0,0,11267.33,5070.3,1690.1,71.6,70.1,228.91,2.22,-23.38,32.0,70.7
Uttar Pradesh,Pratapgarh,Eastern UP,2006-07,Kharif,Rice,72102.9,154701.24,2145.6,961.9,2,34.0,0,7017.95,2947.54,1263.23,72.7,70.4,155.73,2.38,-8.55,34.0,71.32
Uttar Pradesh,Pratapgarh,Eastern UP,2006-07,Rabi,Wheat,87880.1,189282.96,2153.9,30.3,0,31.9,0,11680.97,5256.44,1752.15,72.7,70.4,212.67,2.22,-32.11,31.9,71.32
Uttar Pradesh,Pratapgarh,Eastern UP,2007-08,Kharif,Rice,66580.5,116175.95,1744.9,948.4,11,33.0,0,6429.81,2700.52,1157.37,77.8,76.5,154.52,2.38,-9.83,33.0,77.02
Uttar Pradesh,Pratapgarh,Eastern UP,2007-08,Rabi,Wheat,101572.1,243313.19,2395.5,61.7,0,29.6,0,12514.59,5631.56,1877.19,77.8,76.5,197.13,2.22,38.24,29.6,77.02
Uttar Pradesh,Pratapgarh,Eastern UP,2008-09,Kharif,Rice,86254.5,177857.01,2062.0,1562.6,9,33.7,0,9332.98,3919.85,1679.94,74.4,72.0,173.12,2.38,48.56,33.7,72.96
Uttar Pradesh,Pratapgarh,Eastern UP,2008-09,Rabi,Wheat,76730.7,191466.27,2495.3,40.6,0,25.4,0,10454.28,4704.43,1568.14,74.4,72.0,217.99,2.22,-9.04,25.4,72.96
Uttar Pradesh,Pratapgarh,Eastern UP,2009-10,Kharif,Rice,51853.7,111799.33,2156.1,773.8,3,33.3,0,5140.85,2159.16,925.35,72.3,75.4,158.63,2.38,-26.43,33.3,74.16
Uttar Pradesh,Pratapgarh,Eastern UP,2009-10,Rabi,Wheat,82689.6,195620.24,2365.7,5.0,0,31.3,0,9339.6,4202.82,1400.94,72.3,75.4,180.72,2.22,-88.8,31.3,74.16
Uttar Pradesh,Pratapgarh,Eastern UP,2010-11,Kharif,Rice,63176.7,143974.51,2278.9,1170.6,5,32.3,0,6079.77,2553.5,1094.36,71.0,73.6,153.97,2.38,11.3,32.3,72.56
Uttar Pradesh,Pratapgarh,Eastern UP,2010-11,Rabi,Wheat,86171.9,189497.14,2199.1,20.2,0,31.5,3,11285.78,5078.6,1692.87,71.0,73.6,209.55,2.22,-54.74,36.22,72.56
Uttar Pradesh,Pratapgarh,Eastern UP,2011-12,Kharif,Rice,82425.8,174684.28,2119.3,1067.2,4,32.1,0,9107.25,3825.04,1639.3,77.3,70.1,176.78,2.38,1.46,32.1,72.98
Uttar Pradesh,Pratapgarh,Eastern UP,2011-12,Rabi,Wheat,78574.9,199563.66,2539.8,54.7,0,30.2,0,10421.66,4689.75,1563.25,77.3,70.1,212.21,2.22,22.55,30.2,72.98
Uttar Pradesh,Pratapgarh,Eastern UP,2012-13,Kharif,Rice,58971.8,118099.01,2002.6,1217.5,7,33.0,0,5155.93,2165.49,928.07,73.7,75.6,139.89,2.38,15.75,33.0,74.84
Uttar Pradesh,Pratapgarh,Eastern UP,2012-13,Rabi,Wheat,87929.6,144137.44,1639.2,58.9,0,34.2,8,11660.53,5247.24,1749.08,73.7,75.6,212.18,2.22,31.96,47.88,74.84
Uttar Pradesh,Pratapgarh,Eastern UP,2013-14,Kharif,Rice,73195.8,151530.48,2070.2,1366.9,9,32.2,0,8413.68,3533.74,1514.46,71.5,77.6,183.92,2.38,29.96,32.2,75.16
Uttar Pradesh,Pratapgarh,Eastern UP,2013-14,Rabi,Wheat,82691.1,201564.3,2437.6,102.5,0,28.5,0,11355.47,5109.96,1703.32,71.5,77.6,219.72,2.22,129.65,28.5,75.16
Uttar Pradesh,Pratapgarh,Eastern UP,2014-15,Kharif,Rice,66762.6,148665.51,2226.8,1280.9,4,32.1,0,8022.05,3369.26,1443.97,77.1,72.8,192.25,2.38,21.78,32.1,74.52
Uttar Pradesh,Pratapgarh,Eastern UP,2014-15,Rabi,Wheat,99236.3,253152.67,2551.0,58.9,0,29.8,0,15777.8,7100.01,2366.67,77.1,72.8,254.39,2.22,31.96,29.8,74.52
Uttar Pradesh,Pratapgarh,Eastern UP,2015-16,Kharif,Rice,78924.5,189899.37,2406.1,805.5,4,32.7,0,8549.75,3590.89,1538.95,78.8,74.3,173.33,2.38,-23.42,32.7,76.1
Uttar Pradesh,Pratapgarh,Eastern UP,2015-16,Rabi,Wheat,83556.6,221246.01,2647.9,76.0,0,30.8,0,13516.04,6082.22,2027.41,78.8,74.3,258.81,2.22,70.28,30.8,76.1
Uttar Pradesh,Pratapgarh,Eastern UP,2016-17,Kharif,Rice,106956.0,260101.59,2431.9,1004.6,5,32.7,0,11461.37,4813.78,2063.05,72.6,75.1,171.46,2.38,-4.49,32.7,74.1
Uttar Pradesh,Pratapgarh,Eastern UP,2016-17,Rabi,Wheat,102217.9,258332.79,2527.3,55.6,0,30.0,0,16491.67,7421.25,2473.75,72.6,75.1,258.14,2.22,24.57,30.0,74.1
Uttar Pradesh,Pratapgarh,Eastern UP,2017-18,Kharif,Rice,70422.9,139328.72,1978.5,1362.3,7,32.8,0,7796.47,3274.52,1403.36,79.3,73.4,177.13,2.38,29.52,32.8,75.76
Uttar Pradesh,Pratapgarh,Eastern UP,2017-18,Rabi,Wheat,108983.1,281670.65,2584.5,56.4,0,29.9,0,14489.01,6520.06,2173.35,79.3,73.4,212.72,2.22,26.36,29.9,75.76
Uttar Pradesh,Pratapgarh,Eastern UP,2018-19,Kharif,Rice,97785.2,227608.21,2327.6,1115.6,5,34.1,0,10855.0,4559.1,1953.9,78.5,75.4,177.61,2.38,6.07,34.1,76.64
Uttar Pradesh,Pratapgarh,Eastern UP,2018-19,Rabi,Wheat,63604.7,0.0,2451.1,42.0,0,30.8,0,8453.85,3804.23,1268.08,78.5,75.4,212.66,2.22,-5.9,30.8,76.64
Uttar Pradesh,Varanasi,Eastern UP,1997-98,Kharif,Rice,79863.3,168709.6,2112.5,1153.2,5,34.1,0,7377.42,3098.52,1327.94,71.6,74.0,147.8,2.38,10.59,34.1,73.04
Uttar Pradesh,Varanasi,Eastern UP,1997-98,Rabi,Wheat,99231.7,185082.5,1865.2,61.5,0,32.7,5,12875.67,5794.05,1931.35,71.6,74.0,207.61,2.22,22.57,40.88,73.04
Uttar Pradesh,Varanasi,Eastern UP,1998-99,Kharif,Rice,74277.0,168424.01,2267.5,990.2,3,34.1,0,6810.23,2860.3,1225.84,67.0,67.8,146.7,2.38,-5.04,34.1,67.48
Uttar Pradesh,Varanasi,Eastern UP,1998-99,Rabi,Wheat,111581.3,235991.03,2115.0,46.7,0,29.1,0,13492.29,6071.53,2023.84,67.0,67.8,193.47,2.22,-6.92,29.1,67.48
Uttar Pradesh,Varanasi,Eastern UP,1999-00,Kharif,Rice,92167.7,207247.61,2248.6,1057.1,5,33.9,0,9847.76,4136.06,1772.6,70.2,70.6,170.95,2.38,1.37,33.9,70.44
Uttar Pradesh,Varanasi,Eastern UP,1999-00,Rabi,Wheat,116522.3,264757.7,2272.2,32.1,0,30.5,0,14129.71,6358.37,2119.46,70.2,70.6,194.02,2.22,-36.02,30.5,70.44
Uttar Pradesh,Varanasi,Eastern UP,2000-01,Kharif,Rice,66990.9,157962.24,2358.0,1077.3,4,33.9,0,6141.38,2579.38,1105.45,65.2,72.3,146.68,2.38,3.31,33.9,69.46
Uttar Pradesh,Varanasi,Eastern UP,2000-01,Rabi,Wheat,64563.6,0.0,2451.1,48.9,0,32.8,7,8227.2,3702.24,1234.08,65.2,72.3,203.88,2.22,-2.54,44.28,69.46
Uttar Pradesh,Varanasi,Eastern UP,2001-02,Kharif,Rice,85978.3,183949.82,2139.5,973.1,4,33.7,0,8566.17,3597.79,1541.91,72.1,70.6,159.41,2.38,-6.68,33.7,71.2
Uttar Pradesh,Varanasi,Eastern UP,2001-02,Rabi,Wheat,99851.6,205894.73,2062.0,73.8,0,32.5,2,11969.94,5386.47,1795.49,72.1,70.6,191.8,2.22,47.09,35.75,71.2
Uttar Pradesh,Varanasi,Eastern UP,2002-03,Kharif,Rice,93214.1,203562.49,2183.8,654.1,2,34.7,0,8588.98,3607.37,1546.02,71.5,74.9,147.43,2.38,-37.27,34.7,73.54
Uttar Pradesh,Varanasi,Eastern UP,2002-03,Rabi,Wheat,100806.2,231442.28,2295.9,30.8,0,31.5,0,12386.0,5573.7,1857.9,71.5,74.9,196.59,2.22,-38.61,31.5,73.54
Uttar Pradesh,Varanasi,Eastern UP,2003-04,Kharif,Rice,117509.3,241801.51,2057.7,1181.8,9,33.4,0,10392.74,4364.95,1870.69,73.4,68.0,141.51,2.38,13.33,33.4,70.16
Uttar Pradesh,Varanasi,Eastern UP,2003-04,Rabi,Wheat,112419.4,293691.15,2612.5,48.2,0,31.0,0,12919.37,5813.72,1937.91,73.4,68.0,183.87,2.22,-3.93,31.0,70.16
Uttar Pradesh,Varanasi,Eastern UP,2004-05,Kharif,Rice,107976.6,225945.44,2092.5,538.1,3,32.6,0,9926.47,4169.12,1786.76,73.6,66.4,147.09,2.38,-48.4,32.6,69.28
Uttar Pradesh,Varanasi,Eastern UP,2004-05,Rabi,Wheat,82204.8,201910.68,2456.2,18.4,0,30.1,0,10646.55,4790.95,1596.98,73.6,66.4,207.22,2.22,-63.33,30.1,69.28
Uttar Pradesh,Varanasi,Eastern UP,2005-06,Kharif,Rice,83473.4,186008.33,2228.4,1092.1,8,33.3,0,7138.07,2997.99,1284.85,71.8,68.7,136.82,2.38,4.73,33.3,69.94
Uttar Pradesh,Varanasi,Eastern UP,2005-06,Rabi,Wheat,107615.2,265037.93,2462.8,67.2,0,30.1,0,13863.25,6238.46,2079.49,71.8,68.7,206.12,2.22,33.93,30.1,69.94
Uttar Pradesh,Varanasi,Eastern UP,2006-07,Kharif,Rice,98200.4,248813.64,2533.7,870.2,3,34.2,0,9123.83,3832.01,1642.29,70.3,71.7,148.66,2.38,-16.55,34.2,71.14
Uttar Pradesh,Varanasi,Eastern UP,2006-07,Rabi,Wheat,97514.1,233287.46,2392.3,40.8,0,32.4,2,12874.51,5793.53,1931.18,70.3,71.7,211.24,2.22,-18.68,35.64,71.14
Uttar Pradesh,Varanasi,Eastern UP,2007-08,Kharif,Rice,103986.0,241129.95,2318.9,1100.4,3,34.6,0,9978.29,4190.88,1796.09,73.4,67.5,153.53,2.38,5.52,34.6,69.86
Uttar Pradesh,Varanasi,Eastern UP,2007-08,Rabi,Wheat,57189.3,150439.22,2630.5,64.3,0,32.0,0,6463.02,2908.36,969.45,73.4,67.5,180.82,2.22,28.15,32.0,69.86
Uttar Pradesh,Varanasi,Eastern UP,2008-09,Kharif,Rice,74496.4,156059.36,2094.9,1641.2,11,32.7,0,6717.98,2821.55,1209.24,71.9,70.5,144.29,2.38,57.38,32.7,71.06
Uttar Pradesh,Varanasi,Eastern UP,2008-09,Rabi,Wheat,87903.9,204532.89,2326.8,102.3,0,31.0,0,10801.55,4860.7,1620.23,71.9,70.5,196.61,2.22,103.89,31.0,71.06
Uttar Pradesh,Varanasi,Eastern UP,2009-10,Kharif,Rice,81718.3,210053.85,2570.5,718.2,3,32.2,0,7377.13,3098.39,1327.88,75.0,70.5,144.44,2.38,-31.13,32.2,72.3
Uttar Pradesh,Varanasi,Eastern UP,2009-10,Rabi,Wheat,97776.4,238232.5,2436.5,18.2,0,33.2,4,14550.78,6547.85,2182.62,75.0,70.5,238.11,2.22,-63.73,39.84,72.3
Uttar Pradesh,Varanasi,Eastern UP,2010-11,Kharif,Rice,99988.9,228499.71,2285.3,1203.6,7,33.2,0,10257.21,4308.03,1846.3,75.1,72.8,164.13,2.38,15.42,33.2,73.72
Uttar Pradesh,Varanasi,Eastern UP,2010-11,Rabi,Wheat,101392.1,256313.29,2527.9,51.8,0,30.9,0,15519.93,6983.97,2327.99,75.1,72.8,244.91,2.22,3.24,30.9,73.72
Uttar Pradesh,Varanasi,Eastern UP,2011-12,Kharif,Rice,82675.9,211353.71,2556.4,1064.9,5,34.0,0,8923.17,3747.73,1606.17,72.7,73.0,172.69,2.38,2.12,34.0,72.88
Uttar Pradesh,Varanasi,Eastern UP,2011-12,Rabi,Wheat,90837.4,240979.34,2652.9,54.9,0,30.3,0,13699.73,6164.88,2054.96,72.7,73.0,241.31,2.22,9.42,30.3,72.88
Uttar Pradesh,Varanasi,Eastern UP,2012-13,Kharif,Rice,109874.6,0.0,2271.2,1213.7,5,33.5,0,11031.06,4633.04,1985.59,69.3,71.8,160.63,2.38,16.39,33.5,70.8
Uttar Pradesh,Varanasi,Eastern UP,2012-13,Rabi,Wheat,80393.4,168481.66,2095.7,34.4,0,35.3,5,11334.05,5100.32,1700.11,69.3,71.8,225.57,2.22,-31.44,44.12,70.8
Uttar Pradesh,Varanasi,Eastern UP,2013-14,Kharif,Rice,77396.0,169945.34,2195.8,1358.1,10,32.5,0,7850.31,3297.13,1413.06,79.5,70.2,162.29,2.38,30.24,32.5,73.92
Uttar Pradesh,Varanasi,Eastern UP,2013-14,Rabi,Wheat,115840.3,340259.86,2937.3,79.4,0,30.1,0,16050.12,7222.56,2407.52,79.5,70.2,221.69,2.22,58.25,30.1,73.92
Uttar Pradesh,Varanasi,Eastern UP,2014-15,Kharif,Rice,98021.9,252437.86,2575.3,835.9,4,33.3,0,11015.34,4626.44,1982.76,75.2,74.4,179.8,2.38,-19.84,33.3,74.72
Uttar Pradesh,Varanasi,Eastern UP,2014-15,Rabi,Wheat,95932.3,265757.51,2770.3,54.5,0,30.4,0,13049.85,5872.43,1957.48,75.2,74.4,217.65,2.22,8.62,30.4,74.72
Uttar Pradesh,Varanasi,Eastern UP,2015-16,Kharif,Rice,81451.2,182420.68,2239.6,526.4,3,34.0,0,9496.93,3988.71,1709.45,77.4,78.2,186.55,2.38,-49.52,34.0,77.88
Uttar Pradesh,Varanasi,Eastern UP,2015-16,Rabi,Wheat,111561.0,282195.33,2529.5,17.5,0,33.4,1,16056.24,7225.31,2408.44,77.4,78.2,230.28,2.22,-65.12,35.07,77.88
Uttar Pradesh,Varanasi,Eastern UP,2016-17,Kharif,Rice,55459.4,136548.43,2462.1,866.3,6,34.9,0,5828.89,2448.13,1049.2,78.9,77.2,168.16,2.38,-16.93,34.9,77.88
Uttar Pradesh,Varanasi,Eastern UP,2016-17,Rabi,Wheat,79036.9,224348.9,2838.5,21.5,0,32.2,2,12048.03,5421.62,1807.21,78.9,77.2,243.9,2.22,-57.15,35.42,77.88
Uttar Pradesh,Varanasi,Eastern UP,2017-18,Kharif,Rice,119765.6,287314.6,2399.0,1424.5,7,32.4,0,12894.93,5415.87,2321.09,77.6,75.3,172.27,2.38,36.6,32.4,76.22
Uttar Pradesh,Varanasi,Eastern UP,2017-18,Rabi,Wheat,97361.1,264936.59,2721.2,73.7,0,29.6,0,13997.23,6298.75,2099.58,77.6,75.3,230.03,2.22,46.89,29.6,76.22
Uttar Pradesh,Varanasi,Eastern UP,2018-19,Kharif,Rice,81325.2,203945.69,2507.8,1153.9,7,34.0,0,9388.54,3943.19,1689.94,79.5,75.7,184.71,2.38,10.65,34.0,77.22
Uttar Pradesh,Varanasi,Eastern UP,2018-19,Rabi,Wheat,89596.5,275376.65,3073.5,48.9,0,30.2,0,12890.14,5800.56,1933.52,79.5,75.7,230.19,2.22,-2.54,30.2,77.22
Uttar Pradesh,Jaunpur,Eastern UP,1997-98,Kharif,Rice,64146.2,111454.98,1737.5,1125.2,9,34.1,0,5672.43,2382.42,1021.04,66.0,65.9,141.49,2.38,7.53,34.1,65.94
Uttar Pradesh,Jaunpur,Eastern UP,1997-98,Rabi,Wheat,81741.0,145882.26,1784.7,28.3,0,34.5,3,9322.47,4195.11,1398.37,66.0,65.9,182.48,2.22,-41.67,39.67,65.94
Uttar Pradesh,Jaunpur,Eastern UP,1998-99,Kharif,Rice,100287.5,0.0,2271.2,936.5,5,32.1,0,8455.24,3551.2,1521.94,65.8,72.3,134.9,2.38,-10.5,32.1,69.7
Uttar Pradesh,Jaunpur,Eastern UP,1998-99,Rabi,Wheat,83766.5,155735.53,1859.2,61.2,0,32.6,4,9273.71,4173.17,1391.06,65.8,72.3,177.13,2.22,26.14,39.12,69.7
Uttar Pradesh,Jaunpur,Eastern UP,1999-00,Kharif,Rice,88917.9,144817.07,1628.7,1156.9,15,33.2,0,7350.74,3087.31,1323.13,63.3,69.3,132.27,2.38,10.56,33.2,66.9
Uttar Pradesh,Jaunpur,Eastern UP,1999-00,Rabi,Wheat,106039.2,181612.37,1712.7,18.8,0,33.7,4,11499.04,5174.57,1724.86,63.3,69.3,173.51,2.22,-61.25,40.44,66.9
Uttar Pradesh,Jaunpur,Eastern UP,2000-01,Kharif,Rice,89877.1,189230.18,2105.4,953.4,5,34.1,0,8713.29,3659.58,1568.39,63.3,73.0,155.11,2.38,-8.89,34.1,69.12
Uttar Pradesh,Jaunpur,Eastern UP,2000-01,Rabi,Wheat,113791.1,208008.88,1828.0,84.2,0,29.7,0,12563.12,5653.4,1884.47,63.3,73.0,176.65,2.22,73.54,29.7,69.12
Uttar Pradesh,Jaunpur,Eastern UP,2001-02,Kharif,Rice,78886.0,168833.02,2140.2,941.8,4,33.0,0,7032.63,2953.7,1265.87,72.0,73.3,142.64,2.38,-10.0,33.0,72.78
Uttar Pradesh,Jaunpur,Eastern UP,2001-02,Rabi,Wheat,81872.4,157227.69,1920.4,63.5,0,32.1,6,9920.57,4464.26,1488.09,72.0,73.3,193.87,2.22,30.88,41.73,72.78
Uttar Pradesh,Jaunpur,Eastern UP,2002-03,Kharif,Rice,75298.7,151449.56,2011.3,836.9,8,34.2,0,7553.92,3172.65,1359.71,65.4,67.8,160.51,2.38,-20.02,34.2,66.84
Uttar Pradesh,Jaunpur,Eastern UP,2002-03,Rabi,Wheat,100191.3,189272.81,1889.1,18.8,0,32.4,2,11834.82,5325.67,1775.22,65.4,67.8,189.0,2.22,-61.25,35.64,66.84
Uttar Pradesh,Jaunpur,Eastern UP,2003-04,Kharif,Rice,95535.2,191520.41,2004.7,1010.2,9,33.7,0,9620.77,4040.72,1731.74,72.8,72.2,161.13,2.38,-3.46,33.7,72.44
Uttar Pradesh,Jaunpur,Eastern UP,2003-04,Rabi,Wheat,92195.1,188800.79,2047.8,33.2,0,31.7,3,11628.34,5232.75,1744.25,72.8,72.2,201.8,2.22,-31.57,36.45,72.44
Uttar Pradesh,Jaunpur,Eastern UP,2004-05,Kharif,Rice,111846.7,249913.69,2234.4,769.0,4,33.3,0,10364.36,4353.03,1865.58,70.4,70.3,148.27,2.38,-26.51,33.3,70.34
Uttar Pradesh,Jaunpur,Eastern UP,2004-05,Rabi,Wheat,90201.1,207785.55,2303.6,22.5,0,31.8,1,11312.35,5090.56,1696.85,70.4,70.3,200.66,2.22,-53.63,33.39,70.34
Uttar Pradesh,Jaunpur,Eastern UP,2005-06,Kharif,Rice,87732.4,188441.15,2147.9,1173.1,4,33.6,0,8620.14,3620.46,1551.62,72.0,68.8,157.21,2.38,12.11,33.6,70.08
Uttar Pradesh,Jaunpur,Eastern UP,2005-06,Rabi,Wheat,91620.4,212520.66,2319.6,97.0,0,30.8,0,10714.8,4821.66,1607.22,72.0,68.8,187.12,2.22,99.92,30.8,70.08
Uttar Pradesh,Jaunpur,Eastern UP,2006-07,Kharif,Rice,78842.9,169127.49,2145.1,1059.9,9,32.9,0,6524.78,2740.41,1174.46,77.7,71.9,132.41,2.38,1.29,32.9,74.22
Uttar Pradesh,Jaunpur,Eastern UP,2006-07,Rabi,Wheat,94445.0,162428.56,1719.8,25.6,0,33.1,8,12966.16,5834.77,1944.92,77.7,71.9,219.66,2.22,-47.24,46.34,74.22
Uttar Pradesh,Jaunpur,Eastern UP,2007-08,Kharif,Rice,72282.4,133951.07,1853.2,1105.7,11,34.0,0,6885.54,2891.93,1239.4,71.8,72.2,152.41,2.38,5.67,34.0,72.04
Uttar Pradesh,Jaunpur,Eastern UP,2007-08,Rabi,Wheat,94977.2,219106.0,2306.9,13.9,0,31.1,0,13345.28,6005.38,2001.79,71.8,72.2,224.82,2.22,-71.35,31.1,72.04
Uttar Pradesh,Jaunpur,Eastern UP,2008-09,Kharif,Rice,78899.7,189455.19,2401.2,1508.4,6,33.2,0,8455.67,3551.38,1522.02,73.7,68.0,171.47,2.38,44.15,33.2,70.28
Uttar Pradesh,Jaunpur,Eastern UP,2008-09,Rabi,Wheat,89053.8,207158.94,2326.2,90.0,0,32.9,1,10351.87,4658.34,1552.78,73.7,68.0,185.99,2.22,85.5,34.55,70.28
Uttar Pradesh,Jaunpur,Eastern UP,2009-10,Kharif,Rice,70588.2,189929.84,2690.7,835.4,2,32.4,0,7213.1,3029.5,1298.36,78.2,71.0,163.5,2.38,-20.16,32.4,73.88
Uttar Pradesh,Jaunpur,Eastern UP,2009-10,Rabi,Wheat,81506.9,191202.27,2345.8,60.0,0,33.5,2,10832.21,4874.49,1624.83,78.2,71.0,212.64,2.22,23.66,36.85,73.88
Uttar Pradesh,Jaunpur,Eastern UP,2010-11,Kharif,Rice,77945.3,188002.42,2412.0,1020.9,3,31.5,0,7097.92,2981.12,1277.62,77.6,74.5,145.7,2.38,-2.44,31.5,75.74
Uttar Pradesh,Jaunpur,Eastern UP,2010-11,Rabi,Wheat,100643.9,266932.29,2652.2,33.1,0,29.8,0,15041.04,6768.47,2256.16,77.6,74.5,239.12,2.22,-31.78,29.8,75.74
Uttar Pradesh,Jaunpur,Eastern UP,2011-12,Kharif,Rice,73526.4,161085.55,2190.9,1045.0,4,34.8,0,7126.26,2993.03,1282.73,71.6,74.9,155.07,2.38,-0.13,34.8,73.58
Uttar Pradesh,Jaunpur,Eastern UP,2011-12,Rabi,Wheat,76807.4,169108.42,2201.7,51.9,0,32.4,3,12060.47,5427.21,1809.07,71.6,74.9,251.24,2.22,6.97,37.26,73.58
Uttar Pradesh,Jaunpur,Eastern UP,2012-13,Kharif,Rice,86486.5,209963.94,2427.7,980.7,7,32.1,0,9391.24,3944.32,1690.42,75.0,73.2,173.74,2.38,-6.28,32.1,73.92
Uttar Pradesh,Jaunpur,Eastern UP,2012-13,Rabi,Wheat,72458.7,162237.14,2239.0,38.4,0,32.0,4,10805.06,4862.28,1620.76,75.0,73.2,238.59,2.22,-20.85,38.4,73.92
Uttar Pradesh,Jaunpur,Eastern UP,2013-14,Kharif,Rice,83678.0,186108.49,2224.1,1442.8,6,33.4,0,9006.2,3782.61,1621.12,82.9,73.0,172.21,2.38,37.88,33.4,76.96
Uttar Pradesh,Jaunpur,Eastern UP,2013-14,Rabi,Wheat,83237.3,232479.1,2793.0,77.7,0,30.5,0,10632.18,4784.48,1594.83,82.9,73.0,204.37,2.22,60.15,30.5,76.96
Uttar Pradesh,Jaunpur,Eastern UP,2014-15,Kharif,Rice,88742.9,229641.48,2587.7,1145.6,3,33.9,0,9750.72,4095.3,1755.13,77.0,75.1,175.8,2.38,9.48,33.9,75.86
Uttar Pradesh,Jaunpur,Eastern UP,2014-15,Rabi,Wheat,56642.9,157237.71,2775.9,39.5,0,28.4,0,7595.51,3417.98,1139.33,77.0,75.1,214.55,2.22,-18.59,28.4,75.86
Uttar Pradesh,Jaunpur,Eastern UP,2015-16,Kharif,Rice,69236.4,155263.31,2242.5,606.3,4,34.2,0,7422.28,3117.36,1336.01,75.2,72.5,171.52,2.38,-42.06,34.2,73.58
Uttar Pradesh,Jaunpur,Eastern UP,2015-16,Rabi,Wheat,85817.4,195192.82,2274.5,9.1,0,32.1,5,12028.18,5412.68,1804.23,75.2,72.5,224.26,2.22,-81.24,40.12,73.58
Uttar Pradesh,Jaunpur,Eastern UP,2016-17,Kharif,Rice,80707.6,176697.67,2189.4,1128.7,10,32.2,0,9204.49,3865.89,1656.81,83.2,73.5,182.48,2.38,7.87,32.2,77.38
Uttar Pradesh,Jaunpur,Eastern UP,2016-17,Rabi,Wheat,91707.6,251342.0,2740.7,77.7,0,31.1,0,14163.66,6373.65,2124.55,83.2,73.5,247.11,2.22,60.15,31.1,77.38
Uttar Pradesh,Jaunpur,Eastern UP,2017-18,Kharif,Rice,81208.8,190472.13,2345.5,1588.1,8,33.8,0,8421.04,3536.84,1515.79,78.0,77.4,165.91,2.38,51.77,33.8,77.64
Uttar Pradesh,Jaunpur,Eastern UP,2017-18,Rabi,Wheat,99135.1,284834.42,2873.2,98.8,0,30.8,0,13850.18,6232.58,2077.53,78.0,77.4,223.54,2.22,103.63,30.8,77.64
Uttar Pradesh,Jaunpur,Eastern UP,2018-19,Kharif,Rice,93634.5,223389.17,2385.8,1126.3,5,32.8,0,10362.44,4352.22,1865.24,76.9,76.6,177.07,2.38,7.64,32.8,76.72
Uttar Pradesh,Jaunpur,Eastern UP,2018-19,Rabi,Wheat,94320.9,247701.14,2626.2,51.3,0,31.8,1,13589.19,6115.14,2038.38,76.9,76.6,230.52,2.22,5.73,33.39,76.72
Uttar Pradesh,Ghazipur,Eastern UP,1997-98,Kharif,Rice,96625.1,169578.15,1755.0,1310.2,11,32.4,0,9103.88,3823.63,1638.7,68.6,67.1,150.75,2.38,29.0,32.4,67.7
Uttar Pradesh,Ghazipur,Eastern UP,1997-98,Rabi,Wheat,95147.2,179461.62,1886.1,40.6,0,32.2,2,10923.82,4915.72,1638.57,68.6,67.1,183.7,2.22,-9.35,35.42,67.7
Uttar Pradesh,Ghazipur,Eastern UP,1998-99,Kharif,Rice,98687.5,194859.29,1974.5,962.7,4,33.4,0,7383.92,3101.24,1329.1,68.8,66.5,119.71,2.38,-5.21,33.4,67.42
Uttar Pradesh,Ghazipur,Eastern UP,1998-99,Rabi,Wheat,112735.0,217193.66,1926.6,34.0,0,32.1,3,12581.11,5661.5,1887.17,68.8,66.5,178.56,2.22,-24.08,36.91,67.42
Uttar Pradesh,Ghazipur,Eastern UP,1999-00,Kharif,Rice,94260.8,190446.25,2020.4,1120.2,8,33.4,0,10145.03,4260.91,1826.11,67.6,69.3,172.2,2.38,10.29,33.4,68.62
Uttar Pradesh,Ghazipur,Eastern UP,1999-00,Rabi,Wheat,106084.0,239202.99,2254.8,43.7,0,31.2,1,13222.96,5950.33,1983.44,67.6,69.3,199.43,2.22,-2.42,32.76,68.62
Uttar Pradesh,Ghazipur,Eastern UP,2000-01,Kharif,Rice,98099.4,212733.48,2168.6,1037.9,4,32.0,0,8959.77,3763.1,1612.76,61.5,64.9,146.13,2.38,2.19,32.0,63.54
Uttar Pradesh,Ghazipur,Eastern UP,2000-01,Rabi,Wheat,93112.8,151952.88,1631.9,37.8,0,33.6,4,11264.45,5069.0,1689.67,61.5,64.9,193.56,2.22,-15.6,40.32,63.54
Uttar Pradesh,Ghazipur,Eastern UP,2001-02,Kharif,Rice,77717.9,159160.45,2047.9,1087.8,8,33.1,0,7688.46,3229.15,1383.92,73.1,69.3,158.28,2.38,7.1,33.1,70.82
Uttar Pradesh,Ghazipur,Eastern UP,2001-02,Rabi,Wheat,78938.7,182084.24,2306.7,61.7,0,29.3,0,9933.79,4470.21,1490.07,73.1,69.3,201.35,2.22,37.77,29.3,70.82
Uttar Pradesh,Ghazipur,Eastern UP,2002-03,Kharif,Rice,94202.5,214135.59,2273.1,705.2,3,32.6,0,9159.0,3846.78,1648.62,65.8,69.6,155.56,2.38,-30.57,32.6,68.08
Uttar Pradesh,Ghazipur,Eastern UP,2002-03,Rabi,Wheat,98291.7,221154.18,2250.0,17.0,0,30.8,0,11165.57,5024.51,1674.84,65.8,69.6,181.75,2.22,-62.04,30.8,68.08
Uttar Pradesh,Ghazipur,Eastern UP,2003-04,Kharif,Rice,95648.2,216681.22,2265.4,985.8,6,34.1,0,9887.02,4152.55,1779.66,71.1,74.0,165.39,2.38,-2.94,34.1,72.84
Uttar Pradesh,Ghazipur,Eastern UP,2003-04,Rabi,Wheat,94501.0,210914.79,2231.9,25.9,0,30.0,0,10931.89,4919.35,1639.78,71.1,74.0,185.09,2.22,-42.17,30.0,72.84
Uttar Pradesh,Ghazipur,Eastern UP,2004-05,Kharif,Rice,58985.9,144007.34,2441.4,607.3,1,32.7,0,6259.01,2628.78,1126.62,71.4,72.3,169.78,2.38,-40.21,32.7,71.94
Uttar Pradesh,Ghazipur,Eastern UP,2004-05,Rabi,Wheat,107113.6,232975.46,2175.0,5.0,0,32.8,3,13664.12,6148.85,2049.62,71.4,72.3,204.11,2.22,-88.84,37.72,71.94
Uttar Pradesh,Ghazipur,Eastern UP,2005-06,Kharif,Rice,46869.8,101208.86,2159.4,967.3,7,34.1,0,4899.6,2057.83,881.93,77.2,69.1,167.26,2.38,-4.76,34.1,72.34
Uttar Pradesh,Ghazipur,Eastern UP,2005-06,Rabi,Wheat,93305.6,227348.2,2436.6,47.5,0,29.7,0,11684.76,5258.14,1752.71,77.2,69.1,200.37,2.22,6.06,29.7,72.34
Uttar Pradesh,Ghazipur,Eastern UP,2006-07,Kharif,Rice,93467.9,189052.95,2022.7,952.8,8,34.3,0,8875.53,3727.72,1597.59,70.5,75.2,151.93,2.38,-6.19,34.3,73.32
Uttar Pradesh,Ghazipur,Eastern UP,2006-07,Rabi,Wheat,108778.4,273560.7,2514.8,18.4,0,30.9,0,14594.99,6567.75,2189.25,70.5,75.2,214.67,2.22,-58.91,30.9,73.32
Uttar Pradesh,Ghazipur,Eastern UP,2007-08,Kharif,Rice,81324.1,182607.68,2245.4,959.9,6,33.3,0,8957.85,3762.3,1612.41,73.2,72.8,176.24,2.38,-5.49,33.3,72.96
Uttar Pradesh,Ghazipur,Eastern UP,2007-08,Rabi,Wheat,92024.7,215816.97,2345.2,48.7,0,31.8,2,10858.9,4886.5,1628.83,73.2,72.8,188.8,2.22,8.74,34.98,72.96
Uttar Pradesh,Ghazipur,Eastern UP,2008-09,Kharif,Rice,61720.7,142962.88,2316.3,1504.6,7,31.8,0,6448.7,2708.45,1160.77,76.3,72.1,167.17,2.38,48.14,31.8,73.78
Uttar Pradesh,Ghazipur,Eastern UP,2008-09,Rabi,Wheat,94362.8,239117.89,2534.0,57.3,0,28.6,0,12605.34,5672.4,1890.8,76.3,72.1,213.73,2.22,27.94,28.6,73.78
Uttar Pradesh,Ghazipur,Eastern UP,2009-10,Kharif,Rice,93721.5,206272.91,2200.9,708.9,4,33.7,0,10060.03,4225.21,1810.81,70.9,74.1,171.74,2.38,-30.2,33.7,72.82
Uttar Pradesh,Ghazipur,Eastern UP,2009-10,Rabi,Wheat,82471.9,206051.84,2498.4,34.8,0,30.1,0,11331.14,5099.01,1699.67,70.9,74.1,219.83,2.22,-22.3,30.1,72.82
Uttar Pradesh,Ghazipur,Eastern UP,2010-11,Kharif,Rice,67746.3,163762.36,2417.3,1140.1,5,33.7,0,6457.2,2712.03,1162.3,75.3,74.9,152.5,2.38,12.25,33.7,75.06
Uttar Pradesh,Ghazipur,Eastern UP,2010-11,Rabi,Wheat,100299.9,261280.94,2605.0,70.5,0,29.7,0,12835.09,5775.79,1925.26,75.3,74.9,204.75,2.22,57.42,29.7,75.06
Uttar Pradesh,Ghazipur,Eastern UP,2011-12,Kharif,Rice,93405.2,0.0,2271.2,1140.0,8,33.1,0,9671.28,4061.94,1740.83,78.5,73.9,165.67,2.38,12.24,33.1,75.74
Uttar Pradesh,Ghazipur,Eastern UP,2011-12,Rabi,Wheat,103579.0,247744.26,2391.8,66.0,0,33.2,3,13612.83,6125.77,2041.92,78.5,73.9,210.28,2.22,47.37,38.18,75.74
Uttar Pradesh,Ghazipur,Eastern UP,2012-13,Kharif,Rice,90693.6,211653.11,2333.7,856.2,7,33.2,0,9154.55,3844.91,1647.82,68.6,72.0,161.5,2.38,-15.7,33.2,70.64
Uttar Pradesh,Ghazipur,Eastern UP,2012-13,Rabi,Wheat,99267.6,263324.43,2652.7,42.8,0,30.0,0,13866.01,6239.71,2079.9,68.6,72.0,223.49,2.22,-4.43,30.0,70.64
Uttar Pradesh,Ghazipur,Eastern UP,2013-14,Kharif,Rice,96649.3,231351.03,2393.7,1376.2,9,32.1,0,11043.73,4638.37,1987.87,76.4,72.4,182.83,2.38,35.5,32.1,74.0
Uttar Pradesh,Ghazipur,Eastern UP,2013-14,Rabi,Wheat,100742.4,277552.67,2755.1,73.6,0,30.9,0,13894.29,6252.43,2084.14,76.4,72.4,220.67,2.22,64.34,30.9,74.0
Uttar Pradesh,Ghazipur,Eastern UP,2014-15,Kharif,Rice,88348.3,212685.66,2407.4,945.5,9,32.8,0,9242.65,3881.91,1663.68,77.0,73.1,167.39,2.38,-6.91,32.8,74.66
Uttar Pradesh,Ghazipur,Eastern UP,2014-15,Rabi,Wheat,100386.6,285485.61,2843.9,35.8,0,31.6,0,16021.31,7209.59,2403.2,77.0,73.1,255.35,2.22,-20.06,31.6,74.66
Uttar Pradesh,Ghazipur,Eastern UP,2015-16,Kharif,Rice,86386.5,228191.7,2641.5,652.2,2,32.2,0,9584.45,4025.47,1725.2,73.8,72.0,177.52,2.38,-35.79,32.2,72.72
Uttar Pradesh,Ghazipur,Eastern UP,2015-16,Rabi,Wheat,103552.3,283045.93,2733.4,37.4,0,31.7,1,15781.73,7101.78,2367.26,73.8,72.0,243.85,2.22,-16.49,33.29,72.72
Uttar Pradesh,Ghazipur,Eastern UP,2016-17,Kharif,Rice,112852.2,295880.55,2621.8,1042.5,6,33.7,0,11350.97,4767.41,2043.17,81.8,77.4,160.93,2.38,2.64,33.7,79.16
Uttar Pradesh,Ghazipur,Eastern UP,2016-17,Rabi,Wheat,92466.3,246972.53,2670.9,53.1,0,32.5,2,13648.72,6141.92,2047.31,81.8,77.4,236.17,2.22,18.57,35.75,79.16
Uttar Pradesh,Ghazipur,Eastern UP,2017-18,Kharif,Rice,78205.9,168006.41,2148.3,1459.3,15,32.0,0,8599.21,3611.67,1547.86,81.0,75.7,175.93,2.38,43.68,32.0,77.82
Uttar Pradesh,Ghazipur,Eastern UP,2017-18,Rabi,Wheat,86066.2,251825.57,2926.0,85.5,0,28.5,0,12035.36,5415.91,1805.3,81.0,75.7,223.74,2.22,90.91,28.5,77.82
Uttar Pradesh,Ghazipur,Eastern UP,2018-19,Kharif,Rice,92361.8,232471.96,2517.0,919.1,5,32.6,0,10906.22,4580.61,1963.12,81.7,77.6,188.93,2.38,-9.51,32.6,79.24
Uttar Pradesh,Ghazipur,Eastern UP,2018-19,Rabi,Wheat,87769.5,266507.04,3036.4,48.6,0,31.9,1,13180.62,5931.28,1977.09,81.7,77.6,240.28,2.22,8.52,33.49,79.24
Uttar Pradesh,Chandauli,Eastern UP,1997-98,Kharif,Rice,112218.6,215946.6,1924.3,1149.8,5,34.4,0,9823.03,4125.67,1768.15,67.0,69.0,140.06,2.38,16.13,34.4,68.2
Uttar Pradesh,Chandauli,Eastern UP,1997-98,Rabi,Wheat,108402.2,240505.81,2218.6,53.6,0,31.7,0,12166.38,5474.87,1824.96,67.0,69.0,179.57,2.22,8.8,31.7,68.2
Uttar Pradesh,Chandauli,Eastern UP,1998-99,Kharif,Rice,97855.1,219154.16,2239.6,1129.4,6,33.5,0,8111.35,3406.77,1460.04,67.5,69.1,132.63,2.38,14.07,33.5,68.46
Uttar Pradesh,Chandauli,Eastern UP,1998-99,Rabi,Wheat,105742.1,218714.33,2068.4,27.6,0,31.0,0,12914.47,5811.51,1937.17,67.5,69.1,195.41,2.22,-43.98,31.0,68.46
Uttar Pradesh,Chandauli,Eastern UP,1999-00,Kharif,Rice,93989.6,186097.45,1980.0,937.2,7,33.4,0,8006.5,3362.73,1441.17,68.6,67.9,136.3,2.38,-5.34,33.4,68.18
Uttar Pradesh,Chandauli,Eastern UP,1999-00,Rabi,Wheat,96713.7,159335.78,1647.5,27.5,0,35.7,9,10141.29,4563.58,1521.19,68.6,67.9,167.77,2.22,-44.18,51.77,68.18
Uttar Pradesh,Chandauli,Eastern UP,2000-01,Kharif,Rice,86756.8,0.0,2271.2,1005.7,7,33.8,0,9269.06,3893.01,1668.43,72.5,71.3,170.94,2.38,1.57,33.8,71.78
Uttar Pradesh,Chandauli,Eastern UP,2000-01,Rabi,Wheat,109752.1,270093.05,2460.9,80.0,0,30.7,0,12013.94,5406.28,1802.09,72.5,71.3,175.14,2.22,62.38,30.7,71.78
Uttar Pradesh,Chandauli,Eastern UP,2001-02,Kharif,Rice,63944.4,137824.28,2155.4,1104.6,8,32.8,0,6524.67,2740.36,1174.44,73.4,72.7,163.26,2.38,11.56,32.8,72.98
Uttar Pradesh,Chandauli,Eastern UP,2001-02,Rabi,Wheat,96185.0,229113.51,2382.0,51.1,0,31.0,0,11530.95,5188.93,1729.64,73.4,72.7,191.81,2.22,3.72,31.0,72.98
Uttar Pradesh,Chandauli,Eastern UP,2002-03,Kharif,Rice,114312.4,232247.8,2031.7,711.9,5,34.0,0,11824.18,4966.16,2128.35,73.7,67.7,165.5,2.38,-28.1,34.0,70.1
Uttar Pradesh,Chandauli,Eastern UP,2002-03,Rabi,Wheat,95520.0,230328.04,2411.3,69.0,0,31.1,0,11917.81,5363.01,1787.67,73.7,67.7,199.63,2.22,40.05,31.1,70.1
Uttar Pradesh,Chandauli,Eastern UP,2003-04,Kharif,Rice,103094.8,228736.32,2218.7,1009.9,3,34.2,0,9607.51,4035.15,1729.35,66.8,69.8,149.11,2.38,2.0,34.2,68.6
Uttar Pradesh,Chandauli,Eastern UP,2003-04,Rabi,Wheat,84973.0,201392.83,2370.1,21.9,0,29.0,0,9836.83,4426.57,1475.52,66.8,69.8,185.22,2.22,-55.55,29.0,68.6
Uttar Pradesh,Chandauli,Eastern UP,2004-05,Kharif,Rice,93709.9,198232.84,2115.4,549.0,4,34.8,0,9586.63,4026.38,1725.59,77.5,71.3,163.68,2.38,-44.55,34.8,73.78
Uttar Pradesh,Chandauli,Eastern UP,2004-05,Rabi,Wheat,107570.8,268093.58,2492.3,20.6,0,31.5,0,14532.84,6539.78,2179.93,77.5,71.3,216.16,2.22,-58.19,31.5,73.78
Uttar Pradesh,Chandauli,Eastern UP,2005-06,Kharif,Rice,79767.6,185888.91,2330.4,1012.3,7,32.0,0,8441.71,3545.52,1519.51,71.4,71.2,169.33,2.38,2.24,32.0,71.28
Uttar Pradesh,Chandauli,Eastern UP,2005-06,Rabi,Wheat,105168.6,257778.17,2451.1,73.2,0,30.1,0,14298.45,6434.3,2144.77,71.4,71.2,217.53,2.22,48.58,30.1,71.28
Uttar Pradesh,Chandauli,Eastern UP,2006-07,Kharif,Rice,94502.0,239578.43,2535.2,1010.4,3,32.0,0,8705.65,3656.37,1567.02,74.1,71.0,147.39,2.38,2.05,32.0,72.24
Uttar Pradesh,Chandauli,Eastern UP,2006-07,Rabi,Wheat,112512.4,287816.99,2558.1,90.8,0,30.8,0,14330.96,6448.93,2149.64,74.1,71.0,203.8,2.22,84.3,30.8,72.24
Uttar Pradesh,Chandauli,Eastern UP,2007-08,Kharif,Rice,96199.0,207989.26,2162.1,971.6,7,32.7,0,10431.63,4381.28,1877.69,73.1,71.1,173.5,2.38,-1.87,32.7,71.9
Uttar Pradesh,Chandauli,Eastern UP,2007-08,Rabi,Wheat,127855.5,303150.84,2371.0,55.7,0,32.3,2,17077.76,7684.99,2561.66,73.1,71.1,213.71,2.22,13.06,35.53,71.9
Uttar Pradesh,Chandauli,Eastern UP,2008-09,Kharif,Rice,84544.9,189084.43,2236.5,1460.4,8,33.6,0,8350.52,3507.22,1503.09,76.4,70.3,158.03,2.38,47.5,33.6,72.74
Uttar Pradesh,Chandauli,Eastern UP,2008-09,Rabi,Wheat,100754.8,253826.75,2519.3,82.4,0,32.0,2,14304.71,6437.12,2145.71,76.4,70.3,227.16,2.22,67.25,35.2,72.74
Uttar Pradesh,Chandauli,Eastern UP,2009-10,Kharif,Rice,74086.4,165809.91,2238.1,459.4,2,33.0,0,8165.72,3429.6,1469.83,78.6,73.1,176.35,2.38,-53.6,33.0,75.3
Uttar Pradesh,Chandauli,Eastern UP,2009-10,Rabi,Wheat,91164.8,252882.12,2773.9,15.6,0,31.9,0,13628.22,6132.7,2044.23,78.6,73.1,239.18,2.22,-68.34,31.9,75.3
Uttar Pradesh,Chandauli,Eastern UP,2010-11,Kharif,Rice,97825.3,248108.06,2536.2,876.6,4,33.5,0,9004.19,3781.76,1620.75,77.0,72.9,147.27,2.38,-11.46,33.5,74.54
Uttar Pradesh,Chandauli,Eastern UP,2010-11,Rabi,Wheat,102060.8,0.0,2451.1,63.8,0,30.6,0,12809.75,5764.39,1921.46,77.0,72.9,200.82,2.22,29.5,30.6,74.54
Uttar Pradesh,Chandauli,Eastern UP,2011-12,Kharif,Rice,112985.9,274444.35,2429.0,1074.8,7,33.3,0,12336.88,5181.49,2220.64,75.2,73.1,174.7,2.38,8.55,33.3,73.94
Uttar Pradesh,Chandauli,Eastern UP,2011-12,Rabi,Wheat,100804.5,270429.09,2682.7,44.1,0,30.2,0,13288.51,5979.83,1993.28,75.2,73.1,210.92,2.22,-10.49,30.2,73.94
Uttar Pradesh,Chandauli,Eastern UP,2012-13,Kharif,Rice,109963.7,283688.67,2579.8,837.1,5,34.3,0,12239.99,5140.79,2203.2,67.5,76.3,178.09,2.38,-15.45,34.3,72.78
Uttar Pradesh,Chandauli,Eastern UP,2012-13,Rabi,Wheat,100666.8,256513.38,2548.1,56.2,0,31.1,0,13961.74,6282.78,2094.26,67.5,76.3,221.91,2.22,14.07,31.1,72.78
Uttar Pradesh,Chandauli,Eastern UP,2013-14,Kharif,Rice,95095.6,210072.26,2209.1,1516.0,9,32.7,0,9444.78,3966.81,1700.06,77.7,75.2,158.91,2.38,53.11,32.7,76.2
Uttar Pradesh,Chandauli,Eastern UP,2013-14,Rabi,Wheat,86171.4,227784.94,2643.4,79.2,0,32.2,4,11136.86,5011.59,1670.53,77.7,75.2,206.79,2.22,60.76,38.64,76.2
Uttar Pradesh,Chandauli,Eastern UP,2014-15,Kharif,Rice,79760.0,186144.91,2333.8,844.5,6,32.4,0,8897.28,3736.86,1601.51,77.8,79.7,178.48,2.38,-14.71,32.4,78.94
Uttar Pradesh,Chandauli,Eastern UP,2014-15,Rabi,Wheat,99323.4,276190.74,2780.7,20.6,0,31.9,3,13558.97,6101.54,2033.85,77.8,79.7,218.42,2.22,-58.19,36.68,78.94
Uttar Pradesh,Chandauli,Eastern UP,2015-16,Kharif,Rice,71411.8,187151.23,2620.7,757.5,4,31.8,0,7564.28,3177.0,1361.57,77.0,74.5,169.48,2.38,-23.49,31.8,75.5
Uttar Pradesh,Chandauli,Eastern UP,2015-16,Rabi,Wheat,101565.3,279138.37,2748.4,49.2,0,30.6,0,14661.65,6597.74,2199.25,77.0,74.5,230.97,2.22,-0.14,30.6,75.5
Uttar Pradesh,Chandauli,Eastern UP,2016-17,Kharif,Rice,67198.6,163779.7,2437.3,862.6,5,33.4,0,7956.96,3341.92,1432.25,78.1,75.1,189.46,2.38,-12.88,33.4,76.3
Uttar Pradesh,Chandauli,Eastern UP,2016-17,Rabi,Wheat,96780.2,280986.41,2903.3,35.1,0,28.9,0,13539.73,6092.88,2030.96,78.1,75.1,223.84,2.22,-28.76,28.9,76.3
Uttar Pradesh,Chandauli,Eastern UP,2017-18,Kharif,Rice,76994.2,179794.28,2335.2,1426.2,9,32.7,0,8016.72,3367.02,1443.01,76.6,77.6,166.59,2.38,44.04,32.7,77.2
Uttar Pradesh,Chandauli,Eastern UP,2017-18,Rabi,Wheat,98351.2,248440.02,2526.0,34.2,0,32.4,3,14415.66,6487.05,2162.35,76.6,77.6,234.52,2.22,-30.58,37.26,77.2
Uttar Pradesh,Chandauli,Eastern UP,2018-19,Kharif,Rice,114445.5,247275.17,2160.6,1203.8,15,31.1,0,13224.44,5554.26,2380.4,81.2,76.2,184.88,2.38,21.58,31.1,78.2
Uttar Pradesh,Chandauli,Eastern UP,2018-19,Rabi,Wheat,116252.4,282095.32,2426.6,43.1,0,33.5,7,16992.31,7646.54,2548.85,81.2,76.2,233.87,2.22,-12.52,45.23,78.2
Uttar Pradesh,Mirzapur,Eastern UP,1997-98,Kharif,Rice,85981.2,169235.78,1968.3,1195.4,9,32.2,0,7409.9,3112.16,1333.78,66.9,69.3,137.89,2.38,16.94,32.2,68.34
Uttar Pradesh,Mirzapur,Eastern UP,1997-98,Rabi,Wheat,98771.2,176862.51,1790.6,56.0,0,31.4,0,12908.71,5808.92,1936.31,66.9,69.3,209.11,2.22,29.42,31.4,68.34
Uttar Pradesh,Mirzapur,Eastern UP,1998-99,Kharif,Rice,76185.8,165855.77,2177.0,877.3,6,33.7,0,6812.2,2861.12,1226.2,70.1,71.3,143.06,2.38,-14.18,33.7,70.82
Uttar Pradesh,Mirzapur,Eastern UP,1998-99,Rabi,Wheat,99302.4,210135.98,2116.1,34.4,0,31.4,2,12181.58,5481.71,1827.24,70.1,71.3,196.27,2.22,-20.5,34.54,70.82
Uttar Pradesh,Mirzapur,Eastern UP,1999-00,Kharif,Rice,92148.2,195682.53,2123.6,1082.6,4,32.9,0,9755.76,4097.42,1756.04,67.5,67.1,169.39,2.38,5.9,32.9,67.26
Uttar Pradesh,Mirzapur,Eastern UP,1999-00,Rabi,Wheat,92051.4,180588.19,1961.8,57.1,0,34.5,5,10913.12,4910.9,1636.97,67.5,67.1,189.69,2.22,31.96,43.12,67.26
Uttar Pradesh,Mirzapur,Eastern UP,2000-01,Kharif,Rice,79498.0,194809.54,2450.5,1117.4,2,33.1,0,8154.74,3424.99,1467.85,67.6,69.6,164.12,2.38,9.31,33.1,68.8
Uttar Pradesh,Mirzapur,Eastern UP,2000-01,Rabi,Wheat,110602.6,252935.51,2286.9,44.8,0,30.5,0,13016.38,5857.37,1952.46,67.6,69.6,188.3,2.22,3.54,30.5,68.8
Uttar Pradesh,Mirzapur,Eastern UP,2001-02,Kharif,Rice,104633.5,225019.36,2150.5,893.2,5,33.8,0,10499.84,4409.93,1889.97,67.8,71.6,160.56,2.38,-12.62,33.8,70.08
Uttar Pradesh,Mirzapur,Eastern UP,2001-02,Rabi,Wheat,103279.9,208006.74,2014.0,38.4,0,32.8,2,13251.51,5963.18,1987.73,67.8,71.6,205.29,2.22,-11.26,36.08,70.08
Uttar Pradesh,Mirzapur,Eastern UP,2002-03,Kharif,Rice,69826.7,159669.13,2286.6,710.0,5,32.9,0,7942.64,3335.91,1429.68,71.2,70.5,182.0,2.38,-30.54,32.9,70.78
Uttar Pradesh,Mirzapur,Eastern UP,2002-03,Rabi,Wheat,105875.2,259019.47,2446.5,45.7,0,30.8,0,13090.34,5890.65,1963.55,71.2,70.5,197.82,2.22,5.61,30.8,70.78
Uttar Pradesh,Mirzapur,Eastern UP,2003-04,Kharif,Rice,105343.9,259022.49,2458.8,986.8,2,33.6,0,9938.72,4174.26,1788.97,75.2,71.1,150.95,2.38,-3.47,33.6,72.74
Uttar Pradesh,Mirzapur,Eastern UP,2003-04,Rabi,Wheat,83508.8,192078.49,2300.1,57.6,0,30.5,0,10671.06,4801.98,1600.66,75.2,71.1,204.45,2.22,33.12,30.5,72.74
Uttar Pradesh,Mirzapur,Eastern UP,2004-05,Kharif,Rice,108778.4,231028.11,2123.8,446.0,1,31.9,0,9999.79,4199.91,1799.96,70.9,73.1,147.08,2.38,-56.37,31.9,72.22
Uttar Pradesh,Mirzapur,Eastern UP,2004-05,Rabi,Wheat,95676.8,235806.59,2464.6,7.4,0,32.2,1,12191.31,5486.09,1828.7,70.9,73.1,203.87,2.22,-82.9,33.81,72.22
Uttar Pradesh,Mirzapur,Eastern UP,2005-06,Kharif,Rice,97197.8,226355.99,2328.8,917.9,1,34.1,0,9227.74,3875.65,1660.99,77.2,75.2,151.9,2.38,-10.21,34.1,76.0
Uttar Pradesh,Mirzapur,Eastern UP,2005-06,Rabi,Wheat,94451.7,228425.85,2418.4,65.5,0,30.5,0,12561.39,5652.62,1884.21,77.2,75.2,212.79,2.22,51.37,30.5,76.0
Uttar Pradesh,Mirzapur,Eastern UP,2006-07,Kharif,Rice,82688.1,158480.03,1916.6,982.1,11,34.6,0,8384.5,3521.49,1509.21,69.0,69.4,162.24,2.38,-3.93,34.6,69.24
Uttar Pradesh,Mirzapur,Eastern UP,2006-07,Rabi,Wheat,97631.1,247598.32,2536.1,69.5,0,31.2,0,13290.94,5980.92,1993.64,69.0,69.4,217.81,2.22,60.62,31.2,69.24
Uttar Pradesh,Mirzapur,Eastern UP,2007-08,Kharif,Rice,72994.8,152533.11,2089.6,1072.8,9,33.5,0,7531.7,3163.31,1355.71,76.9,72.9,165.09,2.38,4.95,33.5,74.5
Uttar Pradesh,Mirzapur,Eastern UP,2007-08,Rabi,Wheat,107971.3,232064.42,2149.3,26.2,0,32.8,5,12501.18,5625.53,1875.18,76.9,72.9,185.25,2.22,-39.45,41.0,74.5
Uttar Pradesh,Mirzapur,Eastern UP,2008-09,Kharif,Rice,80280.2,187085.82,2330.4,1378.9,11,33.6,0,7732.04,3247.46,1391.77,70.0,75.2,154.1,2.38,34.89,33.6,73.12
Uttar Pradesh,Mirzapur,Eastern UP,2008-09,Rabi,Wheat,98965.0,184029.22,1859.5,53.4,0,33.6,6,14341.48,6453.67,2151.22,70.0,75.2,231.86,2.22,23.41,43.68,73.12
Uttar Pradesh,Mirzapur,Eastern UP,2009-10,Kharif,Rice,85727.5,176181.8,2055.1,842.4,7,32.1,0,7988.87,3355.33,1438.0,74.0,74.6,149.1,2.38,-17.59,32.1,74.36
Uttar Pradesh,Mirzapur,Eastern UP,2009-10,Rabi,Wheat,81989.5,200311.7,2443.1,27.5,0,32.5,1,10792.71,4856.72,1618.91,74.0,74.6,210.62,2.22,-36.45,34.12,74.36
Uttar Pradesh,Mirzapur,Eastern UP,2010-11,Kharif,Rice,58816.5,144368.01,2454.6,806.1,6,33.4,0,5959.42,2502.95,1072.69,66.1,76.7,162.12,2.38,-21.14,33.4,72.46
Uttar Pradesh,Mirzapur,Eastern UP,2010-11,Rabi,Wheat,87723.4,183112.63,2087.4,25.6,0,34.2,6,12969.84,5836.43,1945.48,66.1,76.7,236.56,2.22,-40.84,44.46,72.46
Uttar Pradesh,Mirzapur,Eastern UP,2011-12,Kharif,Rice,98946.5,243974.99,2465.7,1065.3,4,34.9,0,11206.27,4706.63,2017.13,78.3,70.6,181.21,2.38,4.21,34.9,73.68
Uttar Pradesh,Mirzapur,Eastern UP,2011-12,Rabi,Wheat,65017.1,176086.55,2708.3,33.0,0,31.7,0,8999.22,4049.65,1349.88,78.3,70.6,221.46,2.22,-23.74,31.7,73.68
Uttar Pradesh,Mirzapur,Eastern UP,2012-13,Kharif,Rice,82859.4,221470.37,2672.8,1054.6,2,33.8,0,8715.45,3660.49,1568.78,74.4,72.6,168.29,2.38,3.17,33.8,73.32
Uttar Pradesh,Mirzapur,Eastern UP,2012-13,Rabi,Wheat,64611.5,171672.07,2657.0,48.3,0,31.4,2,8944.18,4024.88,1341.63,74.4,72.6,221.49,2.22,11.62,34.54,73.32
Uttar Pradesh,Mirzapur,Eastern UP,2013-14,Kharif,Rice,86869.3,216242.96,2489.3,1477.8,6,34.0,0,10510.42,4414.38,1891.88,73.9,73.2,193.59,2.38,44.56,34.0,73.48
Uttar Pradesh,Mirzapur,Eastern UP,2013-14,Rabi,Wheat,107449.7,280273.71,2608.4,77.9,0,32.4,1,15483.95,6967.78,2322.59,73.9,73.2,230.57,2.22,80.03,34.02,73.48
Uttar Pradesh,Mirzapur,Eastern UP,2014-15,Kharif,Rice,66582.1,157960.29,2372.4,906.0,7,31.8,0,6755.04,2837.11,1215.91,77.9,75.6,162.33,2.38,-11.37,31.8,76.52
Uttar Pradesh,Mirzapur,Eastern UP,2014-15,Rabi,Wheat,101289.4,292533.0,2888.1,52.9,0,30.6,0,13844.92,6230.21,2076.74,77.9,75.6,218.7,2.22,22.25,30.6,76.52
Uttar Pradesh,Mirzapur,Eastern UP,2015-16,Kharif,Rice,75385.1,205843.09,2730.6,698.8,3,32.4,0,8785.92,3690.09,1581.47,76.0,71.4,186.48,2.38,-31.64,32.4,73.24
Uttar Pradesh,Mirzapur,Eastern UP,2015-16,Rabi,Wheat,105783.2,297633.43,2813.6,5.0,0,31.5,0,13687.77,6159.5,2053.17,76.0,71.4,207.03,2.22,-88.44,31.5,73.24
Uttar Pradesh,Mirzapur,Eastern UP,2016-17,Kharif,Rice,91840.4,244500.67,2662.2,1013.5,4,31.7,0,10105.76,4244.42,1819.04,81.0,79.9,176.06,2.38,-0.86,31.7,80.34
Uttar Pradesh,Mirzapur,Eastern UP,2016-17,Rabi,Wheat,106615.8,275898.65,2587.8,47.2,0,33.6,5,14251.1,6413.0,2137.67,81.0,79.9,213.87,2.22,9.08,42.0,80.34
Uttar Pradesh,Mirzapur,Eastern UP,2017-18,Kharif,Rice,68597.6,161548.06,2355.0,1594.1,8,34.0,0,6412.62,2693.3,1154.27,79.5,75.7,149.57,2.38,55.94,34.0,77.22
Uttar Pradesh,Mirzapur,Eastern UP,2017-18,Rabi,Wheat,78512.4,186101.04,2370.3,35.2,0,32.1,7,11511.38,5180.12,1726.71,79.5,75.7,234.59,2.22,-18.65,43.34,77.22
Uttar Pradesh,Mirzapur,Eastern UP,2018-19,Kharif,Rice,89408.3,247955.69,2773.3,1070.8,6,32.5,0,10750.87,4515.36,1935.16,75.2,70.6,192.39,2.38,4.75,32.5,72.44
Uttar Pradesh,Mirzapur,Eastern UP,2018-19,Rabi,Wheat,96663.7,262526.94,2715.9,22.9,0,31.3,1,14702.06,6615.93,2205.31,75.2,70.6,243.35,2.22,-47.08,32.87,72.44
Uttar Pradesh,Sonbhadra,Eastern UP,1997-98,Kharif,Rice,93872.3,218871.8,2331.6,1056.9,3,34.4,0,9004.03,3781.69,1620.73,63.9,67.3,153.47,2.38,1.19,34.4,65.94
Uttar Pradesh,Sonbhadra,Eastern UP,1997-98,Rabi,Wheat,79736.3,156339.5,1960.7,43.8,0,31.7,1,10544.27,4744.92,1581.64,63.9,67.3,211.58,2.22,-13.96,33.29,65.94
Uttar Pradesh,Sonbhadra,Eastern UP,1998-99,Kharif,Rice,96058.3,197855.74,2059.7,1030.5,6,32.4,0,8387.0,3522.54,1509.66,70.8,69.8,139.7,2.38,-1.34,32.4,70.2
Uttar Pradesh,Sonbhadra,Eastern UP,1998-99,Rabi,Wheat,110815.3,241385.09,2178.3,55.5,0,31.0,0,12654.47,5694.51,1898.17,70.8,69.8,182.71,2.22,9.03,31.0,70.2
Uttar Pradesh,Sonbhadra,Eastern UP,1999-00,Kharif,Rice,86850.4,194443.23,2238.8,1051.1,4,32.7,0,6821.21,2864.91,1227.82,70.5,73.2,125.66,2.38,0.63,32.7,72.12
Uttar Pradesh,Sonbhadra,Eastern UP,1999-00,Rabi,Wheat,119264.6,277380.94,2325.8,41.9,0,28.3,0,15273.41,6873.03,2291.01,70.5,73.2,204.9,2.22,-17.69,28.3,72.12
Uttar Pradesh,Sonbhadra,Eastern UP,2000-01,Kharif,Rice,69222.5,138470.09,2000.4,1099.2,9,34.8,0,7034.29,2954.4,1266.17,66.5,70.1,162.59,2.38,5.24,34.8,68.66
Uttar Pradesh,Sonbhadra,Eastern UP,2000-01,Rabi,Wheat,81159.4,0.0,2451.1,42.9,0,31.4,2,10766.71,4845.02,1615.01,66.5,70.1,212.26,2.22,-15.72,34.54,68.66
Uttar Pradesh,Sonbhadra,Eastern UP,2001-02,Kharif,Rice,84499.6,206662.37,2445.7,1153.9,5,32.4,0,8504.32,3571.82,1530.78,68.3,67.2,161.03,2.38,10.48,32.4,67.64
Uttar Pradesh,Sonbhadra,Eastern UP,2001-02,Rabi,Wheat,89448.6,222374.08,2486.1,36.2,0,31.3,0,10086.17,4538.78,1512.93,68.3,67.2,180.42,2.22,-28.89,31.3,67.64
Uttar Pradesh,Sonbhadra,Eastern UP,2002-03,Kharif,Rice,75331.4,161361.36,2142.0,564.6,4,32.7,0,7065.32,2967.43,1271.76,65.5,69.5,150.06,2.38,-45.94,32.7,67.9
Uttar Pradesh,Sonbhadra,Eastern UP,2002-03,Rabi,Wheat,78496.1,186943.9,2381.6,49.5,0,30.6,0,10456.32,4705.35,1568.45,65.5,69.5,213.13,2.22,-2.76,30.6,67.9
Uttar Pradesh,Sonbhadra,Eastern UP,2003-04,Kharif,Rice,83185.0,161476.8,1941.2,1081.5,12,33.3,0,8427.42,3539.52,1516.94,69.4,70.3,162.1,2.38,3.54,33.3,69.94
Uttar Pradesh,Sonbhadra,Eastern UP,2003-04,Rabi,Wheat,112461.8,278773.33,2478.8,55.4,0,29.5,0,14130.11,6358.55,2119.52,69.4,70.3,201.03,2.22,8.83,29.5,69.94
Uttar Pradesh,Sonbhadra,Eastern UP,2004-05,Kharif,Rice,90921.8,198165.71,2179.5,682.7,4,33.6,0,8789.17,3691.45,1582.05,68.7,70.2,154.67,2.38,-34.64,33.6,69.6
Uttar Pradesh,Sonbhadra,Eastern UP,2004-05,Rabi,Wheat,88021.2,175877.52,1998.1,41.9,0,33.2,5,11677.97,5255.09,1751.7,68.7,70.2,212.28,2.22,-17.69,41.5,69.6
Uttar Pradesh,Sonbhadra,Eastern UP,2005-06,Kharif,Rice,93031.4,218027.66,2343.6,1102.7,7,34.3,0,9958.53,4182.58,1792.54,77.5,69.8,171.27,2.38,5.57,34.3,72.88
Uttar Pradesh,Sonbhadra,Eastern UP,2005-06,Rabi,Wheat,84970.7,198543.93,2336.6,13.5,0,31.8,2,9397.99,4229.1,1409.7,77.5,69.8,176.96,2.22,-73.48,34.98,72.88
Uttar Pradesh,Sonbhadra,Eastern UP,2006-07,Kharif,Rice,87818.4,205128.16,2335.8,1022.9,6,33.8,0,9542.15,4007.7,1717.59,76.5,69.9,173.85,2.38,-2.07,33.8,72.54
Uttar Pradesh,Sonbhadra,Eastern UP,2006-07,Rabi,Wheat,100851.0,255381.11,2532.3,80.5,0,33.9,2,13074.52,5883.53,1961.18,76.5,69.9,207.43,2.22,58.14,37.29,72.54
Uttar Pradesh,Sonbhadra,Eastern UP,2007-08,Kharif,Rice,84920.0,178524.79,2102.3,1053.2,9,33.1,0,9797.47,4114.94,1763.54,73.4,73.0,184.6,2.38,0.83,33.1,73.16
Uttar Pradesh,Sonbhadra,Eastern UP,2007-08,Rabi,Wheat,87456.8,234917.73,2686.1,74.8,0,32.2,1,11457.11,5155.7,1718.57,73.4,73.0,209.6,2.22,46.94,33.81,73.16
Uttar Pradesh,Sonbhadra,Eastern UP,2008-09,Kharif,Rice,107625.3,200663.98,1864.5,1405.7,14,32.8,0,11312.04,4751.06,2036.17,75.8,71.5,168.17,2.38,34.58,32.8,73.22
Uttar Pradesh,Sonbhadra,Eastern UP,2008-09,Rabi,Wheat,77927.4,210386.9,2699.8,55.7,0,33.7,3,10316.52,4642.43,1547.48,75.8,71.5,211.82,2.22,9.42,38.76,73.22
Uttar Pradesh,Sonbhadra,Eastern UP,2009-10,Kharif,Rice,82553.0,184622.97,2236.4,633.1,3,32.2,0,9439.26,3964.49,1699.07,76.6,73.8,182.95,2.38,-39.39,32.2,74.92
Uttar Pradesh,Sonbhadra,Eastern UP,2009-10,Rabi,Wheat,95380.3,257738.05,2702.2,43.8,0,30.4,0,12122.45,5455.1,1818.37,76.6,73.8,203.35,2.22,-13.96,30.4,74.92
Uttar Pradesh,Sonbhadra,Eastern UP,2010-11,Kharif,Rice,86461.5,229474.6,2654.1,951.9,3,33.5,0,9545.07,4008.93,1718.11,76.6,72.6,176.63,2.38,-8.86,33.5,74.2
Uttar Pradesh,Sonbhadra,Eastern UP,2010-11,Rabi,Wheat,96615.3,252295.65,2611.3,84.1,0,31.1,1,12842.61,5779.17,1926.39,76.6,72.6,212.68,2.22,65.21,32.66,74.2
Uttar Pradesh,Sonbhadra,Eastern UP,2011-12,Kharif,Rice,110274.0,252302.58,2288.0,1082.6,7,33.7,0,10957.27,4602.05,1972.31,70.4,73.5,158.98,2.38,3.65,33.7,72.26
Uttar Pradesh,Sonbhadra,Eastern UP,2011-12,Rabi,Wheat,127253.6,333217.25,2618.5,33.2,0,31.7,0,16709.83,7519.42,2506.47,70.4,73.5,210.1,2.22,-34.78,31.7,72.26
Uttar Pradesh,Sonbhadra,Eastern UP,2012-13,Kharif,Rice,74284.0,180343.07,2427.8,1073.1,4,33.8,0,7662.9,3218.42,1379.32,74.2,75.8,165.05,2.38,2.74,33.8,75.16
Uttar Pradesh,Sonbhadra,Eastern UP,2012-13,Rabi,Wheat,120343.0,330693.28,2747.9,35.6,0,29.2,0,15363.6,6913.62,2304.54,74.2,75.8,204.26,2.22,-30.06,29.2,75.16
Uttar Pradesh,Sonbhadra,Eastern UP,2013-14,Kharif,Rice,87597.5,187843.83,2144.4,1325.1,10,32.3,0,9183.95,3857.26,1653.11,77.3,71.6,167.75,2.38,26.87,32.3,73.88
Uttar Pradesh,Sonbhadra,Eastern UP,2013-14,Rabi,Wheat,101338.8,286224.02,2824.4,72.5,0,31.3,0,12701.37,5715.62,1905.21,77.3,71.6,200.54,2.22,42.43,31.3,73.88
Uttar Pradesh,Sonbhadra,Eastern UP,2014-15,Kharif,Rice,101108.5,295967.94,2927.2,1046.9,1,32.8,0,10654.64,4474.95,1917.84,73.3,76.0,168.61,2.38,0.23,32.8,74.92
Uttar Pradesh,Sonbhadra,Eastern UP,2014-15,Rabi,Wheat,80295.1,214050.97,2665.8,25.3,0,32.0,1,11102.59,4996.17,1665.39,73.3,76.0,221.24,2.22,-50.3,33.6,74.92
Uttar Pradesh,Sonbhadra,Eastern UP,2015-16,Kharif,Rice,62455.0,162503.06,2601.9,599.1,4,33.1,0,7590.35,3187.95,1366.26,79.1,74.7,194.45,2.38,-42.64,33.1,76.46
Uttar Pradesh,Sonbhadra,Eastern UP,2015-16,Rabi,Wheat,84865.1,245545.26,2893.4,50.7,0,31.0,0,12085.19,5438.33,1812.78,79.1,74.7,227.85,2.22,-0.4,31.0,76.46
Uttar Pradesh,Sonbhadra,Eastern UP,2016-17,Kharif,Rice,84428.6,218642.61,2589.7,1043.6,10,34.3,0,8986.62,3774.38,1617.59,76.8,73.6,170.3,2.38,-0.08,34.3,74.88
Uttar Pradesh,Sonbhadra,Eastern UP,2016-17,Rabi,Wheat,91764.4,271723.21,2961.1,85.5,0,31.5,1,13298.6,5984.37,1994.79,76.8,73.6,231.87,2.22,67.96,33.08,74.88
Uttar Pradesh,Sonbhadra,Eastern UP,2017-18,Kharif,Rice,89367.1,204999.56,2293.9,1506.5,10,32.9,0,10171.89,4272.19,1830.94,78.6,78.0,182.11,2.38,44.23,32.9,78.24
Uttar Pradesh,Sonbhadra,Eastern UP,2017-18,Rabi,Wheat,110728.1,306377.78,2766.9,64.3,0,28.4,0,15953.69,7179.16,2393.05,78.6,78.0,230.53,2.22,26.32,28.4,78.24
Uttar Pradesh,Sonbhadra,Eastern UP,2018-19,Kharif,Rice,94260.2,274712.14,2914.4,1189.1,4,32.2,0,10498.42,4409.34,1889.72,74.8,78.9,178.2,2.38,13.85,32.2,77.26
Uttar Pradesh,Sonbhadra,Eastern UP,2018-19,Rabi,Wheat,97272.2,274766.61,2824.7,43.0,0,32.0,1,14442.75,6499.24,2166.41,74.8,78.9,237.56,2.22,-15.53,33.6,77.26
Uttar Pradesh,Sant Ravidas Nagar,Eastern UP,1997-98,Kharif,Rice,62544.8,122306.66,1955.5,999.4,4,33.7,0,5377.08,2258.37,967.87,65.0,69.3,137.55,2.38,-2.71,33.7,67.58
Uttar Pradesh,Sant Ravidas Nagar,Eastern UP,1997-98,Rabi,Wheat,82543.8,127215.82,1541.2,57.9,0,32.9,4,9158.34,4121.25,1373.75,65.0,69.3,177.52,2.22,8.25,39.48,67.58
Uttar Pradesh,Sant Ravidas Nagar,Eastern UP,1998-99,Kharif,Rice,95375.3,182075.1,1909.0,1091.2,4,32.8,0,8217.62,3451.4,1479.17,65.8,69.6,137.86,2.38,6.23,32.8,68.08
Uttar Pradesh,Sant Ravidas Nagar,Eastern UP,1998-99,Rabi,Wheat,76503.3,142619.38,1864.2,39.0,0,30.6,0,8696.55,3913.45,1304.48,65.8,69.6,181.88,2.22,-27.09,30.6,68.08
Uttar Pradesh,Sant Ravidas Nagar,Eastern UP,1999-00,Kharif,Rice,68861.4,131964.58,1916.4,1013.9,6,33.3,0,5640.16,2368.87,1015.23,66.0,69.3,131.05,2.38,-1.3,33.3,67.98
Uttar Pradesh,Sant Ravidas Nagar,Eastern UP,1999-00,Rabi,Wheat,90096.1,166271.57,1845.5,64.0,0,32.8,2,11235.54,5055.99,1685.33,66.0,69.3,199.53,2.22,19.65,36.08,67.98
Uttar Pradesh,Sant Ravidas Nagar,Eastern UP,2000-01,Kharif,Rice,76109.1,134961.25,1773.3,1147.4,7,33.7,0,6523.46,2739.85,1174.22,71.1,70.2,137.14,2.38,11.7,33.7,70.56
Uttar Pradesh,Sant Ravidas Nagar,Eastern UP,2000-01,Rabi,Wheat,101740.5,216920.91,2132.1,70.7,0,28.6,0,11677.73,5254.98,1751.66,71.1,70.2,183.65,2.22,32.18,28.6,70.56
Uttar Pradesh,Sant Ravidas Nagar,Eastern UP,2001-02,Kharif,Rice,76726.8,170903.33,2227.4,1072.3,5,34.8,0,8140.79,3419.13,1465.34,70.3,69.4,169.76,2.38,4.39,34.8,69.76
Uttar Pradesh,Sant Ravidas Nagar,Eastern UP,2001-02,Rabi,Wheat,71115.1,144991.73,2038.8,74.2,0,31.3,0,9072.5,4082.62,1360.87,70.3,69.4,204.12,2.22,38.72,31.3,69.76
Uttar Pradesh,Sant Ravidas Nagar,Eastern UP,2002-03,Kharif,Rice,77014.7,159418.07,2070.0,804.8,5,33.1,0,6511.69,2734.91,1172.1,71.8,70.9,135.28,2.38,-21.65,33.1,71.26
Uttar Pradesh,Sant Ravidas Nagar,Eastern UP,2002-03,Rabi,Wheat,90613.4,191693.5,2115.5,51.4,0,31.6,0,11466.53,5159.94,1719.98,71.8,70.9,202.47,2.22,-3.91,31.6,71.26
Uttar Pradesh,Sant Ravidas Nagar,Eastern UP,2003-04,Kharif,Rice,93210.3,176115.24,1889.4,1083.2,6,33.4,0,9792.55,4112.87,1762.66,72.3,70.2,168.09,2.38,5.45,33.4,71.04
Uttar Pradesh,Sant Ravidas Nagar,Eastern UP,2003-04,Rabi,Wheat,62526.5,136568.74,2184.2,53.2,0,31.5,1,8106.85,3648.08,1216.03,72.3,70.2,207.45,2.22,-0.54,33.08,71.04
Uttar Pradesh,Sant Ravidas Nagar,Eastern UP,2004-05,Kharif,Rice,102884.3,214916.79,2088.9,560.5,2,33.9,0,9350.58,3927.24,1683.1,77.1,73.2,145.41,2.38,-45.43,33.9,74.76
Uttar Pradesh,Sant Ravidas Nagar,Eastern UP,2004-05,Rabi,Wheat,115608.9,253610.45,2193.7,5.0,0,29.5,0,12521.44,5634.65,1878.22,77.1,73.2,173.29,2.22,-90.65,29.5,74.76
Uttar Pradesh,Sant Ravidas Nagar,Eastern UP,2005-06,Kharif,Rice,97864.1,189229.58,1933.6,925.5,11,31.8,0,10621.47,4461.02,1911.87,73.5,67.9,173.65,2.38,-9.9,31.8,70.14
Uttar Pradesh,Sant Ravidas Nagar,Eastern UP,2005-06,Rabi,Wheat,109322.3,207823.64,1901.0,17.7,0,33.1,4,14588.09,6564.64,2188.21,73.5,67.9,213.51,2.22,-66.91,39.72,70.14
Uttar Pradesh,Sant Ravidas Nagar,Eastern UP,2006-07,Kharif,Rice,83722.2,162018.83,1935.2,1095.0,10,34.1,0,8310.06,3490.22,1495.81,75.9,72.3,158.81,2.38,6.6,34.1,73.74
Uttar Pradesh,Sant Ravidas Nagar,Eastern UP,2006-07,Rabi,Wheat,87178.4,198929.25,2281.9,73.0,0,29.4,0,10004.09,4501.84,1500.61,75.9,72.3,183.61,2.22,36.48,29.4,73.74
Uttar Pradesh,Sant Ravidas Nagar,Eastern UP,2007-08,Kharif,Rice,83260.5,169828.55,2039.7,974.2,8,33.2,0,9138.88,3838.33,1645.0,72.7,70.0,175.62,2.38,-5.16,33.2,71.08
Uttar Pradesh,Sant Ravidas Nagar,Eastern UP,2007-08,Rabi,Wheat,102094.9,220834.38,2163.0,45.8,0,30.4,0,11523.98,5185.79,1728.6,72.7,70.0,180.6,2.22,-14.37,30.4,71.08
Uttar Pradesh,Sant Ravidas Nagar,Eastern UP,2008-09,Kharif,Rice,47999.6,99834.66,2079.9,1432.9,7,32.7,0,5077.44,2132.53,913.94,76.2,74.7,169.25,2.38,39.49,32.7,75.3
Uttar Pradesh,Sant Ravidas Nagar,Eastern UP,2008-09,Rabi,Wheat,74290.8,164362.88,2212.4,82.2,0,31.4,1,9963.92,4483.76,1494.59,76.2,74.7,214.59,2.22,53.68,32.97,75.3
Uttar Pradesh,Sant Ravidas Nagar,Eastern UP,2009-10,Kharif,Rice,103659.3,212736.54,2052.3,644.2,3,33.0,0,10188.42,4279.14,1833.92,76.1,70.6,157.26,2.38,-37.29,33.0,72.8
Uttar Pradesh,Sant Ravidas Nagar,Eastern UP,2009-10,Rabi,Wheat,60380.9,128900.58,2134.8,18.6,0,32.1,3,7621.97,3429.88,1143.29,76.1,70.6,201.97,2.22,-65.23,36.91,72.8
Uttar Pradesh,Sant Ravidas Nagar,Eastern UP,2010-11,Kharif,Rice,85069.1,205206.38,2412.2,982.4,5,31.9,0,9092.04,3818.66,1636.57,72.7,74.0,171.01,2.38,-4.36,31.9,73.48
Uttar Pradesh,Sant Ravidas Nagar,Eastern UP,2010-11,Rabi,Wheat,93649.4,215435.81,2300.5,46.6,0,30.5,0,11815.65,5317.04,1772.35,72.7,74.0,201.87,2.22,-12.88,30.5,73.48
Uttar Pradesh,Sant Ravidas Nagar,Eastern UP,2011-12,Kharif,Rice,95439.9,202760.51,2124.5,1002.6,3,32.2,0,9295.82,3904.25,1673.25,76.6,73.5,155.84,2.38,-2.4,32.2,74.74
Uttar Pradesh,Sant Ravidas Nagar,Eastern UP,2011-12,Rabi,Wheat,83820.1,187376.43,2235.5,5.0,0,32.1,4,11845.48,5330.47,1776.82,76.6,73.5,226.11,2.22,-90.65,38.52,74.74
Uttar Pradesh,Sant Ravidas Nagar,Eastern UP,2012-13,Kharif,Rice,85453.6,175683.63,2055.9,1124.8,8,32.2,0,7418.81,3115.9,1335.39,72.2,72.1,138.91,2.38,9.5,32.2,72.14
Uttar Pradesh,Sant Ravidas Nagar,Eastern UP,2012-13,Rabi,Wheat,78378.3,196440.32,2506.3,78.2,0,32.6,2,11356.4,5110.38,1703.46,72.2,72.1,231.83,2.22,46.2,35.86,72.14
Uttar Pradesh,Sant Ravidas Nagar,Eastern UP,2013-14,Kharif,Rice,89786.0,241017.2,2684.4,1251.5,1,35.4,0,9907.24,4161.04,1783.3,79.7,74.6,176.55,2.38,21.83,35.4,76.64
Uttar Pradesh,Sant Ravidas Nagar,Eastern UP,2013-14,Rabi,Wheat,69445.0,157265.1,2264.6,103.0,0,34.2,3,8231.04,3703.97,1234.66,79.7,74.6,189.64,2.22,92.56,39.33,76.64
Uttar Pradesh,Sant Ravidas Nagar,Eastern UP,2014-15,Kharif,Rice,108245.7,252160.31,2329.5,1103.8,6,32.8,0,11212.92,4709.43,2018.33,75.0,74.0,165.74,2.38,7.46,32.8,74.4
Uttar Pradesh,Sant Ravidas Nagar,Eastern UP,2014-15,Rabi,Wheat,89051.4,229891.75,2581.6,80.4,0,32.6,1,12268.4,5520.78,1840.26,75.0,74.0,220.43,2.22,50.31,34.23,74.4
Uttar Pradesh,Sant Ravidas Nagar,Eastern UP,2015-16,Kharif,Rice,78784.5,186331.45,2365.1,746.9,5,32.5,0,8461.9,3554.0,1523.14,76.3,74.9,171.85,2.38,-27.29,32.5,75.46
Uttar Pradesh,Sant Ravidas Nagar,Eastern UP,2015-16,Rabi,Wheat,72146.6,198558.16,2752.1,58.8,0,30.8,0,9792.28,4406.53,1468.84,76.3,74.9,217.16,2.22,9.93,30.8,75.46
Uttar Pradesh,Sant Ravidas Nagar,Eastern UP,2016-17,Kharif,Rice,76224.1,159777.16,2096.1,1106.4,7,31.9,0,9127.26,3833.45,1642.91,71.8,77.1,191.59,2.38,7.71,31.9,74.98
Uttar Pradesh,Sant Ravidas Nagar,Eastern UP,2016-17,Rabi,Wheat,90920.9,227367.92,2500.7,35.7,0,29.7,0,12352.57,5558.65,1852.88,71.8,77.1,217.38,2.22,-33.26,29.7,74.98
Uttar Pradesh,Sant Ravidas Nagar,Eastern UP,2017-18,Kharif,Rice,73043.0,174341.15,2386.8,1401.0,6,33.2,0,7320.73,3074.7,1317.73,80.4,72.0,160.36,2.38,36.39,33.2,75.36
Uttar Pradesh,Sant Ravidas Nagar,Eastern UP,2017-18,Rabi,Wheat,99932.9,267504.08,2676.8,64.2,0,31.4,1,15158.09,6821.14,2273.71,80.4,72.0,242.69,2.22,20.02,32.97,75.36
Uttar Pradesh,Sant Ravidas Nagar,Eastern UP,2018-19,Kharif,Rice,72634.0,177253.27,2440.4,875.7,5,33.3,0,7984.78,3353.61,1437.26,78.0,74.4,175.89,2.38,-14.75,33.3,75.84
Uttar Pradesh,Sant Ravidas Nagar,Eastern UP,2018-19,Rabi,Wheat,89154.8,202198.78,2268.0,29.1,0,32.7,5,13444.0,6049.8,2016.6,78.0,74.4,241.27,2.22,-45.6,40.88,75.84
Uttar Pradesh,Gorakhpur,Eastern UP,1997-98,Kharif,Rice,83732.7,169369.51,2022.7,1125.1,5,32.6,0,8003.32,3361.39,1440.6,66.9,67.4,152.93,2.38,8.1,32.6,67.2
Uttar Pradesh,Gorakhpur,Eastern UP,1997-98,Rabi,Wheat,73664.2,134083.41,1820.2,53.7,0,34.4,4,9342.19,4203.99,1401.33,66.9,67.4,202.91,2.22,13.96,41.28,67.2
Uttar Pradesh,Gorakhpur,Eastern UP,1998-99,Kharif,Rice,82755.7,183503.09,2217.4,860.5,4,33.2,0,8861.3,3721.75,1595.03,69.2,72.1,171.32,2.38,-17.33,33.2,70.94
Uttar Pradesh,Gorakhpur,Eastern UP,1998-99,Rabi,Wheat,98716.6,185388.26,1878.0,63.0,0,32.6,3,13313.53,5991.09,1997.03,69.2,72.1,215.79,2.22,33.69,37.49,70.94
Uttar Pradesh,Gorakhpur,Eastern UP,1999-00,Kharif,Rice,92633.6,209490.51,2261.5,1019.0,7,32.2,0,7705.53,3236.32,1387.0,66.9,72.0,133.09,2.38,-2.1,32.2,69.96
Uttar Pradesh,Gorakhpur,Eastern UP,1999-00,Rabi,Wheat,107748.1,235762.38,2188.1,44.5,0,30.9,0,11627.88,5232.55,1744.18,66.9,72.0,172.67,2.22,-5.56,30.9,69.96
Uttar Pradesh,Gorakhpur,Eastern UP,2000-01,Kharif,Rice,89235.1,184835.37,2071.3,1086.2,4,33.8,0,8255.74,3467.41,1486.03,75.7,69.0,148.03,2.38,4.36,33.8,71.68
Uttar Pradesh,Gorakhpur,Eastern UP,2000-01,Rabi,Wheat,79300.7,152234.31,1919.7,62.7,0,32.7,5,9844.54,4430.04,1476.68,75.7,69.0,198.63,2.22,33.06,40.88,71.68
Uttar Pradesh,Gorakhpur,Eastern UP,2001-02,Kharif,Rice,93509.6,212818.35,2275.9,1039.5,4,33.8,0,8746.14,3673.38,1574.31,66.2,70.8,149.65,2.38,-0.13,33.8,68.96
Uttar Pradesh,Gorakhpur,Eastern UP,2001-02,Rabi,Wheat,93424.9,189607.81,2029.5,51.3,0,32.3,4,10462.03,4707.91,1569.3,66.2,70.8,179.17,2.22,8.87,38.76,68.96
Uttar Pradesh,Gorakhpur,Eastern UP,2002-03,Kharif,Rice,124291.2,278990.96,2244.7,627.0,0,32.7,0,11031.12,4633.07,1985.6,74.1,69.5,142.0,2.38,-39.76,32.7,71.34
Uttar Pradesh,Gorakhpur,Eastern UP,2002-03,Rabi,Wheat,88314.2,199455.51,2258.5,44.1,0,32.2,2,10127.62,4557.43,1519.14,74.1,69.5,183.48,2.22,-6.41,35.42,71.34
Uttar Pradesh,Gorakhpur,Eastern UP,2003-04,Kharif,Rice,92039.3,201638.65,2190.8,949.9,4,35.6,0,9070.54,3809.63,1632.7,72.5,69.9,157.68,2.38,-8.74,35.6,70.94
Uttar Pradesh,Gorakhpur,Eastern UP,2003-04,Rabi,Wheat,87349.6,216447.48,2477.9,80.9,0,29.0,0,11422.44,5140.1,1713.37,72.5,69.9,209.23,2.22,71.68,29.0,70.94
Uttar Pradesh,Gorakhpur,Eastern UP,2004-05,Kharif,Rice,107387.5,223399.93,2080.3,839.3,4,34.1,0,11141.95,4679.62,2005.55,67.9,71.1,166.01,2.38,-19.36,34.1,69.82
Uttar Pradesh,Gorakhpur,Eastern UP,2004-05,Rabi,Wheat,103023.2,250060.58,2427.2,48.4,0,31.3,0,13213.93,5946.27,1982.09,67.9,71.1,205.22,2.22,2.71,31.3,69.82
Uttar Pradesh,Gorakhpur,Eastern UP,2005-06,Kharif,Rice,109263.7,236372.19,2163.3,1020.9,6,33.7,0,10502.98,4411.25,1890.54,72.1,70.1,153.8,2.38,-1.92,33.7,70.9
Uttar Pradesh,Gorakhpur,Eastern UP,2005-06,Rabi,Wheat,106345.6,242766.58,2282.8,58.4,0,32.9,2,13538.9,6092.5,2030.83,72.1,70.1,203.7,2.22,23.93,36.19,70.9
Uttar Pradesh,Gorakhpur,Eastern UP,2006-07,Kharif,Rice,78378.2,198737.2,2535.6,1103.6,2,33.1,0,7511.56,3154.86,1352.08,69.6,70.7,153.34,2.38,6.03,33.1,70.26
Uttar Pradesh,Gorakhpur,Eastern UP,2006-07,Rabi,Wheat,96526.7,243578.17,2523.4,40.0,0,30.2,0,12907.18,5808.23,1936.08,69.6,70.7,213.95,2.22,-15.11,30.2,70.26
Uttar Pradesh,Gorakhpur,Eastern UP,2007-08,Kharif,Rice,90363.7,194511.69,2152.5,1196.9,6,32.7,0,8948.56,3758.4,1610.74,71.6,73.7,158.45,2.38,14.99,32.7,72.86
Uttar Pradesh,Gorakhpur,Eastern UP,2007-08,Rabi,Wheat,98115.5,212553.12,2166.4,28.8,0,32.3,5,13271.04,5971.97,1990.66,71.6,73.7,216.42,2.22,-38.88,40.38,72.86
Uttar Pradesh,Gorakhpur,Eastern UP,2008-09,Kharif,Rice,88834.3,195567.32,2201.5,1385.8,14,33.5,0,9790.02,4111.81,1762.2,73.5,74.0,176.33,2.38,33.14,33.5,73.8
Uttar Pradesh,Gorakhpur,Eastern UP,2008-09,Rabi,Wheat,99259.2,255382.28,2572.9,75.2,0,30.9,0,13731.88,6179.35,2059.78,73.5,74.0,221.35,2.22,59.59,30.9,73.8
Uttar Pradesh,Gorakhpur,Eastern UP,2009-10,Kharif,Rice,65314.6,150789.08,2308.7,627.4,1,33.0,0,6544.14,2748.54,1177.94,71.5,71.4,160.31,2.38,-39.72,33.0,71.44
Uttar Pradesh,Gorakhpur,Eastern UP,2009-10,Rabi,Wheat,88975.2,238931.32,2685.4,27.0,0,31.0,0,11291.46,5081.16,1693.72,71.5,71.4,203.05,2.22,-42.7,31.0,71.44
Uttar Pradesh,Gorakhpur,Eastern UP,2010-11,Kharif,Rice,108034.1,269461.38,2494.2,1018.3,3,32.9,0,11613.64,4877.73,2090.45,74.8,71.2,172.0,2.38,-2.17,32.9,72.64
Uttar Pradesh,Gorakhpur,Eastern UP,2010-11,Rabi,Wheat,82019.0,214095.71,2610.3,13.9,0,30.2,0,11318.13,5093.16,1697.72,74.8,71.2,220.79,2.22,-70.5,30.2,72.64
Uttar Pradesh,Gorakhpur,Eastern UP,2011-12,Kharif,Rice,86371.1,209237.06,2422.5,1202.4,9,32.3,0,8113.47,3407.66,1460.42,76.7,71.4,150.3,2.38,15.52,32.3,73.52
Uttar Pradesh,Gorakhpur,Eastern UP,2011-12,Rabi,Wheat,90433.1,216780.9,2397.1,41.2,0,31.3,2,12099.35,5444.71,1814.9,76.7,71.4,214.07,2.22,-12.57,34.43,73.52
Uttar Pradesh,Gorakhpur,Eastern UP,2012-13,Kharif,Rice,94674.5,237157.77,2505.0,1159.5,7,32.6,0,9294.23,3903.58,1672.96,74.2,75.5,157.07,2.38,11.4,32.6,74.98
Uttar Pradesh,Gorakhpur,Eastern UP,2012-13,Rabi,Wheat,97452.0,243242.47,2496.0,40.4,0,32.5,2,13018.61,5858.38,1952.79,74.2,75.5,213.74,2.22,-14.27,35.75,74.98
Uttar Pradesh,Gorakhpur,Eastern UP,2013-14,Kharif,Rice,79680.1,204823.3,2570.6,1490.0,7,33.8,0,8836.96,3711.52,1590.65,81.4,72.9,177.45,2.38,43.15,33.8,76.3
Uttar Pradesh,Gorakhpur,Eastern UP,2013-14,Rabi,Wheat,119573.5,325759.2,2724.3,57.2,0,31.7,1,17619.25,7928.66,2642.89,81.4,72.9,235.76,2.22,21.39,33.29,76.3
Uttar Pradesh,Gorakhpur,Eastern UP,2014-15,Kharif,Rice,107507.1,284044.46,2642.1,1066.4,2,32.7,0,11169.54,4691.21,2010.52,84.2,72.6,166.23,2.38,2.46,32.7,77.24
Uttar Pradesh,Gorakhpur,Eastern UP,2014-15,Rabi,Wheat,74541.9,205156.45,2752.2,82.8,0,32.7,3,10505.14,4727.31,1575.77,84.2,72.6,225.49,2.22,75.71,37.6,77.24
Uttar Pradesh,Gorakhpur,Eastern UP,2015-16,Kharif,Rice,65495.0,157764.62,2408.8,690.9,7,31.6,0,7515.99,3156.72,1352.88,77.5,72.9,183.61,2.38,-33.62,31.6,74.74
Uttar Pradesh,Gorakhpur,Eastern UP,2015-16,Rabi,Wheat,104033.2,267750.26,2573.7,62.7,0,32.7,3,15167.22,6825.25,2275.08,77.5,72.9,233.27,2.22,33.06,37.6,74.74
Uttar Pradesh,Gorakhpur,Eastern UP,2016-17,Kharif,Rice,82732.9,207411.65,2507.0,1053.3,7,32.6,0,9304.57,3907.92,1674.82,77.1,73.7,179.94,2.38,1.2,32.6,75.06
Uttar Pradesh,Gorakhpur,Eastern UP,2016-17,Rabi,Wheat,81323.3,233069.67,2866.0,17.8,0,31.0,0,11110.01,4999.5,1666.5,77.1,73.7,218.58,2.22,-62.23,31.0,75.06
Uttar Pradesh,Gorakhpur,Eastern UP,2017-18,Kharif,Rice,101171.0,283362.16,2800.8,1335.0,3,33.2,0,11086.76,4656.44,1995.62,79.1,75.7,175.34,2.38,28.26,33.2,77.06
Uttar Pradesh,Gorakhpur,Eastern UP,2017-18,Rabi,Wheat,112485.2,331517.29,2947.2,72.7,0,31.4,0,16291.5,7331.18,2443.73,79.1,75.7,231.73,2.22,54.28,31.4,77.06
Uttar Pradesh,Gorakhpur,Eastern UP,2018-19,Kharif,Rice,86944.0,227175.33,2612.9,995.8,5,33.3,0,10165.93,4269.69,1829.87,75.9,77.5,187.08,2.38,-4.33,33.3,76.86
Uttar Pradesh,Gorakhpur,Eastern UP,2018-19,Rabi,Wheat,77593.4,220715.56,2844.5,40.3,0,29.6,0,12234.92,5505.71,1835.24,75.9,77.5,252.29,2.22,-14.48,29.6,76.86
Uttar Pradesh,Kushinagar,Eastern UP,1997-98,Kharif,Rice,108984.9,230713.6,2116.9,923.9,3,32.9,0,7928.33,3329.9,1427.1,68.9,69.6,116.4,2.38,-11.98,32.9,69.32
Uttar Pradesh,Kushinagar,Eastern UP,1997-98,Rabi,Wheat,103592.1,205737.85,1986.0,24.3,0,32.0,1,12152.84,5468.78,1822.93,68.9,69.6,187.7,2.22,-53.52,33.6,69.32
Uttar Pradesh,Kushinagar,Eastern UP,1998-99,Kharif,Rice,70142.8,138034.76,1967.9,1194.6,8,32.9,0,6898.23,2897.26,1241.68,69.3,64.7,157.35,2.38,13.81,32.9,66.54
Uttar Pradesh,Kushinagar,Eastern UP,1998-99,Rabi,Wheat,111137.6,224110.79,2016.5,34.2,0,33.2,4,12776.42,5749.39,1916.46,69.3,64.7,183.94,2.22,-34.59,39.84,66.54
Uttar Pradesh,Kushinagar,Eastern UP,1999-00,Kharif,Rice,69462.6,150931.54,2172.8,1220.8,5,33.9,0,6366.9,2674.1,1146.04,67.3,70.7,146.66,2.38,16.3,33.9,69.34
Uttar Pradesh,Kushinagar,Eastern UP,1999-00,Rabi,Wheat,89249.9,185990.47,2083.9,72.9,0,30.6,0,11885.24,5348.36,1782.79,67.3,70.7,213.07,2.22,39.43,30.6,69.34
Uttar Pradesh,Kushinagar,Eastern UP,2000-01,Kharif,Rice,106701.0,209843.95,1966.7,973.4,5,33.2,0,9105.11,3824.15,1638.92,75.6,72.0,136.53,2.38,-7.27,33.2,73.44
Uttar Pradesh,Kushinagar,Eastern UP,2000-01,Rabi,Wheat,110049.0,269905.63,2452.6,91.9,0,29.3,0,14163.49,6373.57,2124.52,75.6,72.0,205.92,2.22,75.77,29.3,73.44
Uttar Pradesh,Kushinagar,Eastern UP,2001-02,Kharif,Rice,90260.5,200628.13,2222.8,1005.3,2,33.7,0,7811.82,3280.96,1406.13,72.7,73.3,138.48,2.38,-4.23,33.7,73.06
Uttar Pradesh,Kushinagar,Eastern UP,2001-02,Rabi,Wheat,91242.5,210040.95,2302.0,71.9,0,31.3,2,10606.72,4773.02,1591.01,72.7,73.3,186.0,2.22,37.52,34.43,73.06
Uttar Pradesh,Kushinagar,Eastern UP,2002-03,Kharif,Rice,90372.3,175062.97,1937.1,819.3,7,34.2,0,10003.06,4201.28,1800.55,72.2,70.3,177.1,2.38,-21.95,34.2,71.06
Uttar Pradesh,Kushinagar,Eastern UP,2002-03,Rabi,Wheat,101680.8,248965.47,2448.5,52.3,0,31.1,0,13425.03,6041.26,2013.75,72.2,70.3,211.25,2.22,0.03,31.1,71.06
Uttar Pradesh,Kushinagar,Eastern UP,2003-04,Kharif,Rice,90289.2,200321.43,2218.7,1096.8,7,32.9,0,7876.46,3308.11,1417.76,70.5,70.8,139.58,2.38,4.49,32.9,70.68
Uttar Pradesh,Kushinagar,Eastern UP,2003-04,Rabi,Wheat,114920.9,280464.27,2440.5,48.1,0,29.7,0,14119.15,6353.62,2117.87,70.5,70.8,196.58,2.22,-8.0,29.7,70.68
Uttar Pradesh,Kushinagar,Eastern UP,2004-05,Kharif,Rice,82647.7,169496.08,2050.8,738.3,7,33.5,0,7783.24,3268.96,1400.98,77.6,71.7,150.68,2.38,-29.66,33.5,74.06
Uttar Pradesh,Kushinagar,Eastern UP,2004-05,Rabi,Wheat,75477.3,180568.0,2392.3,14.6,0,31.7,2,9885.88,4448.65,1482.88,77.6,71.7,209.57,2.22,-72.08,34.87,74.06
Uttar Pradesh,Kushinagar,Eastern UP,2005-06,Kharif,Rice,83806.9,190232.92,2269.9,1099.5,5,34.2,0,7718.04,3241.57,1389.25,70.7,73.0,147.35,2.38,4.75,34.2,72.08
Uttar Pradesh,Kushinagar,Eastern UP,2005-06,Rabi,Wheat,88088.2,204186.22,2318.0,41.5,0,29.6,0,10522.06,4734.93,1578.31,70.7,73.0,191.12,2.22,-20.63,29.6,72.08
Uttar Pradesh,Kushinagar,Eastern UP,2006-07,Kharif,Rice,104653.3,227629.36,2175.1,1017.8,6,33.0,0,10448.66,4388.44,1880.76,69.7,69.9,159.75,2.38,-3.04,33.0,69.82
Uttar Pradesh,Kushinagar,Eastern UP,2006-07,Rabi,Wheat,104824.0,260412.67,2484.3,50.2,0,30.1,0,13919.27,6263.67,2087.89,69.7,69.9,212.46,2.22,-3.99,30.1,69.82
Uttar Pradesh,Kushinagar,Eastern UP,2007-08,Kharif,Rice,81518.9,174787.7,2144.1,1072.9,8,33.5,0,7966.66,3346.0,1434.0,73.5,70.6,156.36,2.38,2.21,33.5,71.76
Uttar Pradesh,Kushinagar,Eastern UP,2007-08,Rabi,Wheat,90591.2,185674.23,2049.6,52.3,0,32.4,4,12791.15,5756.02,1918.67,73.5,70.6,225.91,2.22,0.03,38.88,71.76
Uttar Pradesh,Kushinagar,Eastern UP,2008-09,Kharif,Rice,91673.0,193702.82,2113.0,1377.2,8,31.6,0,10641.8,4469.56,1915.52,73.3,69.7,185.73,2.38,31.2,31.6,71.14
Uttar Pradesh,Kushinagar,Eastern UP,2008-09,Rabi,Wheat,91875.4,222161.01,2418.1,94.9,0,31.8,1,13380.21,6021.1,2007.03,73.3,69.7,233.01,2.22,81.5,33.39,71.14
Uttar Pradesh,Kushinagar,Eastern UP,2009-10,Kharif,Rice,93195.2,219919.03,2359.8,680.3,0,32.8,0,8455.78,3551.43,1522.04,68.0,71.3,145.17,2.38,-35.19,32.8,69.98
Uttar Pradesh,Kushinagar,Eastern UP,2009-10,Rabi,Wheat,110865.0,265333.61,2393.3,26.9,0,31.2,0,17354.77,7809.64,2603.21,68.0,71.3,250.46,2.22,-48.55,31.2,69.98
Uttar Pradesh,Kushinagar,Eastern UP,2010-11,Kharif,Rice,85680.2,203765.98,2378.2,967.2,6,33.8,0,8449.28,3548.7,1520.87,78.5,73.4,157.78,2.38,-7.86,33.8,75.44
Uttar Pradesh,Kushinagar,Eastern UP,2010-11,Rabi,Wheat,94144.7,237619.7,2524.0,43.4,0,30.0,0,12687.06,5709.18,1903.06,78.5,73.4,215.62,2.22,-16.99,30.0,75.44
Uttar Pradesh,Kushinagar,Eastern UP,2011-12,Kharif,Rice,101792.2,276797.51,2719.2,1058.6,3,35.4,0,8809.4,3699.95,1585.69,74.8,74.4,138.47,2.38,0.85,35.4,74.56
Uttar Pradesh,Kushinagar,Eastern UP,2011-12,Rabi,Wheat,103425.7,263984.01,2552.4,37.7,0,32.2,2,13781.42,6201.64,2067.21,74.8,74.4,213.2,2.22,-27.9,35.42,74.56
Uttar Pradesh,Kushinagar,Eastern UP,2012-13,Kharif,Rice,95143.1,235560.52,2475.9,1175.9,5,32.9,0,9828.68,4128.05,1769.16,71.9,74.8,165.29,2.38,12.03,32.9,73.64
Uttar Pradesh,Kushinagar,Eastern UP,2012-13,Rabi,Wheat,106066.4,303892.02,2865.1,32.8,0,30.0,0,13053.2,5873.94,1957.98,71.9,74.8,196.91,2.22,-37.27,30.0,73.64
Uttar Pradesh,Kushinagar,Eastern UP,2013-14,Kharif,Rice,72653.5,185764.37,2556.9,1464.1,4,33.1,0,8200.99,3444.42,1476.18,74.4,73.5,180.61,2.38,39.48,33.1,73.86
Uttar Pradesh,Kushinagar,Eastern UP,2013-14,Rabi,Wheat,94329.7,234162.84,2482.4,83.1,0,33.3,3,12031.8,5414.31,1804.77,74.4,73.5,204.08,2.22,58.94,38.29,73.86
Uttar Pradesh,Kushinagar,Eastern UP,2014-15,Kharif,Rice,80982.9,205412.43,2536.5,921.3,4,33.8,0,9407.8,3951.27,1693.4,72.8,72.2,185.87,2.38,-12.23,33.8,72.44
Uttar Pradesh,Kushinagar,Eastern UP,2014-15,Rabi,Wheat,85810.3,238908.51,2784.1,25.5,0,30.1,0,12379.88,5570.95,1856.98,72.8,72.2,230.83,2.22,-51.23,30.1,72.44
Uttar Pradesh,Kushinagar,Eastern UP,2015-16,Kharif,Rice,86207.3,208485.88,2418.4,600.7,3,33.3,0,9120.06,3830.42,1641.61,75.2,74.7,169.27,2.38,-42.77,33.3,74.9
Uttar Pradesh,Kushinagar,Eastern UP,2015-16,Rabi,Wheat,87627.1,258507.09,2950.1,29.9,0,29.7,0,11742.12,5283.96,1761.32,75.2,74.7,214.4,2.22,-42.81,29.7,74.9
Uttar Pradesh,Kushinagar,Eastern UP,2016-17,Kharif,Rice,88293.3,203859.58,2308.9,1037.4,9,33.7,0,10526.01,4420.92,1894.68,76.0,74.6,190.75,2.38,-1.17,33.7,75.16
Uttar Pradesh,Kushinagar,Eastern UP,2016-17,Rabi,Wheat,115040.5,319654.28,2778.6,99.1,0,32.1,1,14813.04,6665.87,2221.96,76.0,74.6,206.02,2.22,89.54,33.71,75.16
Uttar Pradesh,Kushinagar,Eastern UP,2017-18,Kharif,Rice,108632.1,249454.01,2296.3,1504.6,8,33.2,0,12693.33,5331.2,2284.8,77.4,71.5,186.96,2.38,43.34,33.2,73.86
Uttar Pradesh,Kushinagar,Eastern UP,2017-18,Rabi,Wheat,72292.5,185854.11,2570.9,78.1,0,32.5,3,11525.43,5186.44,1728.81,77.4,71.5,255.08,2.22,49.37,37.38,73.86
Uttar Pradesh,Kushinagar,Eastern UP,2018-19,Kharif,Rice,80427.5,205288.64,2552.5,994.4,6,33.0,0,8084.26,3395.39,1455.17,72.1,74.2,160.83,2.38,-5.27,33.0,73.36
Uttar Pradesh,Kushinagar,Eastern UP,2018-19,Rabi,Wheat,86167.7,200362.88,2325.3,59.0,0,32.9,5,11891.86,5351.34,1783.78,72.1,74.2,220.81,2.22,12.84,41.12,73.36
Uttar Pradesh,Deoria,Eastern UP,1997-98,Kharif,Rice,102728.7,186640.91,1816.8,1121.0,10,33.6,0,8965.77,3765.62,1613.84,71.1,69.1,139.64,2.38,5.19,33.6,69.9
Uttar Pradesh,Deoria,Eastern UP,1997-98,Rabi,Wheat,98274.7,209582.62,2132.6,21.6,0,33.1,3,10739.08,4832.59,1610.86,71.1,69.1,174.84,2.22,-57.89,38.06,69.9
Uttar Pradesh,Deoria,Eastern UP,1998-99,Kharif,Rice,79260.1,200283.67,2526.9,1072.0,4,33.9,0,8019.7,3368.27,1443.55,67.7,71.7,161.89,2.38,0.59,33.9,70.1
Uttar Pradesh,Deoria,Eastern UP,1998-99,Rabi,Wheat,101857.3,223565.95,2194.9,82.4,0,31.8,1,11101.48,4995.67,1665.22,67.7,71.7,174.38,2.22,60.66,33.39,70.1
Uttar Pradesh,Deoria,Eastern UP,1999-00,Kharif,Rice,98782.9,219644.91,2223.5,1247.4,9,33.1,0,10615.97,4458.71,1910.87,72.3,67.2,171.95,2.38,17.05,33.1,69.24
Uttar Pradesh,Deoria,Eastern UP,1999-00,Rabi,Wheat,98003.0,224505.94,2290.8,73.1,0,31.9,2,11200.43,5040.19,1680.06,72.3,67.2,182.86,2.22,42.53,35.09,69.24
Uttar Pradesh,Deoria,Eastern UP,2000-01,Kharif,Rice,90830.4,204704.33,2253.7,1028.8,7,30.9,0,7746.5,3253.53,1394.37,71.7,70.3,136.46,2.38,-3.46,30.9,70.86
Uttar Pradesh,Deoria,Eastern UP,2000-01,Rabi,Wheat,87611.7,221693.33,2530.4,54.6,0,28.2,0,10531.12,4739.0,1579.67,71.7,70.3,192.32,2.22,6.46,28.2,70.86
Uttar Pradesh,Deoria,Eastern UP,2001-02,Kharif,Rice,98170.7,209105.95,2130.0,1109.3,9,33.2,0,8475.17,3559.57,1525.53,69.0,67.8,138.13,2.38,4.09,33.2,68.28
Uttar Pradesh,Deoria,Eastern UP,2001-02,Rabi,Wheat,101423.4,244892.8,2414.6,44.7,0,31.1,0,13580.4,6111.18,2037.06,69.0,67.8,214.24,2.22,-12.85,31.1,68.28
Uttar Pradesh,Deoria,Eastern UP,2002-03,Kharif,Rice,95106.1,242632.75,2551.2,717.4,1,32.5,0,7400.24,3108.1,1332.04,71.7,72.4,124.5,2.38,-32.68,32.5,72.12
Uttar Pradesh,Deoria,Eastern UP,2002-03,Rabi,Wheat,95707.0,241261.89,2520.8,39.3,0,31.8,2,11378.75,5120.44,1706.81,71.7,72.4,190.23,2.22,-23.38,34.98,72.12
Uttar Pradesh,Deoria,Eastern UP,2003-04,Kharif,Rice,82378.1,207865.82,2523.3,1025.2,5,33.0,0,7601.77,3192.74,1368.32,72.1,72.3,147.65,2.38,-3.8,33.0,72.22
Uttar Pradesh,Deoria,Eastern UP,2003-04,Rabi,Wheat,132623.0,297612.12,2244.0,62.8,0,31.6,5,18157.13,8170.71,2723.57,72.1,72.3,219.05,2.22,22.44,39.5,72.22
Uttar Pradesh,Deoria,Eastern UP,2004-05,Kharif,Rice,106490.0,239382.2,2247.9,632.3,3,32.6,0,9176.75,3854.23,1651.81,77.0,72.6,137.88,2.38,-40.67,32.6,74.36
Uttar Pradesh,Deoria,Eastern UP,2004-05,Rabi,Wheat,113471.9,301964.41,2661.1,52.3,0,31.7,2,15219.6,6848.82,2282.94,77.0,72.6,214.6,2.22,1.97,34.87,74.36
Uttar Pradesh,Deoria,Eastern UP,2005-06,Kharif,Rice,92723.7,236711.96,2552.9,1166.2,3,33.0,0,8629.45,3624.37,1553.3,72.8,71.5,148.91,2.38,9.43,33.0,72.02
Uttar Pradesh,Deoria,Eastern UP,2005-06,Rabi,Wheat,120531.3,0.0,2451.1,76.0,0,34.2,8,14890.37,6700.67,2233.56,72.8,71.5,197.66,2.22,48.18,47.88,72.02
Uttar Pradesh,Deoria,Eastern UP,2006-07,Kharif,Rice,104617.6,275626.86,2634.6,1185.4,3,33.7,0,11161.58,4687.86,2009.08,72.4,70.1,170.7,2.38,11.24,33.7,71.02
Uttar Pradesh,Deoria,Eastern UP,2006-07,Rabi,Wheat,115116.9,295863.35,2570.1,54.9,0,31.7,3,15161.21,6822.54,2274.18,72.4,70.1,210.72,2.22,7.04,36.45,71.02
Uttar Pradesh,Deoria,Eastern UP,2007-08,Kharif,Rice,94048.5,244956.3,2604.6,1103.5,5,33.9,0,10065.2,4227.39,1811.74,69.6,74.0,171.23,2.38,3.55,33.9,72.24
Uttar Pradesh,Deoria,Eastern UP,2007-08,Rabi,Wheat,118894.3,317707.03,2672.2,46.5,0,31.2,0,16850.9,7582.9,2527.63,69.6,74.0,226.77,2.22,-9.34,31.2,72.24
Uttar Pradesh,Deoria,Eastern UP,2008-09,Kharif,Rice,104246.3,286832.7,2751.5,1377.2,6,33.4,0,11865.69,4983.59,2135.82,69.1,72.1,182.12,2.38,29.23,33.4,70.9
Uttar Pradesh,Deoria,Eastern UP,2008-09,Rabi,Wheat,97763.8,188252.41,1925.6,69.4,0,32.7,9,13791.48,6206.16,2068.72,69.1,72.1,225.71,2.22,35.31,47.41,70.9
Uttar Pradesh,Deoria,Eastern UP,2009-10,Kharif,Rice,117700.1,292612.59,2486.1,695.0,1,33.7,0,11198.22,4703.25,2015.68,75.9,71.7,152.23,2.38,-34.78,33.7,73.38
Uttar Pradesh,Deoria,Eastern UP,2009-10,Rabi,Wheat,84187.0,241907.73,2873.5,16.0,0,30.9,0,11453.34,5154.0,1718.0,75.9,71.7,217.67,2.22,-68.8,30.9,73.38
Uttar Pradesh,Deoria,Eastern UP,2010-11,Kharif,Rice,111721.5,289223.37,2588.8,1213.8,7,32.6,0,11089.7,4657.68,1996.15,74.9,73.8,158.82,2.38,13.9,32.6,74.24
Uttar Pradesh,Deoria,Eastern UP,2010-11,Rabi,Wheat,98772.2,284258.72,2877.9,60.7,0,31.2,0,12213.27,5495.97,1831.99,74.9,73.8,197.84,2.22,18.35,31.2,74.24
Uttar Pradesh,Deoria,Eastern UP,2011-12,Kharif,Rice,94417.6,246449.28,2610.2,1068.4,3,31.5,0,10474.96,4399.48,1885.49,74.6,72.6,177.51,2.38,0.26,31.5,73.4
Uttar Pradesh,Deoria,Eastern UP,2011-12,Rabi,Wheat,120875.8,352408.86,2915.5,32.4,0,29.6,0,16339.26,7352.67,2450.89,74.6,72.6,216.28,2.22,-36.83,29.6,73.4
Uttar Pradesh,Deoria,Eastern UP,2012-13,Kharif,Rice,86021.2,214345.76,2491.8,987.7,9,31.9,0,9585.63,4025.96,1725.41,78.1,73.5,178.29,2.38,-7.32,31.9,75.34
Uttar Pradesh,Deoria,Eastern UP,2012-13,Rabi,Wheat,93359.3,274266.87,2937.8,52.4,0,32.1,2,13207.24,5943.26,1981.09,78.1,73.5,226.35,2.22,2.17,35.31,75.34
Uttar Pradesh,Deoria,Eastern UP,2013-14,Kharif,Rice,67884.6,184990.6,2725.1,1481.8,3,32.7,0,6498.23,2729.25,1169.68,77.6,70.7,153.16,2.38,39.05,32.7,73.46
Uttar Pradesh,Deoria,Eastern UP,2013-14,Rabi,Wheat,99999.6,299763.58,2997.6,80.8,0,31.9,1,14529.89,6538.45,2179.48,77.6,70.7,232.48,2.22,57.54,33.49,73.46
Uttar Pradesh,Deoria,Eastern UP,2014-15,Kharif,Rice,57405.9,155649.45,2711.4,1030.1,6,33.7,0,6023.58,2529.9,1084.24,76.8,77.8,167.89,2.38,-3.34,33.7,77.4
Uttar Pradesh,Deoria,Eastern UP,2014-15,Rabi,Wheat,99101.9,281911.43,2844.7,27.5,0,32.0,2,12875.95,5794.18,1931.39,76.8,77.8,207.88,2.22,-46.38,35.2,77.4
Uttar Pradesh,Deoria,Eastern UP,2015-16,Kharif,Rice,96762.8,263087.92,2718.9,661.4,4,34.0,0,10646.28,4471.44,1916.33,77.2,72.7,176.04,2.38,-37.94,34.0,74.5
Uttar Pradesh,Deoria,Eastern UP,2015-16,Rabi,Wheat,106753.2,295113.4,2764.4,19.7,0,32.8,2,14337.42,6451.84,2150.61,77.2,72.7,214.89,2.22,-61.59,36.08,74.5
Uttar Pradesh,Deoria,Eastern UP,2016-17,Kharif,Rice,79071.4,206529.24,2611.9,815.9,7,33.6,0,8900.8,3738.33,1602.14,75.3,78.7,180.11,2.38,-23.44,33.6,77.34
Uttar Pradesh,Deoria,Eastern UP,2016-17,Rabi,Wheat,112052.4,337276.74,3010.0,80.8,0,30.5,0,17088.72,7689.92,2563.31,75.3,78.7,244.01,2.22,57.54,30.5,77.34
Uttar Pradesh,Deoria,Eastern UP,2017-18,Kharif,Rice,91888.3,253069.65,2754.1,1420.1,6,32.7,0,10016.21,4206.81,1802.92,81.7,74.1,174.41,2.38,33.26,32.7,77.14
Uttar Pradesh,Deoria,Eastern UP,2017-18,Rabi,Wheat,84370.8,285654.42,3385.7,65.9,0,30.6,0,12961.23,5832.55,1944.18,81.7,74.1,245.8,2.22,28.49,30.6,77.14
Uttar Pradesh,Deoria,Eastern UP,2018-19,Kharif,Rice,89228.3,262842.03,2945.7,1182.7,4,31.2,0,10365.93,4353.69,1865.87,78.1,74.0,185.88,2.38,10.98,31.2,75.64
Uttar Pradesh,Deoria,Eastern UP,2018-19,Rabi,Wheat,109506.5,330219.57,3015.5,35.8,0,32.6,4,15089.21,6790.14,2263.38,78.1,74.0,220.47,2.22,-30.2,39.12,75.64
Uttar Pradesh,Maharajganj,Eastern UP,1997-98,Kharif,Rice,77522.7,163491.72,2109.0,1073.7,6,32.5,0,6818.96,2863.96,1227.41,61.9,69.6,140.74,2.38,2.01,32.5,66.52
Uttar Pradesh,Maharajganj,Eastern UP,1997-98,Rabi,Wheat,93730.1,195189.3,2082.5,42.3,0,30.7,0,12516.79,5632.56,1877.52,61.9,69.6,213.67,2.22,-13.29,30.7,66.52
Uttar Pradesh,Maharajganj,Eastern UP,1998-99,Kharif,Rice,75994.3,164993.43,2171.1,961.7,3,34.3,0,6855.76,2879.42,1234.04,68.1,66.3,144.34,2.38,-8.63,34.3,67.02
Uttar Pradesh,Maharajganj,Eastern UP,1998-99,Rabi,Wheat,90885.2,203574.04,2239.9,60.9,0,32.7,3,9613.3,4325.98,1441.99,68.1,66.3,169.24,2.22,24.83,37.6,67.02
Uttar Pradesh,Maharajganj,Eastern UP,1999-00,Kharif,Rice,69215.6,157768.76,2279.4,999.9,3,33.3,0,6519.32,2738.11,1173.48,71.4,69.4,150.7,2.38,-5.0,33.3,70.2
Uttar Pradesh,Maharajganj,Eastern UP,1999-00,Rabi,Wheat,116402.5,243784.02,2094.3,62.7,0,31.7,2,15599.96,7019.98,2339.99,71.4,69.4,214.43,2.22,28.52,34.87,70.2
Uttar Pradesh,Maharajganj,Eastern UP,2000-01,Kharif,Rice,97629.4,198865.59,2036.9,1126.1,8,33.3,0,8388.89,3523.33,1510.0,70.6,69.8,137.48,2.38,6.99,33.3,70.12
Uttar Pradesh,Maharajganj,Eastern UP,2000-01,Rabi,Wheat,93988.8,197781.28,2104.3,37.0,0,33.1,4,11257.24,5065.76,1688.59,70.6,69.8,191.64,2.22,-24.16,39.72,70.12
Uttar Pradesh,Maharajganj,Eastern UP,2001-02,Kharif,Rice,94615.9,201102.68,2125.5,963.5,6,34.0,0,7274.21,3055.17,1309.36,64.3,69.0,123.01,2.38,-8.46,34.0,67.12
Uttar Pradesh,Maharajganj,Eastern UP,2001-02,Rabi,Wheat,102684.0,239658.41,2333.9,46.8,0,30.1,0,12730.68,5728.81,1909.6,64.3,69.0,198.37,2.22,-4.07,30.1,67.12
Uttar Pradesh,Maharajganj,Eastern UP,2002-03,Kharif,Rice,115933.2,257124.1,2217.9,582.7,3,33.2,0,11218.15,4711.62,2019.27,73.6,69.6,154.82,2.38,-44.64,33.2,71.2
Uttar Pradesh,Maharajganj,Eastern UP,2002-03,Rabi,Wheat,94788.4,245430.66,2589.2,47.2,0,31.2,0,12194.41,5487.49,1829.16,73.6,69.6,205.84,2.22,-3.25,31.2,71.2
Uttar Pradesh,Maharajganj,Eastern UP,2003-04,Kharif,Rice,81815.7,195360.08,2387.8,1000.1,2,34.1,0,8382.18,3520.52,1508.79,70.3,70.2,163.92,2.38,-4.98,34.1,70.24
Uttar Pradesh,Maharajganj,Eastern UP,2003-04,Rabi,Wheat,94241.9,196393.0,2083.9,73.6,0,31.9,2,11404.16,5131.87,1710.62,70.3,70.2,193.62,2.22,50.87,35.09,70.24
Uttar Pradesh,Maharajganj,Eastern UP,2004-05,Kharif,Rice,110257.1,282154.23,2559.1,733.2,3,33.2,0,11234.88,4718.65,2022.28,69.2,72.5,163.04,2.38,-30.34,33.2,71.18
Uttar Pradesh,Maharajganj,Eastern UP,2004-05,Rabi,Wheat,107574.9,260253.12,2419.3,19.1,0,29.6,0,13586.25,6113.81,2037.94,69.2,72.5,202.07,2.22,-60.85,29.6,71.18
Uttar Pradesh,Maharajganj,Eastern UP,2005-06,Kharif,Rice,103461.3,228612.55,2209.6,824.4,9,32.8,0,9782.5,4108.65,1760.85,74.2,69.0,151.28,2.38,-21.67,32.8,71.08
Uttar Pradesh,Maharajganj,Eastern UP,2005-06,Rabi,Wheat,87049.7,203455.76,2337.2,52.6,0,32.3,2,12474.55,5613.55,1871.18,74.2,69.0,229.29,2.22,7.82,35.53,71.08
Uttar Pradesh,Maharajganj,Eastern UP,2006-07,Kharif,Rice,105837.0,248003.87,2343.3,1185.3,3,32.5,0,9438.74,3964.27,1698.97,69.9,71.1,142.69,2.38,12.62,32.5,70.62
Uttar Pradesh,Maharajganj,Eastern UP,2006-07,Rabi,Wheat,111540.1,262283.16,2351.5,56.4,0,30.1,0,14228.14,6402.66,2134.22,69.9,71.1,204.1,2.22,15.61,30.1,70.62
Uttar Pradesh,Maharajganj,Eastern UP,2007-08,Kharif,Rice,99852.8,216355.22,2166.7,1062.3,7,32.8,0,8828.84,3708.11,1589.19,70.3,71.8,141.47,2.38,0.93,32.8,71.2
Uttar Pradesh,Maharajganj,Eastern UP,2007-08,Rabi,Wheat,128921.6,334466.14,2594.3,86.4,0,34.1,1,17790.09,8005.54,2668.51,70.3,71.8,220.79,2.22,77.1,35.8,71.2
Uttar Pradesh,Maharajganj,Eastern UP,2008-09,Kharif,Rice,72370.4,162117.45,2240.1,1273.4,5,34.1,0,6392.02,2684.65,1150.56,75.5,77.1,141.32,2.38,20.99,34.1,76.46
Uttar Pradesh,Maharajganj,Eastern UP,2008-09,Rabi,Wheat,64114.1,139144.98,2170.3,81.1,0,33.9,7,8698.78,3914.45,1304.82,75.5,77.1,217.08,2.22,66.24,45.77,76.46
Uttar Pradesh,Maharajganj,Eastern UP,2009-10,Kharif,Rice,83471.6,214175.04,2565.8,705.4,0,33.7,0,9606.61,4034.77,1729.19,68.1,73.7,184.14,2.38,-32.98,33.7,71.46
Uttar Pradesh,Maharajganj,Eastern UP,2009-10,Rabi,Wheat,76817.8,187940.19,2446.6,28.0,0,31.5,0,9559.07,4301.58,1433.86,68.1,73.7,199.1,2.22,-42.61,31.5,71.46
Uttar Pradesh,Maharajganj,Eastern UP,2010-11,Kharif,Rice,95547.4,243127.94,2544.6,1128.8,3,35.3,0,8979.22,3771.27,1616.26,71.7,76.2,150.36,2.38,7.25,35.3,74.4
Uttar Pradesh,Maharajganj,Eastern UP,2010-11,Rabi,Wheat,91023.0,238892.04,2624.5,54.2,0,30.3,0,12516.58,5632.46,1877.49,71.7,76.2,220.02,2.22,11.1,30.3,74.4
Uttar Pradesh,Maharajganj,Eastern UP,2011-12,Kharif,Rice,100391.8,271497.47,2704.4,1106.4,5,32.6,0,9124.86,3832.44,1642.48,72.1,74.3,145.43,2.38,5.12,32.6,73.42
Uttar Pradesh,Maharajganj,Eastern UP,2011-12,Rabi,Wheat,101224.7,257266.98,2541.5,34.6,0,29.7,0,14159.82,6371.92,2123.97,72.1,74.3,223.82,2.22,-29.08,29.7,73.42
Uttar Pradesh,Maharajganj,Eastern UP,2012-13,Kharif,Rice,90013.8,218660.08,2429.2,1239.2,10,33.4,0,9865.14,4143.36,1775.73,78.5,74.8,175.35,2.38,17.74,33.4,76.28
Uttar Pradesh,Maharajganj,Eastern UP,2012-13,Rabi,Wheat,78033.3,217893.0,2792.3,48.9,0,30.5,0,11393.63,5127.13,1709.04,78.5,74.8,233.62,2.22,0.24,30.5,76.28
Uttar Pradesh,Maharajganj,Eastern UP,2013-14,Kharif,Rice,93549.4,216607.53,2315.4,1583.6,11,34.1,0,10320.76,4334.72,1857.74,71.2,72.3,176.52,2.38,50.46,34.1,71.86
Uttar Pradesh,Maharajganj,Eastern UP,2013-14,Rabi,Wheat,108026.8,288810.58,2673.5,40.1,0,30.2,0,14815.04,6666.77,2222.26,71.2,72.3,219.43,2.22,-17.8,30.2,71.86
Uttar Pradesh,Maharajganj,Eastern UP,2014-15,Kharif,Rice,88242.9,220312.02,2496.7,1245.9,6,33.5,0,9662.85,4058.4,1739.31,71.6,73.8,175.2,2.38,18.38,33.5,72.92
Uttar Pradesh,Maharajganj,Eastern UP,2014-15,Rabi,Wheat,85979.6,204737.15,2381.2,77.0,0,31.9,3,11358.48,5111.32,1703.77,71.6,73.8,211.37,2.22,57.83,36.68,72.92
Uttar Pradesh,Maharajganj,Eastern UP,2015-16,Kharif,Rice,83804.0,217418.31,2594.4,647.7,3,32.7,0,8555.03,3593.11,1539.91,72.1,73.3,163.33,2.38,-38.46,32.7,72.82
Uttar Pradesh,Maharajganj,Eastern UP,2015-16,Rabi,Wheat,108510.2,302639.04,2789.0,20.2,0,31.2,1,15103.35,6796.51,2265.5,72.1,73.3,222.7,2.22,-58.59,32.76,72.82
Uttar Pradesh,Maharajganj,Eastern UP,2016-17,Kharif,Rice,93335.2,196319.03,2103.4,1110.0,14,33.7,0,10816.54,4542.95,1946.98,78.6,74.0,185.42,2.38,5.46,33.7,75.84
Uttar Pradesh,Maharajganj,Eastern UP,2016-17,Rabi,Wheat,112762.3,295505.47,2620.6,37.8,0,34.1,3,14764.11,6643.85,2214.62,78.6,74.0,209.49,2.22,-22.52,39.21,75.84
Uttar Pradesh,Maharajganj,Eastern UP,2017-18,Kharif,Rice,94542.8,232385.4,2458.0,1349.6,6,32.8,0,10843.78,4554.39,1951.88,83.0,76.9,183.52,2.38,28.23,32.8,79.34
Uttar Pradesh,Maharajganj,Eastern UP,2017-18,Rabi,Wheat,90348.9,275925.8,3054.0,56.2,0,29.8,0,12977.64,5839.94,1946.65,83.0,76.9,229.82,2.22,15.2,29.8,79.34
Uttar Pradesh,Maharajganj,Eastern UP,2018-19,Kharif,Rice,90031.3,225247.21,2501.9,1046.1,7,33.5,0,8541.39,3587.38,1537.45,75.8,77.6,151.79,2.38,-0.61,33.5,76.88
Uttar Pradesh,Maharajganj,Eastern UP,2018-19,Rabi,Wheat,117517.1,329350.5,2802.6,38.2,0,27.4,0,17571.82,7907.32,2635.77,75.8,77.6,239.24,2.22,-21.7,27.4,76.88
Uttar Pradesh,Azamgarh,Eastern UP,1997-98,Kharif,Rice,89851.8,152230.04,1694.2,1042.6,8,32.5,0,7567.7,3178.44,1362.19,67.8,67.9,134.76,2.38,-0.87,32.5,67.86
Uttar Pradesh,Azamgarh,Eastern UP,1997-98,Rabi,Wheat,98161.1,201314.76,2050.9,74.2,0,31.0,0,12042.66,5419.2,1806.4,67.8,67.9,196.29,2.22,43.18,31.0,67.86
Uttar Pradesh,Azamgarh,Eastern UP,1998-99,Kharif,Rice,77586.4,162565.63,2095.3,924.8,10,33.5,0,6476.93,2720.31,1165.85,68.3,69.2,133.57,2.38,-12.07,33.5,68.84
Uttar Pradesh,Azamgarh,Eastern UP,1998-99,Rabi,Wheat,115326.5,238129.02,2064.8,49.5,0,28.3,0,13411.66,6035.25,2011.75,68.3,69.2,186.07,2.22,-4.48,28.3,68.84
Uttar Pradesh,Azamgarh,Eastern UP,1999-00,Kharif,Rice,83748.3,186863.82,2231.3,1075.0,3,32.5,0,7641.31,3209.35,1375.44,67.5,70.1,145.99,2.38,2.21,32.5,69.06
Uttar Pradesh,Azamgarh,Eastern UP,1999-00,Rabi,Wheat,94311.3,195129.87,2069.0,62.2,0,30.7,0,11630.81,5233.86,1744.62,67.5,70.1,197.32,2.22,20.03,30.7,69.06
Uttar Pradesh,Azamgarh,Eastern UP,2000-01,Kharif,Rice,86705.3,165793.99,1912.2,1201.9,7,33.3,0,8092.89,3399.01,1456.72,68.7,69.9,149.34,2.38,14.27,33.3,69.42
Uttar Pradesh,Azamgarh,Eastern UP,2000-01,Rabi,Wheat,82916.7,154669.71,1865.4,60.2,0,33.7,5,10879.92,4895.97,1631.99,68.7,69.9,209.94,2.22,16.17,42.12,69.42
Uttar Pradesh,Azamgarh,Eastern UP,2001-02,Kharif,Rice,89957.6,188890.46,2099.8,1131.1,4,32.8,0,8303.48,3487.46,1494.63,65.3,71.6,147.69,2.38,7.54,32.8,69.08
Uttar Pradesh,Azamgarh,Eastern UP,2001-02,Rabi,Wheat,85714.4,164232.73,1916.0,47.5,0,31.5,1,11394.59,5127.57,1709.19,65.3,71.6,212.7,2.22,-8.34,33.08,69.08
Uttar Pradesh,Azamgarh,Eastern UP,2002-03,Kharif,Rice,79007.2,171313.45,2168.3,681.7,3,34.2,0,7460.74,3133.51,1342.93,71.4,68.9,151.09,2.38,-35.19,34.2,69.9
Uttar Pradesh,Azamgarh,Eastern UP,2002-03,Rabi,Wheat,95617.6,179128.19,1873.4,31.9,0,33.3,5,11522.21,5185.0,1728.33,71.4,68.9,192.8,2.22,-38.44,41.62,69.9
Uttar Pradesh,Azamgarh,Eastern UP,2003-04,Kharif,Rice,68196.2,133799.74,1962.0,1018.1,7,32.2,0,6549.31,2750.71,1178.88,69.5,68.9,153.66,2.38,-3.2,32.2,69.14
Uttar Pradesh,Azamgarh,Eastern UP,2003-04,Rabi,Wheat,89756.1,152892.27,1703.4,52.3,0,32.3,6,9753.44,4389.05,1463.02,69.5,68.9,173.87,2.22,0.92,41.99,69.14
Uttar Pradesh,Azamgarh,Eastern UP,2004-05,Kharif,Rice,103169.0,227484.66,2205.0,669.4,3,33.9,0,8430.14,3540.66,1517.43,69.8,68.0,130.74,2.38,-36.36,33.9,68.72
Uttar Pradesh,Azamgarh,Eastern UP,2004-05,Rabi,Wheat,114953.7,254195.67,2211.3,5.0,0,32.5,2,14764.87,6644.19,2214.73,69.8,68.0,205.51,2.22,-90.35,35.75,68.72
Uttar Pradesh,Azamgarh,Eastern UP,2005-06,Kharif,Rice,82164.5,170341.69,2073.2,1161.5,5,34.0,0,8209.61,3448.04,1477.73,69.9,71.9,159.87,2.38,10.43,34.0,71.1
Uttar Pradesh,Azamgarh,Eastern UP,2005-06,Rabi,Wheat,72658.0,167320.18,2302.8,70.6,0,32.2,0,8131.95,3659.38,1219.79,69.9,71.9,179.07,2.22,36.23,32.2,71.1
Uttar Pradesh,Azamgarh,Eastern UP,2006-07,Kharif,Rice,70502.8,149264.32,2117.1,999.1,8,34.2,0,7133.76,2996.18,1284.08,75.2,76.6,161.89,2.38,-5.01,34.2,76.04
Uttar Pradesh,Azamgarh,Eastern UP,2006-07,Rabi,Wheat,94502.8,186464.54,1973.1,70.8,0,32.4,4,11574.06,5208.33,1736.11,75.2,76.6,195.96,2.22,36.62,38.88,76.04
Uttar Pradesh,Azamgarh,Eastern UP,2007-08,Kharif,Rice,76596.7,172302.74,2249.5,1170.1,7,34.2,0,7615.35,3198.45,1370.76,74.6,72.2,159.07,2.38,11.25,34.2,73.16
Uttar Pradesh,Azamgarh,Eastern UP,2007-08,Rabi,Wheat,101391.2,178228.07,1757.8,41.7,0,34.6,9,14636.14,6586.26,2195.42,74.6,72.2,230.97,2.22,-19.53,50.17,73.16
Uttar Pradesh,Azamgarh,Eastern UP,2008-09,Kharif,Rice,87192.7,182319.19,2091.0,1556.1,10,33.1,0,9179.77,3855.5,1652.36,69.4,73.8,168.45,2.38,47.95,33.1,72.04
Uttar Pradesh,Azamgarh,Eastern UP,2008-09,Rabi,Wheat,109273.2,255485.38,2338.0,67.7,0,31.5,0,14307.71,6438.47,2146.16,69.4,73.8,209.5,2.22,30.64,31.5,72.04
Uttar Pradesh,Azamgarh,Eastern UP,2009-10,Kharif,Rice,75813.3,182429.78,2406.3,708.9,2,33.9,0,7706.93,3236.91,1387.25,75.0,72.2,162.65,2.38,-32.6,33.9,73.32
Uttar Pradesh,Azamgarh,Eastern UP,2009-10,Rabi,Wheat,104806.7,242160.21,2310.5,29.1,0,32.6,2,14414.42,6486.49,2162.16,75.0,72.2,220.05,2.22,-43.85,35.86,73.32
Uttar Pradesh,Azamgarh,Eastern UP,2010-11,Kharif,Rice,81366.1,185877.44,2284.5,1027.4,3,33.2,0,8517.47,3577.34,1533.14,73.7,74.6,167.49,2.38,-2.32,33.2,74.24
Uttar Pradesh,Azamgarh,Eastern UP,2010-11,Rabi,Wheat,97637.2,237588.16,2433.4,62.0,0,30.0,0,11307.84,5088.53,1696.18,73.7,74.6,185.3,2.22,19.64,30.0,74.24
Uttar Pradesh,Azamgarh,Eastern UP,2011-12,Kharif,Rice,108377.3,244450.31,2255.5,1131.4,4,32.5,0,13562.59,5696.29,2441.27,83.0,75.1,200.23,2.38,7.57,32.5,78.26
Uttar Pradesh,Azamgarh,Eastern UP,2011-12,Rabi,Wheat,95137.3,200961.05,2112.3,44.6,0,34.0,6,14442.16,6498.97,2166.32,83.0,75.1,242.89,2.22,-13.94,44.2,78.26
Uttar Pradesh,Azamgarh,Eastern UP,2012-13,Kharif,Rice,92571.7,207684.91,2243.5,993.4,2,34.1,0,10110.72,4246.5,1819.93,72.6,75.8,174.75,2.38,-5.55,34.1,74.52
Uttar Pradesh,Azamgarh,Eastern UP,2012-13,Rabi,Wheat,78094.8,191581.65,2453.2,31.3,0,30.2,0,9801.03,4410.46,1470.15,72.6,75.8,200.8,2.22,-39.6,30.2,74.52
Uttar Pradesh,Azamgarh,Eastern UP,2013-14,Kharif,Rice,88959.3,198498.9,2231.3,1449.2,8,33.4,0,7913.32,3323.59,1424.4,77.6,73.7,142.33,2.38,37.79,33.4,75.26
Uttar Pradesh,Azamgarh,Eastern UP,2013-14,Rabi,Wheat,101243.5,257227.4,2540.7,76.1,0,32.3,2,14003.67,6301.65,2100.55,77.6,73.7,221.31,2.22,46.85,35.53,75.26
Uttar Pradesh,Azamgarh,Eastern UP,2014-15,Kharif,Rice,92721.5,253189.7,2730.6,1146.0,2,33.2,0,9301.06,3906.44,1674.19,76.1,74.6,160.5,2.38,8.96,33.2,75.2
Uttar Pradesh,Azamgarh,Eastern UP,2014-15,Rabi,Wheat,78318.4,214132.77,2734.1,46.4,0,29.9,0,12166.45,5474.9,1824.97,76.1,74.6,248.55,2.22,-10.46,29.9,75.2
Uttar Pradesh,Azamgarh,Eastern UP,2015-16,Kharif,Rice,70542.4,161727.01,2292.6,484.3,1,33.7,0,7461.63,3133.89,1343.09,76.7,72.9,169.24,2.38,-53.95,33.7,74.42
Uttar Pradesh,Azamgarh,Eastern UP,2015-16,Rabi,Wheat,98938.0,221063.52,2234.4,44.5,0,31.5,4,13854.67,6234.6,2078.2,76.7,72.9,224.05,2.22,-14.13,37.8,74.42
Uttar Pradesh,Azamgarh,Eastern UP,2016-17,Kharif,Rice,50463.6,108744.65,2154.9,1015.8,9,33.0,0,5128.51,2153.98,923.13,80.1,72.0,162.6,2.38,-3.42,33.0,75.24
Uttar Pradesh,Azamgarh,Eastern UP,2016-17,Rabi,Wheat,109539.4,279607.07,2552.6,63.5,0,33.4,3,15226.53,6851.94,2283.98,80.1,72.0,222.41,2.22,22.53,38.41,75.24
Uttar Pradesh,Azamgarh,Eastern UP,2017-18,Kharif,Rice,91735.8,215586.4,2350.1,1532.6,9,33.8,0,10510.77,4414.52,1891.94,73.4,75.2,183.32,2.38,45.72,33.8,74.48
Uttar Pradesh,Azamgarh,Eastern UP,2017-18,Rabi,Wheat,74490.9,179623.19,2411.3,65.4,0,33.2,3,10758.0,4841.1,1613.7,73.4,75.2,231.07,2.22,26.2,38.18,74.48
Uttar Pradesh,Azamgarh,Eastern UP,2018-19,Kharif,Rice,94869.0,221553.06,2335.4,1011.1,7,31.5,0,10182.36,4276.59,1832.83,81.5,72.8,171.73,2.38,-3.87,31.5,76.28
Uttar Pradesh,Azamgarh,Eastern UP,2018-19,Rabi,Wheat,111726.1,0.0,2451.1,50.2,0,32.2,2,15727.48,7077.37,2359.12,81.5,72.8,225.23,2.22,-3.13,35.42,76.28
Uttar Pradesh,Mau,Eastern UP,1997-98,Kharif,Rice,71971.7,123716.27,1719.0,906.6,10,34.2,0,6560.36,2755.35,1180.87,70.7,70.3,145.84,2.38,-9.51,34.2,70.46
Uttar Pradesh,Mau,Eastern UP,1997-98,Rabi,Wheat,86732.3,160326.34,1848.5,31.3,0,31.0,0,9083.5,4087.58,1362.53,70.7,70.3,167.57,2.22,-35.72,31.0,70.46
Uttar Pradesh,Mau,Eastern UP,1998-99,Kharif,Rice,82240.2,151885.81,1846.9,1104.2,4,33.3,0,8239.87,3460.75,1483.18,66.6,69.5,160.31,2.38,10.22,33.3,68.34
Uttar Pradesh,Mau,Eastern UP,1998-99,Rabi,Wheat,87112.5,155360.91,1783.5,30.7,0,28.1,0,10700.59,4815.26,1605.09,66.6,69.5,196.54,2.22,-36.95,28.1,68.34
Uttar Pradesh,Mau,Eastern UP,1999-00,Kharif,Rice,98641.8,179085.79,1815.5,1021.6,5,33.1,0,6995.72,2938.2,1259.23,66.2,67.6,113.47,2.38,1.97,33.1,67.04
Uttar Pradesh,Mau,Eastern UP,1999-00,Rabi,Wheat,98804.3,188868.77,1911.5,85.5,0,31.8,1,12486.03,5618.71,1872.9,66.2,67.6,202.19,2.22,75.59,33.39,67.04
Uttar Pradesh,Mau,Eastern UP,2000-01,Kharif,Rice,77551.3,0.0,2271.2,887.2,6,33.1,0,7098.71,2981.46,1277.77,67.8,71.6,146.46,2.38,-11.44,33.1,70.08
Uttar Pradesh,Mau,Eastern UP,2000-01,Rabi,Wheat,72831.5,156066.63,2142.8,73.0,0,29.1,0,8811.46,3965.16,1321.72,67.8,71.6,193.57,2.22,49.92,29.1,70.08
Uttar Pradesh,Mau,Eastern UP,2001-02,Kharif,Rice,81629.3,156965.47,1922.9,1069.4,4,33.7,0,7258.94,3048.76,1306.61,70.7,69.2,142.28,2.38,6.75,33.7,69.8
Uttar Pradesh,Mau,Eastern UP,2001-02,Rabi,Wheat,89987.4,193427.52,2149.5,55.0,0,29.6,0,10675.02,4803.76,1601.25,70.7,69.2,189.8,2.22,12.95,29.6,69.8
Uttar Pradesh,Mau,Eastern UP,2002-03,Kharif,Rice,85392.3,181714.75,2128.0,792.5,5,32.6,0,7340.84,3083.15,1321.35,70.1,71.3,137.55,2.38,-20.89,32.6,70.82
Uttar Pradesh,Mau,Eastern UP,2002-03,Rabi,Wheat,55353.8,102524.4,1852.2,6.4,0,33.7,4,7714.25,3471.41,1157.14,70.1,71.3,222.98,2.22,-86.86,40.44,70.82
Uttar Pradesh,Mau,Eastern UP,2003-04,Kharif,Rice,87296.1,166833.83,1911.1,1040.8,5,33.7,0,8956.45,3761.71,1612.16,72.9,69.5,164.16,2.38,3.89,33.7,70.86
Uttar Pradesh,Mau,Eastern UP,2003-04,Rabi,Wheat,108826.9,241851.43,2222.3,101.6,0,31.4,0,13935.14,6270.81,2090.27,72.9,69.5,204.88,2.22,108.66,31.4,70.86
Uttar Pradesh,Mau,Eastern UP,2004-05,Kharif,Rice,97239.7,190847.86,1962.7,680.1,5,31.8,0,10012.05,4205.06,1802.17,72.0,71.5,164.74,2.38,-32.11,31.8,71.7
Uttar Pradesh,Mau,Eastern UP,2004-05,Rabi,Wheat,67969.2,139933.93,2058.8,33.1,0,31.9,2,9651.49,4343.17,1447.72,72.0,71.5,227.2,2.22,-32.02,35.09,71.7
Uttar Pradesh,Mau,Eastern UP,2005-06,Kharif,Rice,91628.0,193974.56,2117.0,1064.8,5,33.0,0,8691.13,3650.28,1564.4,71.8,71.1,151.76,2.38,6.29,33.0,71.38
Uttar Pradesh,Mau,Eastern UP,2005-06,Rabi,Wheat,96138.1,175165.62,1822.0,19.1,0,33.2,5,9636.36,4336.36,1445.45,71.8,71.1,160.38,2.22,-60.77,41.5,71.38
Uttar Pradesh,Mau,Eastern UP,2006-07,Kharif,Rice,58812.2,113133.22,1923.6,1053.6,5,34.0,0,5669.89,2381.35,1020.58,68.9,70.3,154.25,2.38,5.17,34.0,69.74
Uttar Pradesh,Mau,Eastern UP,2006-07,Rabi,Wheat,93915.7,198192.29,2110.3,11.5,0,31.2,0,11516.13,5182.26,1727.42,68.9,70.3,196.2,2.22,-76.38,31.2,69.74
Uttar Pradesh,Mau,Eastern UP,2007-08,Kharif,Rice,79964.5,174720.33,2185.0,1035.3,6,33.1,0,7410.26,3112.31,1333.85,70.2,71.5,148.27,2.38,3.34,33.1,70.98
Uttar Pradesh,Mau,Eastern UP,2007-08,Rabi,Wheat,92405.0,190835.51,2065.2,86.2,0,30.9,0,13653.57,6144.1,2048.03,70.2,71.5,236.41,2.22,77.03,30.9,70.98
Uttar Pradesh,Mau,Eastern UP,2008-09,Kharif,Rice,74350.6,173502.6,2333.6,1281.0,4,33.6,0,8003.68,3361.55,1440.66,74.4,72.9,172.24,2.38,27.87,33.6,73.5
Uttar Pradesh,Mau,Eastern UP,2008-09,Rabi,Wheat,64116.1,151054.43,2356.0,107.2,0,30.9,0,8506.22,3827.8,1275.93,74.4,72.9,212.27,2.22,120.16,30.9,73.5
Uttar Pradesh,Mau,Eastern UP,2009-10,Kharif,Rice,93680.7,199341.02,2127.9,739.8,2,33.6,0,8807.74,3699.25,1585.39,73.7,72.6,150.43,2.38,-26.15,33.6,73.04
Uttar Pradesh,Mau,Eastern UP,2009-10,Rabi,Wheat,98444.1,214214.54,2176.0,44.6,0,32.1,2,13901.87,6255.84,2085.28,73.7,72.6,225.95,2.22,-8.4,35.31,73.04
Uttar Pradesh,Mau,Eastern UP,2010-11,Kharif,Rice,105164.0,220825.35,2099.8,949.9,5,33.3,0,10872.92,4566.62,1957.12,74.0,70.8,165.42,2.38,-5.18,33.3,72.08
Uttar Pradesh,Mau,Eastern UP,2010-11,Rabi,Wheat,103128.0,249906.24,2423.3,27.3,0,31.8,0,14790.79,6655.86,2218.62,74.0,70.8,229.47,2.22,-43.93,31.8,72.08
Uttar Pradesh,Mau,Eastern UP,2011-12,Kharif,Rice,82927.4,165774.9,1999.0,997.2,7,34.3,0,8231.02,3457.03,1481.58,74.6,73.9,158.81,2.38,-0.46,34.3,74.18
Uttar Pradesh,Mau,Eastern UP,2011-12,Rabi,Wheat,93561.7,205453.92,2195.9,70.8,0,32.2,1,13126.35,5906.86,1968.95,74.6,73.9,224.47,2.22,45.4,33.81,74.18
Uttar Pradesh,Mau,Eastern UP,2012-13,Kharif,Rice,58294.4,118119.69,2026.3,1077.7,3,33.1,0,7012.28,2945.16,1262.21,73.2,71.7,192.47,2.38,7.57,33.1,72.3
Uttar Pradesh,Mau,Eastern UP,2012-13,Rabi,Wheat,99257.1,205578.02,2071.2,54.9,0,31.7,4,14651.58,6593.21,2197.74,73.2,71.7,236.18,2.22,12.75,38.04,72.3
Uttar Pradesh,Mau,Eastern UP,2013-14,Kharif,Rice,79298.7,157434.93,1985.3,1189.6,8,33.4,0,7822.05,3285.26,1407.97,81.2,73.9,157.82,2.38,18.74,33.4,76.82
Uttar Pradesh,Mau,Eastern UP,2013-14,Rabi,Wheat,86692.3,201829.03,2328.1,79.2,0,32.0,3,12032.61,5414.67,1804.89,81.2,73.9,222.07,2.22,62.65,36.8,76.82
Uttar Pradesh,Mau,Eastern UP,2014-15,Kharif,Rice,72098.5,142366.78,1974.6,860.4,10,32.7,0,7887.86,3312.9,1419.81,80.2,71.7,175.05,2.38,-14.12,32.7,75.1
Uttar Pradesh,Mau,Eastern UP,2014-15,Rabi,Wheat,72504.4,185982.74,2565.1,50.2,0,32.2,1,12451.91,5603.36,1867.79,80.2,71.7,274.78,2.22,3.1,33.81,75.1
Uttar Pradesh,Mau,Eastern UP,2015-16,Kharif,Rice,73708.6,151858.65,2060.3,713.1,8,33.4,0,7941.66,3335.5,1429.5,77.5,76.4,172.39,2.38,-28.82,33.4,76.84
Uttar Pradesh,Mau,Eastern UP,2015-16,Rabi,Wheat,93151.7,236661.32,2540.6,28.0,0,30.3,0,14776.66,6649.5,2216.5,77.5,76.4,253.81,2.22,-42.5,30.3,76.84
Uttar Pradesh,Mau,Eastern UP,2016-17,Kharif,Rice,79496.3,182635.18,2297.4,1008.0,6,33.2,0,9568.03,4018.57,1722.25,80.8,74.8,192.57,2.38,0.62,33.2,77.2
Uttar Pradesh,Mau,Eastern UP,2016-17,Rabi,Wheat,79549.3,203417.97,2557.1,35.2,0,29.9,0,12390.57,5575.76,1858.59,80.8,74.8,249.22,2.22,-27.71,29.9,77.2
Uttar Pradesh,Mau,Eastern UP,2017-18,Kharif,Rice,88603.6,189818.85,2142.3,1417.1,11,33.7,0,10289.93,4321.77,1852.19,77.5,73.2,185.82,2.38,41.45,33.7,74.92
Uttar Pradesh,Mau,Eastern UP,2017-18,Rabi,Wheat,77723.5,210520.02,2708.6,67.3,0,31.8,0,11540.49,5193.22,1731.07,77.5,73.2,237.57,2.22,38.21,31.8,74.92
Uttar Pradesh,Mau,Eastern UP,2018-19,Kharif,Rice,87748.4,198902.76,2266.7,932.2,4,32.9,0,9515.63,3996.56,1712.81,80.5,73.9,173.51,2.38,-6.95,32.9,76.54
Uttar Pradesh,Mau,Eastern UP,2018-19,Rabi,Wheat,56090.7,132236.76,2357.6,69.2,0,32.6,3,8272.08,3722.43,1240.81,80.5,73.9,235.96,2.22,42.12,37.49,76.54
Uttar Pradesh,Ballia,Eastern UP,1997-98,Kharif,Rice,110403.8,226621.86,2052.7,1161.0,6,33.7,0,9440.26,3964.91,1699.25,69.6,71.3,136.81,2.38,11.34,33.7,70.62
Uttar Pradesh,Ballia,Eastern UP,1997-98,Rabi,Wheat,102518.9,230035.52,2243.8,21.4,0,31.6,1,12805.98,5762.69,1920.9,69.6,71.3,199.86,2.22,-53.33,33.18,70.62
Uttar Pradesh,Ballia,Eastern UP,1998-99,Kharif,Rice,84120.2,177576.64,2111.0,1018.9,3,34.0,0,8356.65,3509.79,1504.2,68.9,68.2,158.95,2.38,-2.29,34.0,68.48
Uttar Pradesh,Ballia,Eastern UP,1998-99,Rabi,Wheat,95200.8,200130.56,2102.2,45.7,0,31.4,1,10019.39,4508.72,1502.91,68.9,68.2,168.39,2.22,-0.33,32.97,68.48
Uttar Pradesh,Ballia,Eastern UP,1999-00,Kharif,Rice,88886.9,193757.58,2179.8,1015.0,7,32.3,0,8818.66,3703.84,1587.36,67.2,67.3,158.74,2.38,-2.66,32.3,67.26
Uttar Pradesh,Ballia,Eastern UP,1999-00,Rabi,Wheat,100020.1,189831.95,1897.9,50.5,0,32.2,2,11681.34,5256.6,1752.2,67.2,67.3,186.86,2.22,10.14,35.42,67.26
Uttar Pradesh,Ballia,Eastern UP,2000-01,Kharif,Rice,63442.7,129814.89,2046.2,956.6,6,32.1,0,6389.88,2683.75,1150.18,70.0,71.3,161.15,2.38,-8.26,32.1,70.78
Uttar Pradesh,Ballia,Eastern UP,2000-01,Rabi,Wheat,109431.9,252517.1,2307.5,77.3,0,30.3,0,11849.31,5332.19,1777.4,70.0,71.3,173.25,2.22,68.59,30.3,70.78
Uttar Pradesh,Ballia,Eastern UP,2001-02,Kharif,Rice,81270.5,198952.84,2448.0,929.1,1,34.0,0,6822.8,2865.57,1228.1,66.1,71.3,134.32,2.38,-10.9,34.0,69.22
Uttar Pradesh,Ballia,Eastern UP,2001-02,Rabi,Wheat,97693.4,184495.62,1888.5,44.1,0,34.1,4,13370.14,6016.56,2005.52,66.1,71.3,218.97,2.22,-3.82,40.92,69.22
Uttar Pradesh,Ballia,Eastern UP,2002-03,Kharif,Rice,102992.1,220674.43,2142.6,817.4,6,33.5,0,10073.53,4230.88,1813.24,66.9,71.6,156.49,2.38,-21.61,33.5,69.72
Uttar Pradesh,Ballia,Eastern UP,2002-03,Rabi,Wheat,84940.3,188984.52,2224.9,15.4,0,31.6,1,12572.3,5657.54,1885.85,66.9,71.6,236.82,2.22,-66.41,33.18,69.72
Uttar Pradesh,Ballia,Eastern UP,2003-04,Kharif,Rice,73953.7,173462.6,2345.6,1117.1,6,33.1,0,7162.54,3008.27,1289.26,74.6,74.2,154.96,2.38,7.13,33.1,74.36
Uttar Pradesh,Ballia,Eastern UP,2003-04,Rabi,Wheat,90826.7,225950.07,2487.7,32.1,0,31.4,0,12176.19,5479.28,1826.43,74.6,74.2,214.5,2.22,-29.99,31.4,74.36
Uttar Pradesh,Ballia,Eastern UP,2004-05,Kharif,Rice,99550.0,218875.71,2198.7,587.9,1,33.2,0,8707.22,3657.03,1567.3,68.2,70.6,139.95,2.38,-43.62,33.2,69.64
Uttar Pradesh,Ballia,Eastern UP,2004-05,Rabi,Wheat,98788.6,237135.19,2400.4,5.0,0,32.7,0,11925.93,5366.67,1788.89,68.2,70.6,193.15,2.22,-89.1,32.7,69.64
Uttar Pradesh,Ballia,Eastern UP,2005-06,Kharif,Rice,85336.2,176016.5,2062.6,935.5,8,33.8,0,9065.68,3807.58,1631.82,75.2,71.0,169.98,2.38,-10.29,33.8,72.68
Uttar Pradesh,Ballia,Eastern UP,2005-06,Rabi,Wheat,95747.4,243861.25,2546.9,57.9,0,31.3,0,13500.79,6075.36,2025.12,75.2,71.0,225.61,2.22,26.28,31.3,72.68
Uttar Pradesh,Ballia,Eastern UP,2006-07,Kharif,Rice,84400.3,186537.2,2210.1,1086.1,9,33.7,0,7457.29,3132.06,1342.31,76.9,70.5,141.37,2.38,4.16,33.7,73.06
Uttar Pradesh,Ballia,Eastern UP,2006-07,Rabi,Wheat,73124.1,176213.64,2409.8,83.6,0,31.1,0,9251.82,4163.32,1387.77,76.9,70.5,202.44,2.22,82.33,31.1,73.06
Uttar Pradesh,Ballia,Eastern UP,2007-08,Kharif,Rice,80503.0,198600.76,2467.0,1100.4,0,35.0,0,8165.82,3429.64,1469.85,71.2,70.9,162.3,2.38,5.53,35.0,71.02
Uttar Pradesh,Ballia,Eastern UP,2007-08,Rabi,Wheat,93350.7,234369.39,2510.6,43.3,0,31.8,2,12850.04,5782.52,1927.51,71.2,70.9,220.25,2.22,-5.57,34.98,71.02
Uttar Pradesh,Ballia,Eastern UP,2008-09,Kharif,Rice,89947.2,168632.22,1874.8,1404.0,11,34.2,0,8729.18,3666.26,1571.25,74.3,74.0,155.28,2.38,34.64,34.2,74.12
Uttar Pradesh,Ballia,Eastern UP,2008-09,Rabi,Wheat,79931.6,208415.86,2607.4,42.7,0,31.1,0,10247.69,4611.46,1537.15,74.3,74.0,205.13,2.22,-6.87,31.1,74.12
Uttar Pradesh,Ballia,Eastern UP,2009-10,Kharif,Rice,96951.9,221749.72,2287.2,647.9,2,31.9,0,9123.46,3831.85,1642.22,76.9,70.6,150.56,2.38,-37.87,31.9,73.12
Uttar Pradesh,Ballia,Eastern UP,2009-10,Rabi,Wheat,118881.6,321427.06,2703.8,23.5,0,30.1,0,14959.82,6731.92,2243.97,76.9,70.6,201.34,2.22,-48.75,30.1,73.12
Uttar Pradesh,Ballia,Eastern UP,2010-11,Kharif,Rice,116774.5,276203.43,2365.3,955.4,8,33.9,0,11246.23,4723.42,2024.32,71.2,71.3,154.09,2.38,-8.38,33.9,71.26
Uttar Pradesh,Ballia,Eastern UP,2010-11,Rabi,Wheat,105800.8,264215.52,2497.3,51.6,0,32.2,1,13906.44,6257.9,2085.97,71.2,71.3,210.3,2.22,12.54,33.81,71.26
Uttar Pradesh,Ballia,Eastern UP,2011-12,Kharif,Rice,102066.1,274784.7,2692.2,1129.2,4,31.8,0,11519.23,4838.07,2073.46,72.5,75.6,180.58,2.38,8.29,31.8,74.36
Uttar Pradesh,Ballia,Eastern UP,2011-12,Rabi,Wheat,112550.2,292804.75,2601.5,37.0,0,30.3,0,14982.65,6742.19,2247.4,72.5,75.6,212.99,2.22,-19.31,30.3,74.36
Uttar Pradesh,Ballia,Eastern UP,2012-13,Kharif,Rice,127581.6,314539.51,2465.4,1009.1,4,33.2,0,13753.99,5776.68,2475.72,75.0,72.2,172.49,2.38,-3.23,33.2,73.32
Uttar Pradesh,Ballia,Eastern UP,2012-13,Rabi,Wheat,98715.3,215450.49,2182.5,40.0,0,32.9,6,13603.06,6121.37,2040.46,75.0,72.2,220.48,2.22,-12.76,42.77,73.32
Uttar Pradesh,Ballia,Eastern UP,2013-14,Kharif,Rice,74339.6,187587.39,2523.4,1542.9,5,34.6,0,7279.53,3057.4,1310.31,75.3,73.8,156.68,2.38,47.96,34.6,74.4
Uttar Pradesh,Ballia,Eastern UP,2013-14,Rabi,Wheat,101051.8,266941.32,2641.6,59.5,0,32.1,2,14119.74,6353.88,2117.96,75.3,73.8,223.56,2.22,29.77,35.31,74.4
Uttar Pradesh,Ballia,Eastern UP,2014-15,Kharif,Rice,60395.4,148709.19,2462.3,1029.4,6,32.8,0,7480.82,3141.95,1346.55,80.2,73.4,198.18,2.38,-1.28,32.8,76.12
Uttar Pradesh,Ballia,Eastern UP,2014-15,Rabi,Wheat,106879.5,305406.26,2857.5,52.8,0,31.8,1,15077.76,6784.99,2261.66,80.2,73.4,225.72,2.22,15.15,33.39,76.12
Uttar Pradesh,Ballia,Eastern UP,2015-16,Kharif,Rice,77342.3,185389.56,2397.0,480.9,4,33.6,0,8489.46,3565.57,1528.1,79.5,71.9,175.62,2.38,-53.88,33.6,74.94
Uttar Pradesh,Ballia,Eastern UP,2015-16,Rabi,Wheat,83346.7,231461.04,2777.1,16.4,0,32.3,2,12484.39,5617.98,1872.66,79.5,71.9,239.66,2.22,-64.23,35.53,74.94
Uttar Pradesh,Ballia,Eastern UP,2016-17,Kharif,Rice,71325.7,184473.66,2586.4,1122.9,4,32.8,0,8225.89,3454.88,1480.66,77.2,73.8,184.53,2.38,7.68,32.8,75.16
Uttar Pradesh,Ballia,Eastern UP,2016-17,Rabi,Wheat,99919.5,274400.92,2746.2,74.3,0,31.6,2,13666.42,6149.89,2049.96,77.2,73.8,218.84,2.22,62.04,34.76,75.16
Uttar Pradesh,Ballia,Eastern UP,2017-18,Kharif,Rice,85766.7,197241.81,2299.7,1372.7,11,33.1,0,9960.05,4183.22,1792.81,75.3,73.4,185.81,2.38,31.64,33.1,74.16
Uttar Pradesh,Ballia,Eastern UP,2017-18,Rabi,Wheat,87168.6,225471.43,2586.6,58.7,0,31.2,2,13428.36,6042.76,2014.25,75.3,73.4,246.48,2.22,28.02,34.32,74.16
Uttar Pradesh,Ballia,Eastern UP,2018-19,Kharif,Rice,59693.0,138879.18,2326.6,1243.7,6,32.4,0,7112.0,2987.04,1280.16,78.6,76.1,190.63,2.38,19.27,32.4,77.1
Uttar Pradesh,Ballia,Eastern UP,2018-19,Rabi,Wheat,88601.6,268565.63,3031.2,65.2,0,31.4,1,12394.73,5577.63,1859.21,78.6,76.1,223.83,2.22,42.2,32.97,77.1
Uttar Pradesh,Basti,Eastern UP,1997-98,Kharif,Rice,86861.1,168502.42,1939.9,1139.7,5,32.3,0,7589.65,3187.65,1366.14,65.4,70.5,139.8,2.38,10.92,32.3,68.46
Uttar Pradesh,Basti,Eastern UP,1997-98,Rabi,Wheat,79987.3,142007.6,1775.4,31.5,0,33.9,3,8993.01,4046.85,1348.95,65.4,70.5,179.89,2.22,-30.89,38.98,68.46
Uttar Pradesh,Basti,Eastern UP,1998-99,Kharif,Rice,52712.8,102916.93,1952.4,1283.9,6,32.7,0,5093.94,2139.45,916.91,65.4,68.6,154.62,2.38,24.95,32.7,67.32
Uttar Pradesh,Basti,Eastern UP,1998-99,Rabi,Wheat,68802.3,131294.88,1908.3,43.8,0,31.4,0,7450.41,3352.68,1117.56,65.4,68.6,173.26,2.22,-3.9,31.4,67.32
Uttar Pradesh,Basti,Eastern UP,1999-00,Kharif,Rice,60536.8,123898.37,2046.7,1139.3,7,34.1,0,6135.13,2576.75,1104.32,65.4,68.5,162.15,2.38,10.88,34.1,67.26
Uttar Pradesh,Basti,Eastern UP,1999-00,Rabi,Wheat,83203.9,176621.35,2122.8,83.4,0,31.5,0,8800.61,3960.28,1320.09,65.4,68.5,169.23,2.22,82.98,31.5,67.26
Uttar Pradesh,Basti,Eastern UP,2000-01,Kharif,Rice,72292.2,150012.78,2075.1,1000.1,8,33.0,0,5849.49,2456.79,1052.91,69.9,67.4,129.46,2.38,-2.67,33.0,68.4
Uttar Pradesh,Basti,Eastern UP,2000-01,Rabi,Wheat,70847.1,149072.28,2104.1,69.2,0,29.7,0,8568.31,3855.74,1285.25,69.9,67.4,193.51,2.22,51.83,29.7,68.4
Uttar Pradesh,Basti,Eastern UP,2001-02,Kharif,Rice,74452.2,144006.27,1934.2,1181.9,7,33.3,0,7509.43,3153.96,1351.7,72.1,71.2,161.38,2.38,15.03,33.3,71.56
Uttar Pradesh,Basti,Eastern UP,2001-02,Rabi,Wheat,78299.3,163253.97,2085.0,37.5,0,31.8,1,9299.99,4184.99,1395.0,72.1,71.2,190.04,2.22,-17.72,33.39,71.56
Uttar Pradesh,Basti,Eastern UP,2002-03,Kharif,Rice,79322.7,145567.95,1835.1,550.4,2,34.1,0,8105.16,3404.17,1458.93,70.4,69.9,163.49,2.38,-46.43,34.1,70.1
Uttar Pradesh,Basti,Eastern UP,2002-03,Rabi,Wheat,103344.4,242778.38,2349.2,28.4,0,31.1,0,12896.43,5803.39,1934.46,70.4,69.9,199.67,2.22,-37.69,31.1,70.1
Uttar Pradesh,Basti,Eastern UP,2003-04,Kharif,Rice,73637.2,141111.37,1916.3,989.3,9,31.7,0,7159.84,3007.13,1288.77,66.0,71.0,155.57,2.38,-3.72,31.7,69.0
Uttar Pradesh,Basti,Eastern UP,2003-04,Rabi,Wheat,82580.2,175244.06,2122.1,29.1,0,31.8,1,10543.69,4744.66,1581.55,66.0,71.0,204.29,2.22,-36.15,33.39,69.0
Uttar Pradesh,Basti,Eastern UP,2004-05,Kharif,Rice,67160.8,127213.04,1894.2,635.1,8,33.4,0,6464.43,2715.06,1163.6,68.5,75.5,154.0,2.38,-38.19,33.4,72.7
Uttar Pradesh,Basti,Eastern UP,2004-05,Rabi,Wheat,86891.9,172874.14,1989.5,19.1,0,32.4,1,10477.61,4714.93,1571.64,68.5,75.5,192.93,2.22,-58.09,34.02,72.7
Uttar Pradesh,Basti,Eastern UP,2005-06,Kharif,Rice,59724.0,126017.32,2110.0,901.6,5,33.4,0,4854.58,2038.93,873.83,71.5,71.6,130.05,2.38,-12.25,33.4,71.56
Uttar Pradesh,Basti,Eastern UP,2005-06,Rabi,Wheat,108778.8,217490.55,1999.4,26.0,0,33.0,3,14847.39,6681.33,2227.11,71.5,71.6,218.39,2.22,-42.95,37.95,71.56
Uttar Pradesh,Basti,Eastern UP,2006-07,Kharif,Rice,97284.2,194457.24,1998.9,1009.3,6,32.7,0,9990.37,4195.96,1798.27,76.2,69.5,164.31,2.38,-1.77,32.7,72.18
Uttar Pradesh,Basti,Eastern UP,2006-07,Rabi,Wheat,89211.1,163594.17,1833.8,29.4,0,33.3,5,11206.69,5043.01,1681.0,76.2,69.5,200.99,2.22,-35.49,41.62,72.18
Uttar Pradesh,Basti,Eastern UP,2007-08,Kharif,Rice,69947.6,161608.35,2310.4,1005.6,2,33.7,0,7054.24,2962.78,1269.76,70.9,69.1,161.36,2.38,-2.13,33.7,69.82
Uttar Pradesh,Basti,Eastern UP,2007-08,Rabi,Wheat,76895.9,183642.67,2388.2,40.5,0,29.8,0,9307.36,4188.31,1396.1,70.9,69.1,193.66,2.22,-11.14,29.8,69.82
Uttar Pradesh,Basti,Eastern UP,2008-09,Kharif,Rice,63058.0,135243.05,2144.7,1490.2,6,33.2,0,6501.54,2730.65,1170.28,77.6,72.4,164.97,2.38,45.03,33.2,74.48
Uttar Pradesh,Basti,Eastern UP,2008-09,Rabi,Wheat,74533.9,157856.51,2117.9,67.4,0,31.9,5,10033.56,4515.1,1505.03,77.6,72.4,215.39,2.22,47.88,39.88,74.48
Uttar Pradesh,Basti,Eastern UP,2009-10,Kharif,Rice,87436.5,171789.18,1964.7,486.0,6,34.3,0,10164.77,4269.2,1829.66,77.0,71.2,186.01,2.38,-52.7,34.3,73.52
Uttar Pradesh,Basti,Eastern UP,2009-10,Rabi,Wheat,98892.8,239505.1,2421.9,21.7,0,32.1,2,13594.92,6117.71,2039.24,77.0,71.2,219.95,2.22,-52.39,35.31,73.52
Uttar Pradesh,Basti,Eastern UP,2010-11,Kharif,Rice,59441.1,133468.31,2245.4,938.1,5,32.9,0,6199.25,2603.69,1115.87,75.0,74.0,166.87,2.38,-8.7,32.9,74.4
Uttar Pradesh,Basti,Eastern UP,2010-11,Rabi,Wheat,80844.7,189156.47,2339.8,76.1,0,30.5,0,11825.2,5321.34,1773.78,75.0,74.0,234.03,2.22,66.97,30.5,74.4
Uttar Pradesh,Basti,Eastern UP,2011-12,Kharif,Rice,72104.8,159290.23,2209.1,1203.6,8,33.5,0,7540.91,3167.18,1357.36,74.9,75.0,167.33,2.38,17.14,33.5,74.96
Uttar Pradesh,Basti,Eastern UP,2011-12,Rabi,Wheat,117469.5,285209.63,2427.9,30.4,0,30.1,0,17336.02,7801.21,2600.4,74.9,75.0,236.13,2.22,-33.3,30.1,74.96
Uttar Pradesh,Basti,Eastern UP,2012-13,Kharif,Rice,60722.9,138572.25,2282.0,1084.6,6,31.6,0,5610.8,2356.53,1009.94,74.3,73.5,147.84,2.38,5.56,31.6,73.82
Uttar Pradesh,Basti,Eastern UP,2012-13,Rabi,Wheat,78715.4,172063.8,2185.9,30.5,0,32.4,3,10665.89,4799.65,1599.88,74.3,73.5,216.8,2.22,-33.08,37.26,73.82
Uttar Pradesh,Basti,Eastern UP,2013-14,Kharif,Rice,64183.2,140320.18,2186.2,1430.2,8,31.6,0,7579.68,3183.46,1364.34,79.2,73.9,188.95,2.38,39.19,31.6,76.02
Uttar Pradesh,Basti,Eastern UP,2013-14,Rabi,Wheat,97936.9,271831.8,2775.6,58.2,0,30.2,0,12938.41,5822.28,1940.76,79.2,73.9,211.38,2.22,27.69,30.2,76.02
Uttar Pradesh,Basti,Eastern UP,2014-15,Kharif,Rice,61873.1,141510.23,2287.1,1034.0,8,32.6,0,5772.48,2424.44,1039.05,76.0,75.0,149.27,2.38,0.63,32.6,75.4
Uttar Pradesh,Basti,Eastern UP,2014-15,Rabi,Wheat,121791.2,291422.35,2392.8,65.7,0,30.5,0,16284.62,7328.08,2442.69,76.0,75.0,213.93,2.22,44.15,30.5,75.4
Uttar Pradesh,Basti,Eastern UP,2015-16,Kharif,Rice,63937.5,133179.32,2083.0,526.3,6,34.8,0,7532.55,3163.67,1355.86,78.2,68.9,188.5,2.38,-48.78,34.8,72.62
Uttar Pradesh,Basti,Eastern UP,2015-16,Rabi,Wheat,101263.0,244378.55,2413.3,27.1,0,31.9,0,15971.58,7187.21,2395.74,78.2,68.9,252.36,2.22,-40.54,31.9,72.62
Uttar Pradesh,Basti,Eastern UP,2016-17,Kharif,Rice,74115.8,167513.42,2260.2,1068.0,7,33.5,0,9248.21,3884.25,1664.68,80.9,75.6,199.65,2.38,3.94,33.5,77.72
Uttar Pradesh,Basti,Eastern UP,2016-17,Rabi,Wheat,78998.0,184098.55,2330.4,35.0,0,32.3,4,10984.99,4943.25,1647.75,80.9,75.6,222.49,2.22,-23.21,38.76,77.72
Uttar Pradesh,Basti,Eastern UP,2017-18,Kharif,Rice,71739.7,169430.91,2361.7,1494.0,3,33.8,0,8456.79,3551.85,1522.22,78.8,73.5,188.61,2.38,45.4,33.8,75.62
Uttar Pradesh,Basti,Eastern UP,2017-18,Rabi,Wheat,77859.8,211204.93,2712.6,64.6,0,30.6,0,11238.91,5057.51,1685.84,78.8,73.5,230.96,2.22,41.74,30.6,75.62
Uttar Pradesh,Basti,Eastern UP,2018-19,Kharif,Rice,62340.4,139057.34,2230.6,1088.7,8,32.6,0,6193.13,2601.11,1114.76,79.8,69.3,158.95,2.38,5.96,32.6,73.5
Uttar Pradesh,Basti,Eastern UP,2018-19,Rabi,Wheat,104886.2,260909.72,2487.5,21.0,0,33.6,4,13569.47,6106.26,2035.42,79.8,69.3,207.0,2.22,-53.92,40.32,73.5
Uttar Pradesh,Sant Kabir Nagar,Eastern UP,1997-98,Kharif,Rice,96472.6,185958.24,1927.6,959.1,6,32.7,0,10071.33,4229.96,1812.84,69.4,69.3,167.03,2.38,-7.73,32.7,69.34
Uttar Pradesh,Sant Kabir Nagar,Eastern UP,1997-98,Rabi,Wheat,81149.1,168003.83,2070.3,42.5,0,28.8,0,8630.56,3883.75,1294.58,69.4,69.3,170.17,2.22,-18.14,28.8,69.34
Uttar Pradesh,Sant Kabir Nagar,Eastern UP,1998-99,Kharif,Rice,65762.2,126453.84,1922.9,1206.0,4,32.7,0,5903.91,2479.64,1062.7,69.1,68.7,143.64,2.38,16.02,32.7,68.86
Uttar Pradesh,Sant Kabir Nagar,Eastern UP,1998-99,Rabi,Wheat,88527.0,141235.2,1595.4,78.7,0,33.0,7,10690.57,4810.75,1603.58,69.1,68.7,193.22,2.22,51.59,44.55,68.86
Uttar Pradesh,Sant Kabir Nagar,Eastern UP,1999-00,Kharif,Rice,95485.7,199274.6,2087.0,974.8,6,33.9,0,6989.65,2935.65,1258.14,73.5,72.5,117.12,2.38,-6.22,33.9,72.9
Uttar Pradesh,Sant Kabir Nagar,Eastern UP,1999-00,Rabi,Wheat,99308.8,195910.68,1972.7,66.8,0,32.9,3,12126.98,5457.14,1819.05,73.5,72.5,195.38,2.22,28.67,37.83,72.9
Uttar Pradesh,Sant Kabir Nagar,Eastern UP,2000-01,Kharif,Rice,85263.8,185611.87,2176.9,912.4,6,33.6,0,7950.24,3339.1,1431.04,72.0,68.7,149.19,2.38,-12.22,33.6,70.02
Uttar Pradesh,Sant Kabir Nagar,Eastern UP,2000-01,Rabi,Wheat,94927.4,199862.71,2105.4,90.6,0,30.9,0,12678.95,5705.53,1901.84,72.0,68.7,213.7,2.22,74.52,30.9,70.02
Uttar Pradesh,Sant Kabir Nagar,Eastern UP,2001-02,Kharif,Rice,78084.6,160087.93,2050.2,1060.7,6,32.6,0,7897.22,3316.83,1421.5,68.4,67.0,161.82,2.38,2.04,32.6,67.56
Uttar Pradesh,Sant Kabir Nagar,Eastern UP,2001-02,Rabi,Wheat,93501.3,183153.59,1958.8,51.6,0,31.8,3,11314.66,5091.6,1697.2,68.4,67.0,193.62,2.22,-0.61,36.57,67.56
Uttar Pradesh,Sant Kabir Nagar,Eastern UP,2002-03,Kharif,Rice,54924.1,110402.34,2010.1,643.8,5,32.5,0,4810.14,2020.26,865.83,72.0,67.9,140.12,2.38,-38.06,32.5,69.54
Uttar Pradesh,Sant Kabir Nagar,Eastern UP,2002-03,Rabi,Wheat,82983.9,154872.1,1866.3,21.4,0,32.6,5,10546.49,4745.92,1581.97,72.0,67.9,203.35,2.22,-58.78,40.75,69.54
Uttar Pradesh,Sant Kabir Nagar,Eastern UP,2003-04,Kharif,Rice,47937.5,106616.99,2224.1,986.3,3,33.2,0,4998.43,2099.34,899.72,74.3,71.1,166.83,2.38,-5.11,33.2,72.38
Uttar Pradesh,Sant Kabir Nagar,Eastern UP,2003-04,Rabi,Wheat,84648.7,201308.3,2378.2,37.5,0,28.3,0,9718.66,4373.4,1457.8,74.3,71.1,183.7,2.22,-27.77,28.3,72.38
Uttar Pradesh,Sant Kabir Nagar,Eastern UP,2004-05,Kharif,Rice,77569.0,172068.98,2218.3,693.6,5,33.7,0,7137.36,2997.69,1284.73,75.7,70.2,147.22,2.38,-33.27,33.7,72.4
Uttar Pradesh,Sant Kabir Nagar,Eastern UP,2004-05,Rabi,Wheat,83752.7,194516.41,2322.5,10.4,0,31.6,2,10713.83,4821.22,1607.07,75.7,70.2,204.68,2.22,-79.97,34.76,72.4
Uttar Pradesh,Sant Kabir Nagar,Eastern UP,2005-06,Kharif,Rice,90674.7,186647.79,2058.4,1037.7,4,34.3,0,7995.15,3357.96,1439.13,69.5,71.3,141.08,2.38,-0.17,34.3,70.58
Uttar Pradesh,Sant Kabir Nagar,Eastern UP,2005-06,Rabi,Wheat,128558.7,267291.12,2079.1,74.1,0,30.9,0,17495.93,7873.17,2624.39,69.5,71.3,217.75,2.22,42.73,30.9,70.58
Uttar Pradesh,Sant Kabir Nagar,Eastern UP,2006-07,Kharif,Rice,68233.0,135754.38,1989.6,1131.9,4,33.1,0,6566.59,2757.97,1181.99,75.5,70.2,153.98,2.38,8.89,33.1,72.32
Uttar Pradesh,Sant Kabir Nagar,Eastern UP,2006-07,Rabi,Wheat,83835.0,189887.26,2265.0,37.1,0,33.2,1,12145.57,5465.51,1821.84,75.5,70.2,231.8,2.22,-28.54,34.86,72.32
Uttar Pradesh,Sant Kabir Nagar,Eastern UP,2007-08,Kharif,Rice,83479.3,171434.04,2053.6,1171.1,6,34.3,0,9589.91,4027.76,1726.18,72.4,73.3,183.8,2.38,12.67,34.3,72.94
Uttar Pradesh,Sant Kabir Nagar,Eastern UP,2007-08,Rabi,Wheat,89117.5,209714.81,2353.2,63.9,0,32.3,0,10907.47,4908.36,1636.12,72.4,73.3,195.83,2.22,23.09,32.3,72.94
Uttar Pradesh,Sant Kabir Nagar,Eastern UP,2008-09,Kharif,Rice,78509.2,153161.41,1950.9,1590.7,8,32.5,0,7931.44,3331.2,1427.66,72.2,74.2,161.64,2.38,53.03,32.5,73.4
Uttar Pradesh,Sant Kabir Nagar,Eastern UP,2008-09,Rabi,Wheat,94599.3,205955.16,2177.1,34.4,0,30.0,0,12866.04,5789.72,1929.91,72.2,74.2,217.61,2.22,-33.74,30.0,73.4
Uttar Pradesh,Sant Kabir Nagar,Eastern UP,2009-10,Kharif,Rice,67317.9,162802.75,2418.4,680.8,1,33.2,0,7856.2,3299.6,1414.12,73.1,68.6,186.72,2.38,-34.5,33.2,70.4
Uttar Pradesh,Sant Kabir Nagar,Eastern UP,2009-10,Rabi,Wheat,108437.1,262764.05,2423.2,23.3,0,29.7,0,12855.75,5785.09,1928.36,73.1,68.6,189.69,2.22,-55.12,29.7,70.4
Uttar Pradesh,Sant Kabir Nagar,Eastern UP,2010-11,Kharif,Rice,92788.5,223895.72,2413.0,1188.2,6,32.3,0,9882.1,4150.48,1778.78,75.1,70.4,170.4,2.38,14.31,32.3,72.28
Uttar Pradesh,Sant Kabir Nagar,Eastern UP,2010-11,Rabi,Wheat,92035.2,180362.03,1959.7,75.0,0,34.2,5,10960.53,4932.24,1644.08,75.1,70.4,190.55,2.22,44.47,42.75,72.28
Uttar Pradesh,Sant Kabir Nagar,Eastern UP,2011-12,Kharif,Rice,61431.7,150809.54,2454.9,953.1,7,33.6,0,7027.27,2951.45,1264.91,70.6,71.9,183.03,2.38,-8.31,33.6,71.38
Uttar Pradesh,Sant Kabir Nagar,Eastern UP,2011-12,Rabi,Wheat,98938.9,216234.51,2185.5,41.9,0,33.4,2,14428.41,6492.79,2164.26,70.6,71.9,233.33,2.22,-19.29,36.74,71.38
Uttar Pradesh,Sant Kabir Nagar,Eastern UP,2012-13,Kharif,Rice,58986.4,123913.94,2100.7,1022.7,7,33.2,0,6211.22,2608.71,1118.02,73.3,72.0,168.48,2.38,-1.61,33.2,72.52
Uttar Pradesh,Sant Kabir Nagar,Eastern UP,2012-13,Rabi,Wheat,100157.0,270215.75,2697.9,78.6,0,30.6,0,13596.0,6118.2,2039.4,73.3,72.0,217.2,2.22,51.4,30.6,72.52
Uttar Pradesh,Sant Kabir Nagar,Eastern UP,2013-14,Kharif,Rice,69200.0,146269.65,2113.7,1474.7,10,34.1,0,7067.77,2968.46,1272.2,79.3,74.7,163.42,2.38,41.87,34.1,76.54
Uttar Pradesh,Sant Kabir Nagar,Eastern UP,2013-14,Rabi,Wheat,66091.7,153747.23,2326.3,37.4,0,33.7,4,9613.73,4326.18,1442.06,79.3,74.7,232.74,2.22,-27.96,40.44,76.54
Uttar Pradesh,Sant Kabir Nagar,Eastern UP,2014-15,Kharif,Rice,65305.4,165003.37,2526.6,1037.4,4,32.3,0,6709.82,2818.13,1207.77,76.9,71.6,164.39,2.38,-0.2,32.3,73.72
Uttar Pradesh,Sant Kabir Nagar,Eastern UP,2014-15,Rabi,Wheat,104258.7,207895.17,1994.0,61.5,0,32.5,9,16370.52,7366.73,2455.58,76.9,71.6,251.23,2.22,18.46,47.12,73.72
Uttar Pradesh,Sant Kabir Nagar,Eastern UP,2015-16,Kharif,Rice,76476.1,166575.99,2178.1,760.0,6,33.6,0,8250.13,3465.06,1485.02,80.4,75.4,172.61,2.38,-26.88,33.6,77.4
Uttar Pradesh,Sant Kabir Nagar,Eastern UP,2015-16,Rabi,Wheat,76086.8,187592.65,2465.5,43.8,0,32.1,4,11524.26,5185.92,1728.64,80.4,75.4,242.34,2.22,-15.63,38.52,77.4
Uttar Pradesh,Sant Kabir Nagar,Eastern UP,2016-17,Kharif,Rice,78888.4,180081.31,2282.7,1152.5,8,33.2,0,8235.35,3458.85,1482.36,73.3,71.6,167.03,2.38,10.88,33.2,72.28
Uttar Pradesh,Sant Kabir Nagar,Eastern UP,2016-17,Rabi,Wheat,78419.2,195366.76,2491.3,50.6,0,30.6,0,12381.29,5571.58,1857.19,73.3,71.6,252.62,2.22,-2.53,30.6,72.28
Uttar Pradesh,Sant Kabir Nagar,Eastern UP,2017-18,Kharif,Rice,101163.0,222630.03,2200.7,1279.1,7,33.7,0,11493.79,4827.39,2068.88,78.9,75.9,181.79,2.38,23.06,33.7,77.1
Uttar Pradesh,Sant Kabir Nagar,Eastern UP,2017-18,Rabi,Wheat,90334.6,236375.48,2616.7,61.0,0,30.2,0,12787.63,5754.43,1918.14,78.9,75.9,226.49,2.22,17.5,30.2,77.1
Uttar Pradesh,Sant Kabir Nagar,Eastern UP,2018-19,Kharif,Rice,88799.3,224006.26,2522.6,888.1,3,33.0,0,10560.36,4435.35,1900.86,79.6,76.3,190.28,2.38,-14.56,33.0,77.62
Uttar Pradesh,Sant Kabir Nagar,Eastern UP,2018-19,Rabi,Wheat,84180.6,230838.84,2742.2,50.8,0,29.6,0,11368.57,5115.86,1705.29,79.6,76.3,216.08,2.22,-2.15,29.6,77.62
Uttar Pradesh,Siddharthnagar,Eastern UP,1997-98,Kharif,Rice,85500.1,158465.48,1853.4,1092.2,6,33.2,0,7547.74,3170.05,1358.59,64.9,69.3,141.24,2.38,5.95,33.2,67.54
Uttar Pradesh,Siddharthnagar,Eastern UP,1997-98,Rabi,Wheat,76388.2,134260.19,1757.6,47.1,0,30.7,0,9597.02,4318.66,1439.55,64.9,69.3,201.02,2.22,-12.15,30.7,67.54
Uttar Pradesh,Siddharthnagar,Eastern UP,1998-99,Kharif,Rice,87083.3,152151.36,1747.2,1097.6,7,33.6,0,7982.64,3352.71,1436.88,68.6,68.6,146.67,2.38,6.47,33.6,68.6
Uttar Pradesh,Siddharthnagar,Eastern UP,1998-99,Rabi,Wheat,84836.8,163326.5,1925.2,49.2,0,31.8,2,10180.01,4581.01,1527.0,68.6,68.6,191.99,2.22,-8.23,34.98,68.6
Uttar Pradesh,Siddharthnagar,Eastern UP,1999-00,Kharif,Rice,94835.4,169206.18,1784.2,950.5,5,32.6,0,7707.49,3237.14,1387.35,73.7,70.7,130.04,2.38,-7.8,32.6,71.9
Uttar Pradesh,Siddharthnagar,Eastern UP,1999-00,Rabi,Wheat,104420.4,221489.61,2121.1,89.4,0,30.9,0,13037.91,5867.06,1955.69,73.7,70.7,199.78,2.22,66.76,30.9,71.9
Uttar Pradesh,Siddharthnagar,Eastern UP,2000-01,Kharif,Rice,95739.3,180641.83,1886.8,892.5,8,32.4,0,6802.74,2857.15,1224.49,73.6,69.5,113.69,2.38,-13.43,32.4,71.14
Uttar Pradesh,Siddharthnagar,Eastern UP,2000-01,Rabi,Wheat,87376.5,207238.21,2371.8,66.4,0,31.2,0,10885.64,4898.54,1632.85,73.6,69.5,199.33,2.22,23.85,31.2,71.14
Uttar Pradesh,Siddharthnagar,Eastern UP,2001-02,Kharif,Rice,56845.3,104955.39,1846.3,1018.1,5,32.8,0,5436.0,2283.12,978.48,67.0,66.3,153.0,2.38,-1.24,32.8,66.58
Uttar Pradesh,Siddharthnagar,Eastern UP,2001-02,Rabi,Wheat,90506.8,177788.23,1964.4,54.5,0,32.3,1,11735.52,5280.98,1760.33,67.0,66.3,207.46,2.22,1.66,33.91,66.58
Uttar Pradesh,Siddharthnagar,Eastern UP,2002-03,Kharif,Rice,107024.0,202980.82,1896.6,678.7,2,34.0,0,10626.7,4463.21,1912.81,68.7,68.2,158.87,2.38,-34.16,34.0,68.4
Uttar Pradesh,Siddharthnagar,Eastern UP,2002-03,Rabi,Wheat,78482.3,142612.43,1817.1,15.2,0,33.0,4,10006.89,4503.1,1501.03,68.7,68.2,204.01,2.22,-71.65,39.6,68.4
Uttar Pradesh,Siddharthnagar,Eastern UP,2003-04,Kharif,Rice,78350.0,163816.41,2090.8,991.7,6,33.3,0,7587.01,3186.55,1365.66,73.1,71.4,154.94,2.38,-3.8,33.3,72.08
Uttar Pradesh,Siddharthnagar,Eastern UP,2003-04,Rabi,Wheat,86556.2,162189.02,1873.8,77.1,0,32.9,4,11225.61,5051.52,1683.84,73.1,71.4,207.51,2.22,43.81,39.48,72.08
Uttar Pradesh,Siddharthnagar,Eastern UP,2004-05,Kharif,Rice,65330.7,145489.27,2227.0,718.3,2,32.2,0,5992.49,2516.85,1078.65,75.4,72.5,146.76,2.38,-30.32,32.2,73.66
Uttar Pradesh,Siddharthnagar,Eastern UP,2004-05,Rabi,Wheat,65360.8,116222.22,1778.2,30.6,0,33.1,7,7914.19,3561.39,1187.13,75.4,72.5,193.74,2.22,-42.92,44.69,73.66
Uttar Pradesh,Siddharthnagar,Eastern UP,2005-06,Kharif,Rice,85034.4,183237.88,2154.9,1071.9,4,32.9,0,7959.54,3343.01,1432.72,73.6,70.7,149.77,2.38,3.98,32.9,71.86
Uttar Pradesh,Siddharthnagar,Eastern UP,2005-06,Rabi,Wheat,95104.7,228158.77,2399.0,69.5,0,30.3,0,11696.61,5263.48,1754.49,73.6,70.7,196.78,2.22,29.64,30.3,71.86
Uttar Pradesh,Siddharthnagar,Eastern UP,2006-07,Kharif,Rice,55270.2,120948.16,2188.3,981.7,3,33.5,0,5494.33,2307.62,988.98,74.5,71.9,159.05,2.38,-4.77,33.5,72.94
Uttar Pradesh,Siddharthnagar,Eastern UP,2006-07,Rabi,Wheat,86317.3,156454.87,1812.6,53.1,0,33.1,6,11709.79,5269.41,1756.47,74.5,71.9,217.06,2.22,-0.95,43.03,72.94
Uttar Pradesh,Siddharthnagar,Eastern UP,2007-08,Kharif,Rice,92558.1,199979.39,2160.6,915.0,6,33.0,0,10800.24,4536.1,1944.04,73.4,71.4,186.7,2.38,-11.24,33.0,72.2
Uttar Pradesh,Siddharthnagar,Eastern UP,2007-08,Rabi,Wheat,79587.2,187435.36,2355.1,37.1,0,29.7,0,10440.56,4698.25,1566.08,73.4,71.4,209.89,2.22,-30.8,29.7,72.2
Uttar Pradesh,Siddharthnagar,Eastern UP,2008-09,Kharif,Rice,99284.2,207238.7,2087.3,1523.2,7,34.8,0,9854.03,4138.69,1773.73,69.8,73.4,158.8,2.38,47.75,34.8,71.96
Uttar Pradesh,Siddharthnagar,Eastern UP,2008-09,Rabi,Wheat,83693.5,178135.88,2128.4,75.1,0,32.8,5,10096.85,4543.58,1514.53,69.8,73.4,193.03,2.22,40.08,41.0,71.96
Uttar Pradesh,Siddharthnagar,Eastern UP,2009-10,Kharif,Rice,96813.8,225942.49,2333.8,812.7,3,32.8,0,9782.64,4108.71,1760.88,71.2,72.0,161.67,2.38,-21.17,32.8,71.68
Uttar Pradesh,Siddharthnagar,Eastern UP,2009-10,Rabi,Wheat,84824.1,207151.93,2442.1,22.1,0,31.1,0,12029.09,5413.09,1804.36,71.2,72.0,226.9,2.22,-58.78,31.1,71.68
Uttar Pradesh,Siddharthnagar,Eastern UP,2010-11,Kharif,Rice,89015.2,201322.93,2261.7,1081.9,6,32.8,0,9424.15,3958.14,1696.35,71.1,74.2,169.39,2.38,4.95,32.8,72.96
Uttar Pradesh,Siddharthnagar,Eastern UP,2010-11,Rabi,Wheat,86473.9,197907.15,2288.6,68.0,0,31.3,1,10890.64,4900.79,1633.6,71.1,74.2,201.51,2.22,26.84,32.87,72.96
Uttar Pradesh,Siddharthnagar,Eastern UP,2011-12,Kharif,Rice,114262.2,251457.46,2200.7,951.1,5,34.7,0,13145.78,5521.23,2366.24,75.6,69.6,184.08,2.38,-7.74,34.7,72.0
Uttar Pradesh,Siddharthnagar,Eastern UP,2011-12,Rabi,Wheat,85557.4,203688.81,2380.7,53.4,0,31.4,2,10590.13,4765.56,1588.52,75.6,69.6,198.04,2.22,-0.39,34.54,72.0
Uttar Pradesh,Siddharthnagar,Eastern UP,2012-13,Kharif,Rice,82026.0,199969.34,2437.9,1196.8,8,32.4,0,8469.98,3557.39,1524.6,74.0,74.1,165.22,2.38,16.09,32.4,74.06
Uttar Pradesh,Siddharthnagar,Eastern UP,2012-13,Rabi,Wheat,73745.6,182061.24,2468.8,56.8,0,31.8,0,10106.57,4547.96,1515.99,74.0,74.1,219.27,2.22,5.95,31.8,74.06
Uttar Pradesh,Siddharthnagar,Eastern UP,2013-14,Kharif,Rice,111051.4,247843.17,2231.8,1344.5,7,32.0,0,13681.61,5746.28,2462.69,79.2,72.8,197.12,2.38,30.42,32.0,75.36
Uttar Pradesh,Siddharthnagar,Eastern UP,2013-14,Rabi,Wheat,98765.9,260959.97,2642.2,70.6,0,31.9,0,12742.36,5734.06,1911.35,79.2,72.8,206.43,2.22,31.69,31.9,75.36
Uttar Pradesh,Siddharthnagar,Eastern UP,2014-15,Kharif,Rice,80220.4,173700.97,2165.3,1147.8,7,33.6,0,8587.46,3606.73,1545.74,77.6,70.9,171.28,2.38,11.34,33.6,73.58
Uttar Pradesh,Siddharthnagar,Eastern UP,2014-15,Rabi,Wheat,94768.8,249382.54,2631.5,54.8,0,32.2,1,13283.57,5977.61,1992.54,77.6,70.9,224.27,2.22,2.22,33.81,73.58
Uttar Pradesh,Siddharthnagar,Eastern UP,2015-16,Kharif,Rice,61436.4,155853.4,2536.8,804.3,3,34.6,0,5909.09,2481.82,1063.64,76.3,77.0,153.89,2.38,-21.98,34.6,76.72
Uttar Pradesh,Siddharthnagar,Eastern UP,2015-16,Rabi,Wheat,89936.9,204175.94,2270.2,41.8,0,32.8,4,14339.54,6452.79,2150.93,76.3,77.0,255.1,2.22,-22.03,39.36,76.72
Uttar Pradesh,Siddharthnagar,Eastern UP,2016-17,Kharif,Rice,65692.1,162200.6,2469.1,938.0,4,33.4,0,6812.16,2861.11,1226.19,78.8,74.2,165.92,2.38,-9.01,33.4,76.04
Uttar Pradesh,Siddharthnagar,Eastern UP,2016-17,Rabi,Wheat,86791.3,215552.49,2483.6,57.9,0,33.0,2,13428.28,6042.73,2014.24,78.8,74.2,247.55,2.22,8.0,36.3,76.04
Uttar Pradesh,Siddharthnagar,Eastern UP,2017-18,Kharif,Rice,74023.6,189554.14,2560.7,1304.3,3,31.8,0,8489.66,3565.66,1528.14,79.8,76.2,183.5,2.38,26.52,31.8,77.64
Uttar Pradesh,Siddharthnagar,Eastern UP,2017-18,Rabi,Wheat,110666.9,305359.87,2759.3,66.6,0,31.5,0,16252.95,7313.83,2437.94,79.8,76.2,234.98,2.22,24.23,31.5,77.64
Uttar Pradesh,Siddharthnagar,Eastern UP,2018-19,Kharif,Rice,79399.9,174998.83,2204.0,942.6,7,33.4,0,8525.8,3580.84,1534.64,75.5,75.3,171.8,2.38,-8.57,33.4,75.38
Uttar Pradesh,Siddharthnagar,Eastern UP,2018-19,Rabi,Wheat,86160.7,182633.51,2119.7,28.4,0,34.2,6,13757.36,6190.81,2063.6,75.5,75.3,255.47,2.22,-47.03,44.46,75.38
Uttar Pradesh,Gonda,Eastern UP,1997-98,Kharif,Rice,76798.6,160253.55,2086.7,922.9,5,33.3,0,6188.4,2599.13,1113.91,69.5,73.3,128.93,2.38,-10.8,33.3,71.78
Uttar Pradesh,Gonda,Eastern UP,1997-98,Rabi,Wheat,86043.1,182561.69,2121.7,57.2,0,29.2,0,10562.02,4752.91,1584.3,69.5,73.3,196.4,2.22,13.85,29.2,71.78
Uttar Pradesh,Gonda,Eastern UP,1998-99,Kharif,Rice,89284.0,141306.39,1582.7,1171.5,15,33.2,0,8719.99,3662.4,1569.6,71.4,66.2,156.27,2.38,13.23,33.2,68.28
Uttar Pradesh,Gonda,Eastern UP,1998-99,Rabi,Wheat,106366.6,203556.69,1913.7,60.1,0,32.7,5,13479.32,6065.69,2021.9,71.4,66.2,202.76,2.22,19.62,40.88,68.28
Uttar Pradesh,Gonda,Eastern UP,1999-00,Kharif,Rice,75411.5,144715.6,1919.0,1060.2,5,33.0,0,6344.34,2664.62,1141.98,70.9,72.6,134.61,2.38,2.47,33.0,71.92
Uttar Pradesh,Gonda,Eastern UP,1999-00,Rabi,Wheat,114162.7,270746.41,2371.6,40.6,0,30.7,0,13642.8,6139.26,2046.42,70.9,72.6,191.21,2.22,-19.19,30.7,71.92
Uttar Pradesh,Gonda,Eastern UP,2000-01,Kharif,Rice,110518.4,252016.65,2280.3,922.7,6,32.5,0,9924.89,4168.46,1786.48,70.6,68.8,143.68,2.38,-10.82,32.5,69.52
Uttar Pradesh,Gonda,Eastern UP,2000-01,Rabi,Wheat,95680.8,218062.91,2279.1,56.7,0,30.2,0,12167.46,5475.36,1825.12,70.6,68.8,203.47,2.22,12.86,30.2,69.52
Uttar Pradesh,Gonda,Eastern UP,2001-02,Kharif,Rice,79755.1,179640.5,2252.4,997.6,1,31.7,0,6423.73,2697.96,1156.27,64.0,71.5,128.87,2.38,-3.58,31.7,68.5
Uttar Pradesh,Gonda,Eastern UP,2001-02,Rabi,Wheat,84150.8,184569.1,2193.3,93.7,0,30.7,0,9829.69,4423.36,1474.45,64.0,71.5,186.9,2.22,86.5,30.7,68.5
Uttar Pradesh,Gonda,Eastern UP,2002-03,Kharif,Rice,92332.2,211775.8,2293.6,613.1,2,33.0,0,8443.15,3546.12,1519.77,73.8,73.1,146.31,2.38,-40.74,33.0,73.38
Uttar Pradesh,Gonda,Eastern UP,2002-03,Rabi,Wheat,90870.9,227903.46,2508.0,56.7,0,29.2,0,11928.73,5367.93,1789.31,73.8,73.1,210.03,2.22,12.86,29.2,73.38
Uttar Pradesh,Gonda,Eastern UP,2003-04,Kharif,Rice,77160.6,166349.64,2155.9,905.0,6,32.9,0,7407.97,3111.35,1333.44,69.7,68.7,153.61,2.38,-12.53,32.9,69.1
Uttar Pradesh,Gonda,Eastern UP,2003-04,Rabi,Wheat,102697.2,232706.08,2265.9,37.0,0,29.4,0,14940.11,6723.05,2241.02,69.7,68.7,232.76,2.22,-26.35,29.4,69.1
Uttar Pradesh,Gonda,Eastern UP,2004-05,Kharif,Rice,88431.7,185067.74,2092.8,602.1,2,33.2,0,8067.41,3388.31,1452.13,66.0,75.0,145.96,2.38,-41.8,33.2,71.4
Uttar Pradesh,Gonda,Eastern UP,2004-05,Rabi,Wheat,97921.3,238439.6,2435.0,20.8,0,31.7,0,11791.59,5306.21,1768.74,66.0,75.0,192.67,2.22,-58.6,31.7,71.4
Uttar Pradesh,Gonda,Eastern UP,2005-06,Kharif,Rice,111179.6,227771.06,2048.7,892.8,7,33.4,0,12223.41,5133.83,2200.21,71.6,72.9,175.91,2.38,-13.71,33.4,72.38
Uttar Pradesh,Gonda,Eastern UP,2005-06,Rabi,Wheat,87062.4,213496.43,2452.2,78.4,0,31.1,0,12151.64,5468.24,1822.75,71.6,72.9,223.32,2.22,56.05,31.1,72.38
Uttar Pradesh,Gonda,Eastern UP,2006-07,Kharif,Rice,42140.2,94273.03,2237.1,1104.7,5,32.8,0,3816.63,1602.98,686.99,78.7,71.1,144.91,2.38,6.78,32.8,74.14
Uttar Pradesh,Gonda,Eastern UP,2006-07,Rabi,Wheat,96089.0,217307.45,2261.5,45.5,0,33.7,2,11356.56,5110.45,1703.48,78.7,71.1,189.1,2.22,-9.44,37.07,74.14
Uttar Pradesh,Gonda,Eastern UP,2007-08,Kharif,Rice,83103.6,196194.44,2360.8,1061.8,5,32.5,0,7040.65,2957.07,1267.32,71.7,71.3,135.55,2.38,2.63,32.5,71.46
Uttar Pradesh,Gonda,Eastern UP,2007-08,Rabi,Wheat,111770.1,209642.12,1875.7,65.8,0,34.4,7,14930.18,6718.58,2239.53,71.7,71.3,213.73,2.22,30.97,46.44,71.46
Uttar Pradesh,Gonda,Eastern UP,2008-09,Kharif,Rice,81038.8,184855.46,2281.1,1612.4,9,33.6,0,8081.12,3394.07,1454.6,78.1,72.6,159.55,2.38,55.85,33.6,74.8
Uttar Pradesh,Gonda,Eastern UP,2008-09,Rabi,Wheat,64330.8,164415.82,2555.8,27.9,0,33.0,2,9213.83,4146.22,1382.07,78.1,72.6,229.16,2.22,-44.47,36.3,74.8
Uttar Pradesh,Gonda,Eastern UP,2009-10,Kharif,Rice,97039.8,247353.61,2549.0,699.5,1,33.4,0,10896.36,4576.47,1961.35,73.0,74.7,179.66,2.38,-32.39,33.4,74.02
Uttar Pradesh,Gonda,Eastern UP,2009-10,Rabi,Wheat,114453.5,281501.66,2459.5,16.1,0,30.7,0,14322.0,6444.9,2148.3,73.0,74.7,200.21,2.22,-67.95,30.7,74.02
Uttar Pradesh,Gonda,Eastern UP,2010-11,Kharif,Rice,110979.6,288052.64,2595.5,1024.1,6,34.2,0,10542.32,4427.78,1897.62,76.9,72.2,151.99,2.38,-1.01,34.2,74.08
Uttar Pradesh,Gonda,Eastern UP,2010-11,Rabi,Wheat,82954.6,162592.04,1960.0,60.4,0,35.1,9,10803.45,4861.55,1620.52,76.9,72.2,208.37,2.22,20.22,50.9,74.08
Uttar Pradesh,Gonda,Eastern UP,2011-12,Kharif,Rice,104486.5,259290.51,2481.6,1079.1,4,32.9,0,10646.08,4471.35,1916.29,73.7,74.6,163.02,2.38,4.3,32.9,74.24
Uttar Pradesh,Gonda,Eastern UP,2011-12,Rabi,Wheat,95749.0,231649.42,2419.3,46.1,0,32.5,4,11255.55,5065.0,1688.33,73.7,74.6,188.08,2.22,-8.24,39.0,74.24
Uttar Pradesh,Gonda,Eastern UP,2012-13,Kharif,Rice,89106.0,241182.59,2706.7,1123.9,4,34.0,0,9528.13,4001.82,1715.06,72.9,75.4,171.09,2.38,8.63,34.0,74.4
Uttar Pradesh,Gonda,Eastern UP,2012-13,Rabi,Wheat,109163.1,290470.86,2660.9,14.8,0,30.8,0,13935.97,6271.19,2090.4,72.9,75.4,204.26,2.22,-70.54,30.8,74.4
Uttar Pradesh,Gonda,Eastern UP,2013-14,Kharif,Rice,95779.1,232561.15,2428.1,1374.0,6,33.0,0,10040.68,4217.09,1807.32,74.3,72.0,167.73,2.38,32.81,33.0,72.92
Uttar Pradesh,Gonda,Eastern UP,2013-14,Rabi,Wheat,78990.3,213701.78,2705.4,46.4,0,30.2,0,10782.29,4852.03,1617.34,74.3,72.0,218.4,2.22,-7.64,30.2,72.92
Uttar Pradesh,Gonda,Eastern UP,2014-15,Kharif,Rice,110190.2,268548.72,2437.1,1178.6,8,33.9,0,11559.68,4855.06,2080.74,80.6,72.1,167.85,2.38,13.92,33.9,75.5
Uttar Pradesh,Gonda,Eastern UP,2014-15,Rabi,Wheat,94242.4,278039.35,2950.3,36.3,0,29.4,0,13679.12,6155.61,2051.87,80.6,72.1,232.24,2.22,-27.75,29.4,75.5
Uttar Pradesh,Gonda,Eastern UP,2015-16,Kharif,Rice,79602.7,197091.54,2475.9,541.6,3,33.5,0,8350.77,3507.32,1503.14,80.1,77.4,167.85,2.38,-47.65,33.5,78.48
Uttar Pradesh,Gonda,Eastern UP,2015-16,Rabi,Wheat,81969.3,242714.99,2961.0,29.1,0,30.3,0,12536.94,5641.62,1880.54,80.1,77.4,244.71,2.22,-42.08,30.3,78.48
Uttar Pradesh,Gonda,Eastern UP,2016-17,Kharif,Rice,91259.0,237916.75,2607.1,1025.7,5,31.7,0,8630.96,3625.01,1553.57,80.1,75.7,151.32,2.38,-0.86,31.7,77.46
Uttar Pradesh,Gonda,Eastern UP,2016-17,Rabi,Wheat,84726.6,244369.43,2884.2,45.2,0,31.1,0,12823.32,5770.49,1923.5,80.1,75.7,242.16,2.22,-10.03,31.1,77.46
Uttar Pradesh,Gonda,Eastern UP,2017-18,Kharif,Rice,83901.8,212644.42,2534.4,1424.3,7,33.0,0,9789.1,4111.42,1762.04,75.2,75.7,186.68,2.38,37.67,33.0,75.5
Uttar Pradesh,Gonda,Eastern UP,2017-18,Rabi,Wheat,97596.5,246350.05,2524.2,71.8,0,32.9,4,15960.65,7182.29,2394.1,75.2,75.7,261.66,2.22,42.91,39.48,75.5
Uttar Pradesh,Gonda,Eastern UP,2018-19,Kharif,Rice,67628.3,174778.99,2584.4,1021.0,7,34.5,0,8030.37,3372.76,1445.47,78.0,76.1,189.99,2.38,-1.31,34.5,76.86
Uttar Pradesh,Gonda,Eastern UP,2018-19,Rabi,Wheat,108247.2,292249.74,2699.8,69.1,0,32.8,4,13964.61,6284.08,2094.69,78.0,76.1,206.41,2.22,37.54,39.36,76.86
Uttar Pradesh,Bahraich,Eastern UP,1997-98,Kharif,Rice,100330.4,227872.47,2271.2,1057.9,1,32.5,0,9062.41,3806.21,1631.23,67.2,68.7,144.52,2.38,1.5,32.5,68.1
Uttar Pradesh,Bahraich,Eastern UP,1997-98,Rabi,Wheat,98004.2,216917.75,2213.4,29.4,0,31.3,0,13629.22,6133.15,2044.38,67.2,68.7,222.51,2.22,-41.61,31.3,68.1
Uttar Pradesh,Bahraich,Eastern UP,1998-99,Kharif,Rice,93509.7,186034.41,1989.5,1107.7,4,33.2,0,7810.98,3280.61,1405.98,68.3,73.2,133.65,2.38,6.28,33.2,71.24
Uttar Pradesh,Bahraich,Eastern UP,1998-99,Rabi,Wheat,84154.4,200626.04,2384.0,78.3,0,30.9,0,11284.68,5078.11,1692.7,68.3,73.2,214.55,2.22,55.51,30.9,71.24
Uttar Pradesh,Bahraich,Eastern UP,1999-00,Kharif,Rice,107188.7,233626.82,2179.6,1066.5,8,33.2,0,10569.64,4439.25,1902.54,68.0,67.9,157.77,2.38,2.33,33.2,67.94
Uttar Pradesh,Bahraich,Eastern UP,1999-00,Rabi,Wheat,105536.9,204858.81,1941.1,61.4,0,33.3,5,13028.41,5862.78,1954.26,68.0,67.9,197.52,2.22,21.94,41.62,67.94
Uttar Pradesh,Bahraich,Eastern UP,2000-01,Kharif,Rice,97054.8,226796.37,2336.8,1105.0,2,33.5,0,9610.62,4036.46,1729.91,65.7,71.6,158.44,2.38,6.02,33.5,69.24
Uttar Pradesh,Bahraich,Eastern UP,2000-01,Rabi,Wheat,80666.8,201668.38,2500.0,44.8,0,31.3,0,10314.87,4641.69,1547.23,65.7,71.6,204.59,2.22,-11.03,31.3,69.24
Uttar Pradesh,Bahraich,Eastern UP,2001-02,Kharif,Rice,78218.6,190551.2,2436.1,1110.4,3,33.2,0,6224.36,2614.23,1120.39,70.4,67.5,127.32,2.38,6.54,33.2,68.66
Uttar Pradesh,Bahraich,Eastern UP,2001-02,Rabi,Wheat,117243.6,257944.07,2200.1,44.3,0,31.4,2,15526.98,6987.14,2329.05,70.4,67.5,211.89,2.22,-12.02,34.54,68.66
Uttar Pradesh,Bahraich,Eastern UP,2002-03,Kharif,Rice,93945.9,219198.52,2333.2,690.7,3,32.2,0,7755.5,3257.31,1395.99,73.4,70.4,132.08,2.38,-33.73,32.2,71.6
Uttar Pradesh,Bahraich,Eastern UP,2002-03,Rabi,Wheat,66936.1,173387.88,2590.4,34.7,0,32.2,0,7373.9,3318.25,1106.08,73.4,70.4,176.26,2.22,-31.08,32.2,71.6
Uttar Pradesh,Bahraich,Eastern UP,2003-04,Kharif,Rice,112416.6,261699.29,2327.9,1097.2,6,33.4,0,10651.9,4473.8,1917.34,69.0,71.7,151.61,2.38,5.27,33.4,70.62
Uttar Pradesh,Bahraich,Eastern UP,2003-04,Rabi,Wheat,84112.0,199845.93,2376.0,44.0,0,31.3,1,11262.56,5068.15,1689.38,69.0,71.7,214.24,2.22,-12.61,32.87,70.62
Uttar Pradesh,Bahraich,Eastern UP,2004-05,Kharif,Rice,92103.8,203935.41,2214.2,749.2,6,32.8,0,8871.66,3726.1,1596.9,68.6,69.2,154.12,2.38,-28.12,32.8,68.96
Uttar Pradesh,Bahraich,Eastern UP,2004-05,Rabi,Wheat,117569.0,260416.18,2215.0,36.0,0,32.4,2,14970.39,6736.68,2245.56,68.6,69.2,203.73,2.22,-28.5,35.64,68.96
Uttar Pradesh,Bahraich,Eastern UP,2005-06,Kharif,Rice,68263.1,158558.09,2322.7,1200.8,4,33.5,0,6161.87,2587.99,1109.14,73.0,74.1,144.43,2.38,15.21,33.5,73.66
Uttar Pradesh,Bahraich,Eastern UP,2005-06,Rabi,Wheat,98012.0,241217.49,2461.1,36.4,0,31.7,1,10426.54,4691.94,1563.98,73.0,74.1,170.21,2.22,-27.71,33.29,73.66
Uttar Pradesh,Bahraich,Eastern UP,2006-07,Kharif,Rice,86210.5,197101.77,2286.3,945.0,6,33.4,0,8632.99,3625.86,1553.94,73.8,70.9,160.22,2.38,-9.33,33.4,72.06
Uttar Pradesh,Bahraich,Eastern UP,2006-07,Rabi,Wheat,92884.8,239178.08,2575.0,68.6,0,32.1,1,11867.5,5340.38,1780.13,73.8,70.9,204.43,2.22,36.24,33.71,72.06
Uttar Pradesh,Bahraich,Eastern UP,2007-08,Kharif,Rice,107584.1,260947.83,2425.5,1107.9,3,33.6,0,12432.52,5221.66,2237.85,77.0,73.7,184.9,2.38,6.3,33.6,75.02
Uttar Pradesh,Bahraich,Eastern UP,2007-08,Rabi,Wheat,113208.5,284678.77,2514.6,79.2,0,33.7,4,15509.39,6979.23,2326.41,77.0,73.7,219.2,2.22,57.29,40.44,75.02
Uttar Pradesh,Bahraich,Eastern UP,2008-09,Kharif,Rice,78791.5,191426.66,2429.5,1460.4,6,33.3,0,8632.03,3625.45,1553.77,78.3,70.7,175.29,2.38,40.12,33.3,73.74
Uttar Pradesh,Bahraich,Eastern UP,2008-09,Rabi,Wheat,91790.0,237007.77,2582.1,73.1,0,31.8,0,11834.88,5325.7,1775.23,78.3,70.7,206.29,2.22,45.18,31.8,73.74
Uttar Pradesh,Bahraich,Eastern UP,2009-10,Kharif,Rice,110258.4,267427.43,2425.5,803.7,2,33.6,0,12548.48,5270.36,2258.73,77.7,72.0,182.1,2.38,-22.89,33.6,74.28
Uttar Pradesh,Bahraich,Eastern UP,2009-10,Rabi,Wheat,105950.8,275898.67,2604.0,39.6,0,33.6,1,13676.36,6154.36,2051.45,77.7,72.0,206.53,2.22,-21.35,35.28,74.28
Uttar Pradesh,Bahraich,Eastern UP,2010-11,Kharif,Rice,92634.1,219552.28,2370.1,1043.4,7,33.2,0,10079.77,4233.5,1814.36,72.2,75.0,174.1,2.38,0.11,33.2,73.88
Uttar Pradesh,Bahraich,Eastern UP,2010-11,Rabi,Wheat,91437.9,240040.53,2625.2,65.8,0,33.2,2,12304.57,5537.06,1845.69,72.2,75.0,215.31,2.22,30.68,36.52,73.88
Uttar Pradesh,Bahraich,Eastern UP,2011-12,Kharif,Rice,84212.4,189507.0,2250.3,934.1,7,32.8,0,8985.51,3773.91,1617.39,77.6,77.1,170.72,2.38,-10.38,32.8,77.3
Uttar Pradesh,Bahraich,Eastern UP,2011-12,Rabi,Wheat,106294.1,227280.64,2138.2,17.6,0,32.7,7,12412.73,5585.73,1861.91,77.6,77.1,186.84,2.22,-65.05,44.15,77.3
Uttar Pradesh,Bahraich,Eastern UP,2012-13,Kharif,Rice,110565.0,284536.25,2573.5,998.8,4,33.3,0,11279.75,4737.49,2030.35,75.4,73.6,163.23,2.38,-4.17,33.3,74.32
Uttar Pradesh,Bahraich,Eastern UP,2012-13,Rabi,Wheat,108740.8,287837.59,2647.0,56.6,0,30.8,0,13838.0,6227.1,2075.7,75.4,73.6,203.61,2.22,12.41,30.8,74.32
Uttar Pradesh,Bahraich,Eastern UP,2013-14,Kharif,Rice,73865.4,157488.22,2132.1,1411.2,15,32.0,0,8770.97,3683.81,1578.77,74.9,74.8,189.99,2.38,35.4,32.0,74.84
Uttar Pradesh,Bahraich,Eastern UP,2013-14,Rabi,Wheat,78413.6,216854.16,2765.5,84.8,0,30.9,0,10397.62,4678.93,1559.64,74.9,74.8,212.16,2.22,68.41,30.9,74.84
Uttar Pradesh,Bahraich,Eastern UP,2014-15,Kharif,Rice,64489.9,152033.3,2357.5,913.1,5,33.4,0,6224.45,2614.27,1120.4,75.3,76.2,154.43,2.38,-12.39,33.4,75.84
Uttar Pradesh,Bahraich,Eastern UP,2014-15,Rabi,Wheat,102675.5,276073.99,2688.8,34.4,0,32.5,2,13833.26,6224.97,2074.99,75.3,76.2,215.56,2.22,-31.68,35.75,75.84
Uttar Pradesh,Bahraich,Eastern UP,2015-16,Kharif,Rice,82022.2,201431.52,2455.8,666.3,4,33.5,0,7566.66,3178.0,1362.0,78.8,74.4,147.6,2.38,-36.07,33.5,76.16
Uttar Pradesh,Bahraich,Eastern UP,2015-16,Rabi,Wheat,105885.7,320292.76,3024.9,58.2,0,31.6,1,14939.35,6722.71,2240.9,78.8,74.4,225.74,2.22,15.59,33.18,76.16
Uttar Pradesh,Bahraich,Eastern UP,2016-17,Kharif,Rice,88587.9,224634.15,2535.7,1014.3,7,33.7,0,8710.61,3658.46,1567.91,78.8,74.1,157.32,2.38,-2.68,33.7,75.98
Uttar Pradesh,Bahraich,Eastern UP,2016-17,Rabi,Wheat,82899.8,254387.78,3068.6,54.6,0,30.8,0,12991.36,5846.11,1948.7,78.8,74.1,250.74,2.22,8.44,30.8,75.98
Uttar Pradesh,Bahraich,Eastern UP,2017-18,Kharif,Rice,97641.9,238461.24,2442.2,1449.6,8,34.4,0,10376.2,4358.0,1867.72,75.7,75.8,170.03,2.38,39.08,34.4,75.76
Uttar Pradesh,Bahraich,Eastern UP,2017-18,Rabi,Wheat,97550.0,277651.65,2846.2,47.7,0,31.6,0,15846.76,7131.04,2377.01,75.7,75.8,259.92,2.22,-5.27,31.6,75.76
Uttar Pradesh,Bahraich,Eastern UP,2018-19,Kharif,Rice,69196.0,182466.16,2636.9,1018.3,7,33.5,0,6962.71,2924.34,1253.29,77.9,76.3,161.0,2.38,-2.3,33.5,76.94
Uttar Pradesh,Bahraich,Eastern UP,2018-19,Rabi,Wheat,74138.7,220502.46,2974.2,25.2,0,31.1,0,11269.48,5071.27,1690.42,77.9,76.3,243.21,2.22,-49.95,31.1,76.94
Uttar Pradesh,Shravasti,Eastern UP,1997-98,Kharif,Rice,78139.2,146624.35,1876.5,1093.0,8,32.9,0,7217.74,3031.45,1299.19,63.6,68.9,147.79,2.38,3.68,32.9,66.78
Uttar Pradesh,Shravasti,Eastern UP,1997-98,Rabi,Wheat,94610.5,176439.01,1864.9,65.9,0,31.0,0,13354.67,6009.6,2003.2,63.6,68.9,225.85,2.22,25.96,31.0,66.78
Uttar Pradesh,Shravasti,Eastern UP,1998-99,Kharif,Rice,54138.9,94569.85,1746.8,1241.8,8,33.2,0,4666.84,1960.07,840.03,72.0,68.4,137.92,2.38,17.79,33.2,69.84
Uttar Pradesh,Shravasti,Eastern UP,1998-99,Rabi,Wheat,113212.5,229997.72,2031.6,57.1,0,29.2,0,13868.1,6240.64,2080.21,72.0,68.4,195.99,2.22,9.14,29.2,69.84
Uttar Pradesh,Shravasti,Eastern UP,1999-00,Kharif,Rice,23534.5,46343.32,1969.2,858.9,7,34.2,0,2150.26,903.11,387.05,69.9,70.6,146.19,2.38,-18.53,34.2,70.32
Uttar Pradesh,Shravasti,Eastern UP,1999-00,Rabi,Wheat,96361.4,199206.33,2067.3,56.5,0,29.4,0,11130.07,5008.53,1669.51,69.9,70.6,184.81,2.22,7.99,29.4,70.32
Uttar Pradesh,Shravasti,Eastern UP,2000-01,Kharif,Rice,95110.0,185462.08,1950.0,1122.9,5,33.3,0,8849.76,3716.9,1592.96,71.9,70.3,148.88,2.38,6.52,33.3,70.94
Uttar Pradesh,Shravasti,Eastern UP,2000-01,Rabi,Wheat,78703.3,179200.17,2276.9,76.5,0,31.2,0,9237.7,4156.97,1385.66,71.9,70.3,187.8,2.22,46.22,31.2,70.94
Uttar Pradesh,Shravasti,Eastern UP,2001-02,Kharif,Rice,84701.7,178181.57,2103.6,1003.6,3,34.0,0,7683.34,3227.0,1383.0,72.3,66.8,145.14,2.38,-4.8,34.0,69.0
Uttar Pradesh,Shravasti,Eastern UP,2001-02,Rabi,Wheat,85176.0,162896.79,1912.5,51.5,0,32.5,3,10035.86,4516.14,1505.38,72.3,66.8,188.52,2.22,-1.56,37.38,69.0
Uttar Pradesh,Shravasti,Eastern UP,2002-03,Kharif,Rice,39064.8,72978.55,1868.1,608.0,6,33.1,0,4065.34,1707.44,731.76,74.5,69.2,166.51,2.38,-42.33,33.1,71.32
Uttar Pradesh,Shravasti,Eastern UP,2002-03,Rabi,Wheat,101845.2,199486.32,1958.7,5.0,0,31.7,4,12804.74,5762.13,1920.71,74.5,69.2,201.16,2.22,-90.44,38.04,71.32
Uttar Pradesh,Shravasti,Eastern UP,2003-04,Kharif,Rice,67970.2,126088.79,1855.1,1144.9,6,33.0,0,6532.48,2743.64,1175.85,73.7,69.7,153.77,2.38,8.6,33.0,71.3
Uttar Pradesh,Shravasti,Eastern UP,2003-04,Rabi,Wheat,100537.7,211126.3,2100.0,51.5,0,32.5,1,12155.81,5470.11,1823.37,73.7,69.7,193.45,2.22,-1.56,34.12,71.3
Uttar Pradesh,Shravasti,Eastern UP,2004-05,Kharif,Rice,81313.9,156875.56,1929.3,581.3,5,32.9,0,7492.81,3146.98,1348.71,66.8,70.8,147.43,2.38,-44.86,32.9,69.2
Uttar Pradesh,Shravasti,Eastern UP,2004-05,Rabi,Wheat,109548.2,222296.26,2029.2,85.1,0,31.4,0,14856.43,6685.39,2228.46,66.8,70.8,216.98,2.22,62.66,31.4,69.2
Uttar Pradesh,Shravasti,Eastern UP,2005-06,Kharif,Rice,65611.7,134785.35,2054.3,1011.3,3,31.7,0,7030.65,2952.87,1265.52,69.8,74.9,171.45,2.38,-4.07,31.7,72.86
Uttar Pradesh,Shravasti,Eastern UP,2005-06,Rabi,Wheat,100310.0,208696.98,2080.5,62.6,0,29.8,0,14099.97,6344.99,2115.0,69.8,74.9,224.9,2.22,19.65,29.8,72.86
Uttar Pradesh,Shravasti,Eastern UP,2006-07,Kharif,Rice,98386.9,219288.28,2228.8,1142.6,5,33.4,0,9821.21,4124.91,1767.82,71.9,70.5,159.72,2.38,8.38,33.4,71.06
Uttar Pradesh,Shravasti,Eastern UP,2006-07,Rabi,Wheat,64254.3,150221.81,2337.9,16.4,0,32.0,0,7185.14,3233.31,1077.77,71.9,70.5,178.92,2.22,-68.65,32.0,71.06
Uttar Pradesh,Shravasti,Eastern UP,2007-08,Kharif,Rice,67930.3,156755.06,2307.6,1090.3,1,32.2,0,5771.45,2424.01,1038.86,74.4,72.1,135.94,2.38,3.42,32.2,73.02
Uttar Pradesh,Shravasti,Eastern UP,2007-08,Rabi,Wheat,82669.5,174277.92,2108.1,67.1,0,33.6,3,10897.14,4903.71,1634.57,74.4,72.1,210.91,2.22,28.25,38.64,73.02
Uttar Pradesh,Shravasti,Eastern UP,2008-09,Kharif,Rice,80229.6,155535.57,1938.6,1419.7,6,34.1,0,8205.27,3446.21,1476.95,81.1,72.0,163.64,2.38,34.67,34.1,75.64
Uttar Pradesh,Shravasti,Eastern UP,2008-09,Rabi,Wheat,114019.2,261739.64,2295.6,47.7,0,33.6,3,14354.29,6459.43,2153.14,81.1,72.0,201.43,2.22,-8.83,38.64,75.64
Uttar Pradesh,Shravasti,Eastern UP,2009-10,Kharif,Rice,68183.0,146855.78,2153.8,608.7,1,32.4,0,6502.65,2731.11,1170.48,72.6,76.6,152.59,2.38,-42.26,32.4,75.0
Uttar Pradesh,Shravasti,Eastern UP,2009-10,Rabi,Wheat,63059.6,140219.16,2223.6,10.7,0,31.6,2,8251.19,3713.04,1237.68,72.6,76.6,209.36,2.22,-79.55,34.76,75.0
Uttar Pradesh,Shravasti,Eastern UP,2010-11,Kharif,Rice,80781.5,157730.86,1952.6,1143.3,10,32.9,0,7458.63,3132.62,1342.55,68.6,72.6,147.73,2.38,8.45,32.9,71.0
Uttar Pradesh,Shravasti,Eastern UP,2010-11,Rabi,Wheat,82939.4,168687.87,2033.9,80.2,0,32.4,4,11157.43,5020.84,1673.61,68.6,72.6,215.24,2.22,53.29,38.88,71.0
Uttar Pradesh,Shravasti,Eastern UP,2011-12,Kharif,Rice,82082.3,194005.0,2363.5,1095.8,3,32.7,0,9335.1,3920.74,1680.32,76.3,72.9,181.97,2.38,3.94,32.7,74.26
Uttar Pradesh,Shravasti,Eastern UP,2011-12,Rabi,Wheat,110452.5,220418.63,1995.6,29.6,0,33.0,5,15140.22,6813.1,2271.03,76.3,72.9,219.32,2.22,-43.42,41.25,74.26
Uttar Pradesh,Shravasti,Eastern UP,2012-13,Kharif,Rice,104209.4,241271.87,2315.3,1121.8,2,33.4,0,11691.24,4910.32,2104.42,73.1,74.0,179.5,2.38,6.41,33.4,73.64
Uttar Pradesh,Shravasti,Eastern UP,2012-13,Rabi,Wheat,90678.8,224407.4,2474.8,34.4,0,31.3,1,11696.46,5263.4,1754.47,73.1,74.0,206.38,2.22,-34.25,32.87,73.64
Uttar Pradesh,Shravasti,Eastern UP,2013-14,Kharif,Rice,62110.9,120642.71,1942.4,1447.0,12,33.1,0,6388.57,2683.2,1149.94,77.2,76.3,164.57,2.38,37.26,33.1,76.66
Uttar Pradesh,Shravasti,Eastern UP,2013-14,Rabi,Wheat,76408.4,167762.86,2195.6,84.6,0,33.1,5,10394.74,4677.63,1559.21,77.2,76.3,217.67,2.22,61.7,41.38,76.66
Uttar Pradesh,Shravasti,Eastern UP,2014-15,Kharif,Rice,69005.9,157400.38,2281.0,1138.2,4,32.3,0,7206.39,3026.69,1297.15,77.0,74.7,167.09,2.38,7.97,32.3,75.62
Uttar Pradesh,Shravasti,Eastern UP,2014-15,Rabi,Wheat,75903.0,186574.29,2458.1,26.5,0,31.4,2,10795.23,4857.86,1619.29,77.0,74.7,227.56,2.22,-49.35,34.54,75.62
Uttar Pradesh,Shravasti,Eastern UP,2015-16,Kharif,Rice,96873.9,202814.42,2093.6,539.6,2,34.0,0,10295.87,4324.27,1853.26,76.2,73.4,170.05,2.38,-48.81,34.0,74.52
Uttar Pradesh,Shravasti,Eastern UP,2015-16,Rabi,Wheat,111764.4,259478.27,2321.7,39.2,0,31.9,2,17620.85,7929.38,2643.13,76.2,73.4,252.26,2.22,-25.07,35.09,74.52
Uttar Pradesh,Shravasti,Eastern UP,2016-17,Kharif,Rice,105250.6,245376.34,2331.4,1124.0,5,32.9,0,10896.16,4576.39,1961.31,76.2,74.1,165.64,2.38,6.62,32.9,74.94
Uttar Pradesh,Shravasti,Eastern UP,2016-17,Rabi,Wheat,80680.1,216398.1,2682.2,38.3,0,30.5,0,11125.31,5006.39,1668.8,76.2,74.1,220.63,2.22,-26.79,30.5,74.94
Uttar Pradesh,Shravasti,Eastern UP,2017-18,Kharif,Rice,74673.3,160384.06,2147.8,1444.7,11,32.3,0,7510.24,3154.3,1351.84,78.0,78.3,160.92,2.38,37.04,32.3,78.18
Uttar Pradesh,Shravasti,Eastern UP,2017-18,Rabi,Wheat,90513.5,223972.42,2474.5,73.8,0,32.3,2,13832.94,6224.82,2074.94,78.0,78.3,244.52,2.22,41.06,35.53,78.18
Uttar Pradesh,Shravasti,Eastern UP,2018-19,Kharif,Rice,75433.9,166770.1,2210.8,1116.5,4,33.4,0,8504.9,3572.06,1530.88,74.9,74.3,180.39,2.38,5.91,33.4,74.54
Uttar Pradesh,Shravasti,Eastern UP,2018-19,Rabi,Wheat,73196.0,190001.98,2595.8,44.4,0,30.9,0,11617.63,5227.93,1742.64,74.9,74.3,253.95,2.22,-15.14,30.9,74.54
Uttar Pradesh,Balrampur,Eastern UP,1997-98,Kharif,Rice,101815.8,185794.21,1824.8,1074.7,9,34.8,0,9227.58,3875.58,1660.96,68.4,69.2,145.01,2.38,4.85,34.8,68.88
Uttar Pradesh,Balrampur,Eastern UP,1997-98,Rabi,Wheat,82684.1,133036.41,1609.0,65.3,0,33.9,9,8950.43,4027.69,1342.56,68.4,69.2,173.2,2.22,18.0,49.15,68.88
Uttar Pradesh,Balrampur,Eastern UP,1998-99,Kharif,Rice,97608.0,200278.37,2051.9,866.1,5,33.7,0,9164.98,3849.29,1649.7,67.8,69.5,150.23,2.38,-15.5,33.7,68.82
Uttar Pradesh,Balrampur,Eastern UP,1998-99,Rabi,Wheat,78994.8,152428.87,1929.6,58.2,0,33.1,5,8612.95,3875.83,1291.94,67.8,69.5,174.45,2.22,5.17,41.38,68.82
Uttar Pradesh,Balrampur,Eastern UP,1999-00,Kharif,Rice,95261.4,186216.64,1954.8,986.0,7,34.1,0,9173.34,3852.8,1651.2,67.6,70.8,154.07,2.38,-3.81,34.1,69.52
Uttar Pradesh,Balrampur,Eastern UP,1999-00,Rabi,Wheat,91136.6,180395.65,1979.4,60.4,0,33.4,2,11761.71,5292.77,1764.26,67.6,70.8,206.49,2.22,9.14,36.74,69.52
Uttar Pradesh,Balrampur,Eastern UP,2000-01,Kharif,Rice,105665.8,205282.71,1942.8,1036.7,6,32.8,0,11038.37,4636.12,1986.91,75.6,68.9,167.14,2.38,1.14,32.8,71.58
Uttar Pradesh,Balrampur,Eastern UP,2000-01,Rabi,Wheat,105483.0,233462.25,2213.3,63.4,0,30.7,0,11856.73,5335.53,1778.51,75.6,68.9,179.85,2.22,14.56,30.7,71.58
Uttar Pradesh,Balrampur,Eastern UP,2001-02,Kharif,Rice,76817.1,145136.82,1889.4,1075.1,5,34.1,0,6591.19,2768.3,1186.41,68.3,71.4,137.29,2.38,4.89,34.1,70.16
Uttar Pradesh,Balrampur,Eastern UP,2001-02,Rabi,Wheat,97402.9,200111.21,2054.5,65.1,0,32.1,0,13164.31,5923.94,1974.65,68.3,71.4,216.25,2.22,17.63,32.1,70.16
Uttar Pradesh,Balrampur,Eastern UP,2002-03,Kharif,Rice,74011.3,157135.64,2123.1,874.3,6,32.4,0,7186.47,3018.32,1293.56,69.9,75.7,155.36,2.38,-14.7,32.4,73.38
Uttar Pradesh,Balrampur,Eastern UP,2002-03,Rabi,Wheat,87765.7,187910.74,2141.1,38.6,0,30.3,0,12855.85,5785.13,1928.38,69.9,75.7,234.37,2.22,-30.25,30.3,73.38
Uttar Pradesh,Balrampur,Eastern UP,2003-04,Kharif,Rice,84518.5,161548.46,1911.4,1025.6,8,34.5,0,7902.42,3319.02,1422.44,68.0,72.2,149.6,2.38,0.06,34.5,70.52
Uttar Pradesh,Balrampur,Eastern UP,2003-04,Rabi,Wheat,80662.2,108725.49,1347.9,66.1,0,32.5,9,11177.59,5029.92,1676.64,68.0,72.2,221.72,2.22,19.44,47.12,70.52
Uttar Pradesh,Balrampur,Eastern UP,2004-05,Kharif,Rice,97940.5,206963.07,2113.2,666.2,2,33.2,0,8340.31,3502.93,1501.26,68.2,68.9,136.25,2.38,-35.01,33.2,68.62
Uttar Pradesh,Balrampur,Eastern UP,2004-05,Rabi,Wheat,87265.2,169345.73,1940.6,56.0,0,32.1,2,11394.56,5127.55,1709.18,68.2,68.9,208.92,2.22,1.19,35.31,68.62
Uttar Pradesh,Balrampur,Eastern UP,2005-06,Kharif,Rice,85620.4,195242.29,2280.3,1055.6,5,32.5,0,8852.41,3718.01,1593.43,68.2,74.1,165.43,2.38,2.98,32.5,71.74
Uttar Pradesh,Balrampur,Eastern UP,2005-06,Rabi,Wheat,82246.3,170920.32,2078.2,37.2,0,33.1,1,9799.07,4409.58,1469.86,68.2,74.1,190.63,2.22,-32.78,34.76,71.74
Uttar Pradesh,Balrampur,Eastern UP,2006-07,Kharif,Rice,87457.7,191481.13,2189.4,1056.2,4,32.9,0,9174.91,3853.46,1651.48,74.3,71.2,167.85,2.38,3.04,32.9,72.44
Uttar Pradesh,Balrampur,Eastern UP,2006-07,Rabi,Wheat,97960.3,223318.12,2279.7,57.4,0,32.9,2,13505.88,6077.64,2025.88,74.3,71.2,220.59,2.22,3.72,36.19,72.44
Uttar Pradesh,Balrampur,Eastern UP,2007-08,Kharif,Rice,86941.1,176885.77,2034.5,926.1,9,34.0,0,8534.27,3584.39,1536.17,71.7,73.8,157.06,2.38,-9.65,34.0,72.96
Uttar Pradesh,Balrampur,Eastern UP,2007-08,Rabi,Wheat,96709.9,231428.33,2393.0,27.7,0,30.7,0,12363.32,5563.49,1854.5,71.7,73.8,204.54,2.22,-49.95,30.7,72.96
Uttar Pradesh,Balrampur,Eastern UP,2008-09,Kharif,Rice,69725.2,139346.21,1998.5,1538.3,7,33.5,0,7182.71,3016.74,1292.89,76.7,72.7,164.82,2.38,50.08,33.5,74.3
Uttar Pradesh,Balrampur,Eastern UP,2008-09,Rabi,Wheat,87313.5,217538.6,2491.5,33.1,0,29.4,0,11544.76,5195.14,1731.71,76.7,72.7,211.56,2.22,-40.19,29.4,74.3
Uttar Pradesh,Balrampur,Eastern UP,2009-10,Kharif,Rice,91151.4,198573.03,2178.5,761.5,6,33.9,0,9625.13,4042.55,1732.52,75.5,75.2,168.95,2.38,-25.71,33.9,75.32
Uttar Pradesh,Balrampur,Eastern UP,2009-10,Rabi,Wheat,105583.3,239621.9,2269.5,28.7,0,32.5,2,14749.09,6637.09,2212.36,75.5,75.2,223.51,2.22,-48.14,35.75,75.32
Uttar Pradesh,Balrampur,Eastern UP,2010-11,Kharif,Rice,80020.8,167291.87,2090.6,1069.0,8,33.7,0,8421.34,3536.96,1515.84,77.9,72.5,168.38,2.38,4.29,33.7,74.66
Uttar Pradesh,Balrampur,Eastern UP,2010-11,Rabi,Wheat,90855.6,222799.56,2452.2,85.9,0,31.9,2,12679.07,5705.58,1901.86,77.9,72.5,223.28,2.22,55.22,35.09,74.66
Uttar Pradesh,Balrampur,Eastern UP,2011-12,Kharif,Rice,90773.9,206857.47,2278.8,954.5,10,33.5,0,9807.58,4119.18,1765.36,78.6,75.4,172.87,2.38,-6.88,33.5,76.68
Uttar Pradesh,Balrampur,Eastern UP,2011-12,Rabi,Wheat,98671.4,262079.2,2656.1,65.7,0,29.3,0,14444.68,6500.11,2166.7,78.6,75.4,234.23,2.22,18.72,29.3,76.68
Uttar Pradesh,Balrampur,Eastern UP,2012-13,Kharif,Rice,73605.4,167245.84,2272.2,1048.2,6,31.2,0,7343.28,3084.18,1321.79,73.1,74.8,159.62,2.38,2.26,31.2,74.12
Uttar Pradesh,Balrampur,Eastern UP,2012-13,Rabi,Wheat,108571.2,276086.52,2542.9,58.3,0,31.3,0,16500.06,7425.03,2475.01,73.1,74.8,243.16,2.22,5.35,31.3,74.12
Uttar Pradesh,Balrampur,Eastern UP,2013-14,Kharif,Rice,96514.7,231626.95,2399.9,1333.7,7,33.9,0,9580.36,4023.75,1724.46,74.8,75.8,158.82,2.38,30.12,33.9,75.4
Uttar Pradesh,Balrampur,Eastern UP,2013-14,Rabi,Wheat,86504.4,187411.41,2166.5,44.9,0,35.5,6,12568.54,5655.84,1885.28,74.8,75.8,232.47,2.22,-18.87,46.15,75.4
Uttar Pradesh,Balrampur,Eastern UP,2014-15,Kharif,Rice,73116.1,179514.82,2455.2,971.1,6,34.0,0,7101.26,2982.53,1278.23,78.3,76.0,155.4,2.38,-5.26,34.0,76.92
Uttar Pradesh,Balrampur,Eastern UP,2014-15,Rabi,Wheat,79731.5,212445.24,2664.5,51.5,0,29.2,0,11377.55,5119.9,1706.63,78.3,76.0,228.32,2.22,-6.94,29.2,76.92
Uttar Pradesh,Balrampur,Eastern UP,2015-16,Kharif,Rice,77974.2,198924.09,2551.2,829.6,5,31.1,0,7952.26,3339.95,1431.41,82.4,74.2,163.18,2.38,-19.06,31.1,77.48
Uttar Pradesh,Balrampur,Eastern UP,2015-16,Rabi,Wheat,99606.7,264747.67,2657.9,37.0,0,31.5,2,14351.64,6458.24,2152.75,82.4,74.2,230.53,2.22,-33.14,34.65,77.48
Uttar Pradesh,Balrampur,Eastern UP,2016-17,Kharif,Rice,75434.8,166460.06,2206.7,1007.3,8,33.2,0,8605.85,3614.46,1549.05,73.9,74.3,182.53,2.38,-1.73,33.2,74.14
Uttar Pradesh,Balrampur,Eastern UP,2016-17,Rabi,Wheat,101092.5,283925.82,2808.6,72.2,0,28.6,0,13581.61,6111.72,2037.24,73.9,74.3,214.96,2.22,30.46,28.6,74.14
Uttar Pradesh,Balrampur,Eastern UP,2017-18,Kharif,Rice,70316.1,168851.59,2401.3,1416.4,9,32.5,0,7347.41,3085.91,1322.53,78.1,78.6,167.19,2.38,38.18,32.5,78.4
Uttar Pradesh,Balrampur,Eastern UP,2017-18,Rabi,Wheat,88581.1,234958.83,2652.5,43.4,0,31.8,0,13748.22,6186.7,2062.23,78.1,78.6,248.33,2.22,-21.58,31.8,78.4
Uttar Pradesh,Balrampur,Eastern UP,2018-19,Kharif,Rice,68026.3,160752.63,2363.1,1101.0,7,32.9,0,8890.93,3734.19,1600.37,80.2,77.0,209.12,2.38,7.41,32.9,78.28
Uttar Pradesh,Balrampur,Eastern UP,2018-19,Rabi,Wheat,80988.7,214974.61,2654.4,31.9,0,31.8,3,12696.51,5713.43,1904.48,80.2,77.0,250.83,2.22,-42.36,36.57,78.28
Uttar Pradesh,Jhansi,Bundelkhand,1997-98,Kharif,Rice,90519.9,128167.9,1415.9,576.1,2,34.1,0,6343.53,2664.28,1141.83,39.9,37.8,112.13,2.38,-15.09,34.1,38.64
Uttar Pradesh,Jhansi,Bundelkhand,1997-98,Rabi,Wheat,107245.3,110094.47,1026.6,5.0,0,30.0,0,10286.97,4629.14,1543.05,39.9,37.8,153.47,2.22,-87.11,30.0,38.64
Uttar Pradesh,Jhansi,Bundelkhand,1998-99,Kharif,Rice,84256.1,141004.6,1673.5,735.2,3,33.7,0,5225.11,2194.55,940.52,43.0,38.1,99.22,2.38,8.35,33.7,40.06
Uttar Pradesh,Jhansi,Bundelkhand,1998-99,Rabi,Wheat,82234.7,89409.93,1087.3,37.5,0,33.8,4,6715.74,3022.08,1007.36,43.0,38.1,130.66,2.22,-3.34,40.56,40.06
Uttar Pradesh,Jhansi,Bundelkhand,1999-00,Kharif,Rice,71366.2,114867.53,1609.6,591.6,2,32.5,0,5569.99,2339.39,1002.6,47.5,39.5,124.88,2.38,-12.81,32.5,42.7
Uttar Pradesh,Jhansi,Bundelkhand,1999-00,Rabi,Wheat,54573.9,75980.94,1392.3,62.6,0,29.6,0,5062.19,2277.98,759.33,47.5,39.5,148.41,2.22,61.36,29.6,42.7
Uttar Pradesh,Jhansi,Bundelkhand,2000-01,Kharif,Rice,98355.9,164056.26,1668.0,826.0,4,32.6,0,7785.14,3269.76,1401.33,45.4,39.6,126.64,2.38,21.74,32.6,41.92
Uttar Pradesh,Jhansi,Bundelkhand,2000-01,Rabi,Wheat,85665.6,114688.14,1338.8,26.9,0,30.3,0,7346.25,3305.81,1101.94,45.4,39.6,137.21,2.22,-30.66,30.3,41.92
Uttar Pradesh,Jhansi,Bundelkhand,2001-02,Kharif,Rice,106561.1,179637.34,1685.8,705.0,2,33.4,0,7985.67,3353.98,1437.42,46.4,38.9,119.9,2.38,3.9,33.4,41.9
Uttar Pradesh,Jhansi,Bundelkhand,2001-02,Rabi,Wheat,75588.4,101625.99,1344.5,48.1,0,30.1,0,6804.43,3061.99,1020.66,46.4,38.9,144.03,2.22,23.98,30.1,41.9
Uttar Pradesh,Jhansi,Bundelkhand,2002-03,Kharif,Rice,64643.2,82376.02,1274.3,401.5,5,34.0,0,5838.78,2452.29,1050.98,44.0,39.5,144.52,2.38,-40.83,34.0,41.3
Uttar Pradesh,Jhansi,Bundelkhand,2002-03,Rabi,Wheat,76791.3,83263.63,1084.3,8.4,0,33.5,7,7081.5,3186.67,1062.22,44.0,39.5,147.55,2.22,-78.35,45.23,41.3
Uttar Pradesh,Jhansi,Bundelkhand,2003-04,Kharif,Rice,79213.7,123672.27,1561.2,605.0,3,33.4,0,6011.01,2524.63,1081.98,45.2,42.1,121.41,2.38,-10.84,33.4,43.34
Uttar Pradesh,Jhansi,Bundelkhand,2003-04,Rabi,Wheat,114164.4,166527.52,1458.7,30.2,0,30.3,0,12401.95,5580.88,1860.29,45.2,42.1,173.81,2.22,-22.16,30.3,43.34
Uttar Pradesh,Jhansi,Bundelkhand,2004-05,Kharif,Rice,89757.5,120571.85,1343.3,364.7,0,31.9,0,6747.77,2834.06,1214.6,48.5,41.6,120.28,2.38,-46.25,31.9,44.36
Uttar Pradesh,Jhansi,Bundelkhand,2004-05,Rabi,Wheat,112091.8,175362.06,1564.4,9.7,0,31.8,0,12115.4,5451.93,1817.31,48.5,41.6,172.94,2.22,-75.0,31.8,44.36
Uttar Pradesh,Jhansi,Bundelkhand,2005-06,Kharif,Rice,93776.1,150739.98,1607.4,717.9,7,32.7,0,7500.73,3150.31,1350.13,49.4,43.9,127.98,2.38,5.8,32.7,46.1
Uttar Pradesh,Jhansi,Bundelkhand,2005-06,Rabi,Wheat,81469.1,117467.54,1441.9,54.0,0,30.9,0,7176.92,3229.61,1076.54,49.4,43.9,140.95,2.22,39.19,30.9,46.1
Uttar Pradesh,Jhansi,Bundelkhand,2006-07,Kharif,Rice,99515.9,157299.33,1580.6,565.1,2,33.6,0,7981.08,3352.05,1436.59,51.7,42.4,128.32,2.38,-16.72,33.6,46.12
Uttar Pradesh,Jhansi,Bundelkhand,2006-07,Rabi,Wheat,85234.2,118229.0,1387.1,78.9,0,31.3,0,8030.31,3613.64,1204.55,51.7,42.4,150.74,2.22,103.37,31.3,46.12
Uttar Pradesh,Jhansi,Bundelkhand,2007-08,Kharif,Rice,103675.4,186602.58,1799.9,701.4,1,32.4,0,8991.72,3776.52,1618.51,50.0,40.7,138.77,2.38,3.37,32.4,44.42
Uttar Pradesh,Jhansi,Bundelkhand,2007-08,Rabi,Wheat,87685.4,115884.61,1321.6,36.7,0,31.3,1,11021.4,4959.63,1653.21,50.0,40.7,201.11,2.22,-5.4,32.87,44.42
Uttar Pradesh,Jhansi,Bundelkhand,2008-09,Kharif,Rice,86844.3,138065.72,1589.8,959.7,5,34.8,0,7600.99,3192.41,1368.18,49.5,44.5,140.04,2.38,41.44,34.8,46.5
Uttar Pradesh,Jhansi,Bundelkhand,2008-09,Rabi,Wheat,93543.7,122611.8,1310.7,51.5,0,32.0,3,8309.4,3739.23,1246.41,49.5,44.5,142.13,2.22,32.74,36.8,46.5
Uttar Pradesh,Jhansi,Bundelkhand,2009-10,Kharif,Rice,53253.6,80664.1,1514.7,564.0,3,33.8,0,4691.74,1970.53,844.51,46.6,42.0,140.96,2.38,-16.88,33.8,43.84
Uttar Pradesh,Jhansi,Bundelkhand,2009-10,Rabi,Wheat,95582.6,140366.0,1468.5,13.3,0,30.9,0,9108.11,4098.65,1366.22,46.6,42.0,152.46,2.22,-65.72,30.9,43.84
Uttar Pradesh,Jhansi,Bundelkhand,2010-11,Kharif,Rice,95804.0,162960.77,1701.0,666.2,5,33.7,0,8544.36,3588.63,1537.98,51.6,39.5,142.7,2.38,-1.82,33.7,44.34
Uttar Pradesh,Jhansi,Bundelkhand,2010-11,Rabi,Wheat,96259.4,129474.91,1345.1,15.4,0,31.5,3,9797.27,4408.77,1469.59,51.6,39.5,162.85,2.22,-60.31,36.22,44.34
Uttar Pradesh,Jhansi,Bundelkhand,2011-12,Kharif,Rice,81273.1,123361.22,1517.9,549.0,2,32.9,0,7654.77,3215.0,1377.86,46.8,41.7,150.7,2.38,-19.09,32.9,43.74
Uttar Pradesh,Jhansi,Bundelkhand,2011-12,Rabi,Wheat,106324.9,143097.25,1345.8,56.5,0,30.9,0,13042.27,5869.02,1956.34,46.8,41.7,196.26,2.22,45.63,30.9,43.74
Uttar Pradesh,Jhansi,Bundelkhand,2012-13,Kharif,Rice,94391.1,153758.42,1629.0,767.3,4,33.3,0,8486.57,3564.36,1527.58,51.4,44.8,143.85,2.38,13.08,33.3,47.44
Uttar Pradesh,Jhansi,Bundelkhand,2012-13,Rabi,Wheat,106412.2,159235.64,1496.4,48.3,0,32.2,1,10601.87,4770.84,1590.28,51.4,44.8,159.41,2.22,24.5,33.81,47.44
Uttar Pradesh,Jhansi,Bundelkhand,2013-14,Kharif,Rice,87193.9,139308.55,1597.7,887.4,6,32.5,0,7223.67,3033.94,1300.26,55.7,42.2,132.55,2.38,30.78,32.5,47.6
Uttar Pradesh,Jhansi,Bundelkhand,2013-14,Rabi,Wheat,82576.0,113654.99,1376.4,42.7,0,32.8,3,8853.42,3984.04,1328.01,55.7,42.2,171.54,2.22,10.06,37.72,47.6
Uttar Pradesh,Jhansi,Bundelkhand,2014-15,Kharif,Rice,54422.4,97562.15,1792.7,614.9,5,33.3,0,4630.88,1944.97,833.56,52.4,41.6,136.15,2.38,-9.38,33.3,45.92
Uttar Pradesh,Jhansi,Bundelkhand,2014-15,Rabi,Wheat,97997.2,154514.04,1576.7,58.6,0,30.6,0,11350.95,5107.93,1702.64,52.4,41.6,185.33,2.22,51.05,30.6,45.92
Uttar Pradesh,Jhansi,Bundelkhand,2015-16,Kharif,Rice,69642.3,119122.59,1710.5,579.2,4,32.8,0,6281.51,2638.24,1130.67,48.7,44.4,144.31,2.38,-14.64,32.8,46.12
Uttar Pradesh,Jhansi,Bundelkhand,2015-16,Rabi,Wheat,88956.5,131006.23,1472.7,27.7,0,34.2,4,9263.43,4168.54,1389.51,48.7,44.4,166.61,2.22,-28.6,41.04,46.12
Uttar Pradesh,Jhansi,Bundelkhand,2016-17,Kharif,Rice,75366.6,125910.04,1670.6,504.5,4,33.5,0,5742.23,2411.74,1033.6,49.7,44.7,121.91,2.38,-25.65,33.5,46.7
Uttar Pradesh,Jhansi,Bundelkhand,2016-17,Rabi,Wheat,93988.6,137139.57,1459.1,40.7,0,32.2,3,9145.03,4115.26,1371.75,49.7,44.7,155.68,2.22,4.91,37.03,46.7
Uttar Pradesh,Jhansi,Bundelkhand,2017-18,Kharif,Rice,57711.0,121522.16,2105.7,931.8,1,32.1,0,4629.37,1944.33,833.29,55.3,47.3,128.35,2.38,37.33,32.1,50.5
Uttar Pradesh,Jhansi,Bundelkhand,2017-18,Rabi,Wheat,92958.7,139481.71,1500.5,68.5,0,31.5,2,11978.32,5390.24,1796.75,55.3,47.3,206.17,2.22,76.56,34.65,50.5
Uttar Pradesh,Jhansi,Bundelkhand,2018-19,Kharif,Rice,94358.6,191122.71,2025.5,719.9,1,32.5,0,8711.45,3658.81,1568.06,49.7,43.2,147.72,2.38,6.1,32.5,45.8
Uttar Pradesh,Jhansi,Bundelkhand,2018-19,Rabi,Wheat,64165.0,75513.97,1176.9,44.1,0,32.4,4,7604.02,3421.81,1140.6,49.7,43.2,189.61,2.22,13.67,38.88,45.8
Uttar Pradesh,Lalitpur,Bundelkhand,1997-98,Kharif,Rice,134197.1,260691.74,1942.6,744.1,2,33.7,0,8693.47,3651.26,1564.83,45.8,37.5,103.65,2.38,13.49,33.7,40.82
Uttar Pradesh,Lalitpur,Bundelkhand,1997-98,Rabi,Wheat,118152.6,149859.46,1268.4,26.6,0,32.9,8,10553.95,4749.28,1583.09,45.8,37.5,142.92,2.22,-29.61,46.06,40.82
Uttar Pradesh,Lalitpur,Bundelkhand,1998-99,Kharif,Rice,104108.4,161644.07,1552.7,629.7,6,33.8,0,6796.27,2854.43,1223.33,43.7,40.2,104.45,2.38,-3.96,33.8,41.6
Uttar Pradesh,Lalitpur,Bundelkhand,1998-99,Rabi,Wheat,104531.8,147136.25,1407.6,33.8,0,31.8,0,10544.04,4744.82,1581.61,43.7,40.2,161.39,2.22,-10.56,31.8,41.6
Uttar Pradesh,Lalitpur,Bundelkhand,1999-00,Kharif,Rice,69820.9,123213.95,1764.7,749.7,4,33.7,0,5190.53,2180.02,934.3,44.6,40.4,118.95,2.38,14.35,33.7,42.08
Uttar Pradesh,Lalitpur,Bundelkhand,1999-00,Rabi,Wheat,95433.4,116992.9,1225.9,19.1,0,34.0,9,9661.44,4347.65,1449.22,44.6,40.4,161.98,2.22,-49.46,49.3,42.08
Uttar Pradesh,Lalitpur,Bundelkhand,2000-01,Kharif,Rice,108169.0,174144.76,1609.9,627.0,7,33.3,0,7995.44,3358.08,1439.18,47.7,44.4,118.27,2.38,-4.37,33.3,45.72
Uttar Pradesh,Lalitpur,Bundelkhand,2000-01,Rabi,Wheat,93804.2,133119.67,1419.1,42.4,0,31.1,0,7619.29,3428.68,1142.89,47.7,44.4,129.96,2.22,12.2,31.1,45.72
Uttar Pradesh,Lalitpur,Bundelkhand,2001-02,Kharif,Rice,79274.2,142650.96,1799.5,684.0,2,32.7,0,5165.96,2169.7,929.87,52.5,42.0,104.27,2.38,4.33,32.7,46.2
Uttar Pradesh,Lalitpur,Bundelkhand,2001-02,Rabi,Wheat,127524.4,175210.97,1373.9,43.4,0,33.6,4,11529.49,5188.27,1729.42,52.5,42.0,144.66,2.22,14.85,40.32,46.2
Uttar Pradesh,Lalitpur,Bundelkhand,2002-03,Kharif,Rice,104821.1,170048.63,1622.3,473.0,3,34.2,0,10083.94,4235.25,1815.11,46.2,35.4,153.92,2.38,-27.86,34.2,39.72
Uttar Pradesh,Lalitpur,Bundelkhand,2002-03,Rabi,Wheat,96017.0,120889.0,1259.0,20.5,0,34.9,9,8563.17,3853.43,1284.48,46.2,35.4,142.69,2.22,-45.75,50.6,39.72
Uttar Pradesh,Lalitpur,Bundelkhand,2003-04,Kharif,Rice,86539.5,145702.47,1683.7,584.3,4,34.8,0,5338.86,2242.32,961.0,45.9,36.2,98.71,2.38,-10.88,34.8,40.08
Uttar Pradesh,Lalitpur,Bundelkhand,2003-04,Rabi,Wheat,97359.7,140613.41,1444.3,35.0,0,30.0,0,9572.29,4307.53,1435.84,45.9,36.2,157.31,2.22,-7.38,30.0,40.08
Uttar Pradesh,Lalitpur,Bundelkhand,2004-05,Kharif,Rice,102345.6,165917.22,1621.1,287.9,0,33.1,0,8152.72,3424.14,1467.49,43.1,39.1,127.45,2.38,-56.09,33.1,40.7
Uttar Pradesh,Lalitpur,Bundelkhand,2004-05,Rabi,Wheat,101866.9,157398.49,1545.1,37.1,0,31.4,1,8638.31,3887.24,1295.75,43.1,39.1,135.68,2.22,-1.82,32.97,40.7
Uttar Pradesh,Lalitpur,Bundelkhand,2005-06,Kharif,Rice,98226.5,176539.38,1797.3,581.1,3,33.6,0,6317.52,2653.36,1137.15,49.1,41.1,102.91,2.38,-11.37,33.6,44.3
Uttar Pradesh,Lalitpur,Bundelkhand,2005-06,Rabi,Wheat,83576.1,146676.43,1755.0,17.0,0,29.0,0,7892.36,3551.56,1183.85,49.1,41.1,151.09,2.22,-55.01,29.0,44.3
Uttar Pradesh,Lalitpur,Bundelkhand,2006-07,Kharif,Rice,109447.9,222653.19,2034.3,769.5,4,32.4,0,10203.01,4285.26,1836.54,52.8,37.1,149.16,2.38,17.37,32.4,43.38
Uttar Pradesh,Lalitpur,Bundelkhand,2006-07,Rabi,Wheat,115489.7,215658.42,1867.3,18.3,0,30.2,0,13140.69,5913.31,1971.1,52.8,37.1,182.05,2.22,-51.57,30.2,43.38
Uttar Pradesh,Lalitpur,Bundelkhand,2007-08,Kharif,Rice,112734.2,201994.46,1791.8,709.3,6,34.5,0,7922.42,3327.41,1426.03,53.0,42.3,112.44,2.38,8.19,34.5,46.58
Uttar Pradesh,Lalitpur,Bundelkhand,2007-08,Rabi,Wheat,122457.4,225145.93,1838.6,54.0,0,30.3,0,13667.69,6150.46,2050.15,53.0,42.3,178.58,2.22,42.9,30.3,46.58
Uttar Pradesh,Lalitpur,Bundelkhand,2008-09,Kharif,Rice,74732.0,145612.81,1948.5,919.4,4,33.2,0,5341.88,2243.59,961.54,42.6,42.0,114.37,2.38,40.23,33.2,42.24
Uttar Pradesh,Lalitpur,Bundelkhand,2008-09,Rabi,Wheat,87268.0,147954.55,1695.4,48.7,0,31.7,1,7518.9,3383.5,1127.83,42.6,42.0,137.85,2.22,28.87,33.29,42.24
Uttar Pradesh,Lalitpur,Bundelkhand,2009-10,Kharif,Rice,74974.8,105602.46,1408.5,339.1,4,32.6,0,4499.48,1889.78,809.91,50.3,46.3,96.02,2.38,-48.28,32.6,47.9
Uttar Pradesh,Lalitpur,Bundelkhand,2009-10,Rabi,Wheat,100585.7,169123.53,1681.4,59.4,0,32.0,2,10963.22,4933.45,1644.48,50.3,46.3,174.39,2.22,57.19,35.2,47.9
Uttar Pradesh,Lalitpur,Bundelkhand,2010-11,Kharif,Rice,111417.1,236521.2,2122.8,790.0,3,32.3,0,10192.62,4280.9,1834.67,50.9,37.1,146.37,2.38,20.49,32.3,42.62
Uttar Pradesh,Lalitpur,Bundelkhand,2010-11,Rabi,Wheat,122054.7,225011.27,1843.5,22.7,0,31.2,0,12533.74,5640.18,1880.06,50.9,37.1,164.3,2.22,-39.93,31.2,42.62
Uttar Pradesh,Lalitpur,Bundelkhand,2011-12,Kharif,Rice,112425.5,218233.14,1941.1,834.8,4,33.3,0,8584.32,3605.41,1545.18,53.8,41.8,122.17,2.38,27.33,33.3,46.6
Uttar Pradesh,Lalitpur,Bundelkhand,2011-12,Rabi,Wheat,108597.4,178676.23,1645.3,28.4,0,31.2,2,11197.25,5038.76,1679.59,53.8,41.8,164.97,2.22,-24.85,34.32,46.6
Uttar Pradesh,Lalitpur,Bundelkhand,2012-13,Kharif,Rice,106029.2,202462.31,1909.5,661.7,6,33.4,0,8673.92,3643.04,1561.3,49.6,38.7,130.89,2.38,0.93,33.4,43.06
Uttar Pradesh,Lalitpur,Bundelkhand,2012-13,Rabi,Wheat,88157.6,154916.9,1757.3,39.9,0,30.4,0,10335.47,4650.96,1550.32,49.6,38.7,187.58,2.22,5.59,30.4,43.06
Uttar Pradesh,Lalitpur,Bundelkhand,2013-14,Kharif,Rice,86218.2,183366.09,2126.8,923.2,5,33.6,0,6932.8,2911.77,1247.9,57.1,43.6,128.66,2.38,40.81,33.6,49.0
Uttar Pradesh,Lalitpur,Bundelkhand,2013-14,Rabi,Wheat,99932.6,187590.74,1877.2,65.0,0,31.6,1,11685.76,5258.59,1752.86,57.1,43.6,187.1,2.22,72.01,33.18,49.0
Uttar Pradesh,Lalitpur,Bundelkhand,2014-15,Kharif,Rice,97869.2,185336.37,1893.7,619.3,3,34.3,0,7160.88,3007.57,1288.96,47.8,38.8,117.07,2.38,-5.54,34.3,42.4
Uttar Pradesh,Lalitpur,Bundelkhand,2014-15,Rabi,Wheat,108503.1,207785.84,1915.0,54.1,0,29.5,0,11794.32,5307.44,1769.15,47.8,38.8,173.92,2.22,43.16,29.5,42.4
Uttar Pradesh,Lalitpur,Bundelkhand,2015-16,Kharif,Rice,98443.6,182283.04,1851.6,481.6,2,34.9,0,8798.56,3695.4,1583.74,55.2,43.5,143.0,2.38,-26.54,34.9,48.18
Uttar Pradesh,Lalitpur,Bundelkhand,2015-16,Rabi,Wheat,93485.8,177277.28,1896.3,19.9,0,31.7,1,11527.91,5187.56,1729.19,55.2,43.5,197.3,2.22,-47.34,33.29,48.18
Uttar Pradesh,Lalitpur,Bundelkhand,2016-17,Kharif,Rice,104829.3,221139.43,2109.5,737.8,8,31.5,0,10091.59,4238.47,1816.49,50.5,46.0,154.03,2.38,12.53,31.5,47.8
Uttar Pradesh,Lalitpur,Bundelkhand,2016-17,Rabi,Wheat,113929.3,180630.69,1585.5,45.4,0,31.9,1,14189.49,6385.27,2128.42,50.5,46.0,199.27,2.22,20.14,33.49,47.8
Uttar Pradesh,Lalitpur,Bundelkhand,2017-18,Kharif,Rice,95279.7,216073.56,2267.8,749.3,4,32.6,0,8154.93,3425.07,1467.89,54.1,43.8,136.94,2.38,14.29,32.6,47.92
Uttar Pradesh,Lalitpur,Bundelkhand,2017-18,Rabi,Wheat,68183.3,126945.97,1861.8,56.8,0,31.7,3,5629.39,2533.23,844.41,54.1,43.8,132.1,2.22,50.31,36.45,47.92
Uttar Pradesh,Lalitpur,Bundelkhand,2018-19,Kharif,Rice,77993.9,139225.91,1785.1,404.0,5,33.1,0,6300.87,2646.36,1134.16,57.3,45.3,129.26,2.38,-38.38,33.1,50.1
Uttar Pradesh,Lalitpur,Bundelkhand,2018-19,Rabi,Wheat,105793.9,197889.38,1870.5,74.1,0,32.1,3,14521.06,6534.48,2178.16,57.3,45.3,219.61,2.22,96.09,36.91,50.1
Uttar Pradesh,Jalaun,Bundelkhand,1997-98,Kharif,Rice,81900.6,119526.13,1459.4,628.3,5,32.7,0,5612.3,2357.17,1010.21,36.8,40.1,109.64,2.38,-6.18,32.7,38.78
Uttar Pradesh,Jalaun,Bundelkhand,1997-98,Rabi,Wheat,90087.9,87547.84,971.8,24.0,0,31.0,0,8164.95,3674.23,1224.74,36.8,40.1,145.01,2.22,-34.58,31.0,38.78
Uttar Pradesh,Jalaun,Bundelkhand,1998-99,Kharif,Rice,90986.5,145936.96,1603.9,821.9,5,34.1,0,5859.56,2461.02,1054.72,42.8,38.5,103.04,2.38,22.72,34.1,40.22
Uttar Pradesh,Jalaun,Bundelkhand,1998-99,Rabi,Wheat,96459.1,144799.8,1501.2,45.1,0,29.8,0,8403.26,3781.47,1260.49,42.8,38.5,139.39,2.22,22.94,29.8,40.22
Uttar Pradesh,Jalaun,Bundelkhand,1999-00,Kharif,Rice,76183.8,133778.96,1756.0,739.3,5,33.6,0,5124.57,2152.32,922.42,40.2,34.3,107.63,2.38,10.39,33.6,36.66
Uttar Pradesh,Jalaun,Bundelkhand,1999-00,Rabi,Wheat,70142.3,82651.5,1178.3,57.5,0,31.2,0,6243.0,2809.35,936.45,40.2,34.3,142.41,2.22,56.74,31.2,36.66
Uttar Pradesh,Jalaun,Bundelkhand,2000-01,Kharif,Rice,91958.6,150929.21,1641.3,742.6,5,33.2,0,5949.86,2498.94,1070.97,46.9,37.7,103.52,2.38,10.88,33.2,41.38
Uttar Pradesh,Jalaun,Bundelkhand,2000-01,Rabi,Wheat,110471.3,136179.97,1232.7,35.0,0,33.1,1,8837.71,3976.97,1325.66,46.9,37.7,128.0,2.22,-4.59,34.76,41.38
Uttar Pradesh,Jalaun,Bundelkhand,2001-02,Kharif,Rice,106185.2,187534.93,1766.1,722.9,3,32.4,0,6749.55,2834.81,1214.92,51.1,42.6,101.7,2.38,7.94,32.4,46.0
Uttar Pradesh,Jalaun,Bundelkhand,2001-02,Rabi,Wheat,101938.2,139258.95,1366.1,36.0,0,29.6,0,10632.69,4784.71,1594.9,51.1,42.6,166.89,2.22,-1.87,29.6,46.0
Uttar Pradesh,Jalaun,Bundelkhand,2002-03,Kharif,Rice,86729.1,130501.31,1504.7,328.9,1,33.3,0,6811.95,2861.02,1226.15,44.5,42.7,125.67,2.38,-50.89,33.3,43.42
Uttar Pradesh,Jalaun,Bundelkhand,2002-03,Rabi,Wheat,80177.2,106253.88,1325.2,5.0,0,30.2,0,7003.24,3151.46,1050.49,44.5,42.7,139.76,2.22,-86.37,30.2,43.42
Uttar Pradesh,Jalaun,Bundelkhand,2003-04,Kharif,Rice,83762.1,131495.92,1569.9,631.0,4,33.4,0,7062.82,2966.38,1271.31,47.5,43.2,134.91,2.38,-5.78,33.4,44.92
Uttar Pradesh,Jalaun,Bundelkhand,2003-04,Rabi,Wheat,104134.7,122764.2,1178.9,39.6,0,32.2,3,10013.09,4505.89,1501.96,47.5,43.2,153.85,2.22,7.95,37.03,44.92
Uttar Pradesh,Jalaun,Bundelkhand,2004-05,Kharif,Rice,94877.7,138798.89,1462.9,406.5,5,33.1,0,8074.41,3391.25,1453.39,43.3,41.9,136.17,2.38,-39.3,33.1,42.46
Uttar Pradesh,Jalaun,Bundelkhand,2004-05,Rabi,Wheat,95893.5,123790.0,1290.9,69.3,0,30.4,0,10378.71,4670.42,1556.81,43.3,41.9,173.17,2.22,88.9,30.4,42.46
Uttar Pradesh,Jalaun,Bundelkhand,2005-06,Kharif,Rice,68856.7,121152.49,1759.5,787.8,4,33.1,0,6009.62,2524.04,1081.73,49.2,41.5,139.64,2.38,17.63,33.1,44.58
Uttar Pradesh,Jalaun,Bundelkhand,2005-06,Rabi,Wheat,65760.5,93581.26,1423.1,35.2,0,32.0,3,6991.79,3146.31,1048.77,49.2,41.5,170.12,2.22,-4.05,36.8,44.58
Uttar Pradesh,Jalaun,Bundelkhand,2006-07,Kharif,Rice,94985.4,151575.8,1595.8,770.9,5,34.4,0,6509.58,2734.03,1171.73,49.3,43.5,109.65,2.38,15.11,34.4,45.82
Uttar Pradesh,Jalaun,Bundelkhand,2006-07,Rabi,Wheat,88430.0,142731.52,1614.1,5.0,0,30.3,0,8740.25,3933.11,1311.04,49.3,43.5,158.14,2.22,-86.37,30.3,45.82
Uttar Pradesh,Jalaun,Bundelkhand,2007-08,Kharif,Rice,81972.2,132574.92,1617.3,691.2,7,34.5,0,7802.33,3276.98,1404.42,54.4,40.6,152.29,2.38,3.21,34.5,46.12
Uttar Pradesh,Jalaun,Bundelkhand,2007-08,Rabi,Wheat,115392.7,162058.34,1404.4,11.8,0,31.8,2,11403.52,5131.59,1710.53,54.4,40.6,158.12,2.22,-67.83,34.98,46.12
Uttar Pradesh,Jalaun,Bundelkhand,2008-09,Kharif,Rice,95891.5,178357.47,1860.0,870.5,4,33.1,0,6662.47,2798.24,1199.24,50.4,44.4,111.17,2.38,29.98,33.1,46.8
Uttar Pradesh,Jalaun,Bundelkhand,2008-09,Rabi,Wheat,85912.5,136486.98,1588.7,33.3,0,30.1,0,9087.66,4089.45,1363.15,50.4,44.4,169.24,2.22,-9.23,30.1,46.8
Uttar Pradesh,Jalaun,Bundelkhand,2009-10,Kharif,Rice,72444.8,116916.76,1613.9,327.0,3,32.7,0,6102.07,2562.87,1098.37,52.5,41.0,134.77,2.38,-51.17,32.7,45.6
Uttar Pradesh,Jalaun,Bundelkhand,2009-10,Rabi,Wheat,74885.1,126950.53,1695.3,36.1,0,31.1,0,9923.12,4465.4,1488.47,52.5,41.0,212.02,2.22,-1.6,31.1,45.6
Uttar Pradesh,Jalaun,Bundelkhand,2010-11,Kharif,Rice,93459.9,154570.87,1653.9,578.3,5,33.5,0,8199.75,3443.89,1475.95,55.9,38.2,140.38,2.38,-13.65,33.5,45.28
Uttar Pradesh,Jalaun,Bundelkhand,2010-11,Rabi,Wheat,92014.6,159503.31,1733.5,43.2,0,30.3,0,10182.75,4582.24,1527.41,55.9,38.2,177.06,2.22,17.76,30.3,45.28
Uttar Pradesh,Jalaun,Bundelkhand,2011-12,Kharif,Rice,69169.2,96132.56,1389.8,445.5,5,33.4,0,5179.0,2175.18,932.22,55.3,40.5,119.8,2.38,-33.48,33.4,46.42
Uttar Pradesh,Jalaun,Bundelkhand,2011-12,Rabi,Wheat,102968.0,169976.85,1650.8,54.2,0,31.1,0,9956.98,4480.64,1493.55,55.3,40.5,154.72,2.22,47.74,31.1,46.42
Uttar Pradesh,Jalaun,Bundelkhand,2012-13,Kharif,Rice,75786.7,126378.71,1667.6,801.1,7,34.5,0,6689.75,2809.7,1204.16,52.9,40.4,141.23,2.38,19.62,34.5,45.4
Uttar Pradesh,Jalaun,Bundelkhand,2012-13,Rabi,Wheat,98008.1,136109.15,1388.8,73.9,0,32.9,5,10079.73,4535.88,1511.96,52.9,40.4,164.55,2.22,101.44,41.12,45.4
Uttar Pradesh,Jalaun,Bundelkhand,2013-14,Kharif,Rice,63298.4,124943.77,1973.9,786.9,3,32.8,0,5324.66,2236.36,958.44,53.5,42.4,134.59,2.38,17.5,32.8,46.84
Uttar Pradesh,Jalaun,Bundelkhand,2013-14,Rabi,Wheat,99117.1,168165.6,1696.6,41.6,0,32.4,2,9914.56,4461.55,1487.18,53.5,42.4,160.05,2.22,13.4,35.64,46.84
Uttar Pradesh,Jalaun,Bundelkhand,2014-15,Kharif,Rice,92612.1,177721.63,1919.0,686.8,4,32.5,0,6930.08,2910.63,1247.41,49.2,44.0,119.73,2.38,2.55,32.5,46.08
Uttar Pradesh,Jalaun,Bundelkhand,2014-15,Rabi,Wheat,78066.9,119865.38,1535.4,18.8,0,32.7,3,8261.87,3717.84,1239.28,49.2,44.0,169.33,2.22,-48.75,37.6,46.08
Uttar Pradesh,Jalaun,Bundelkhand,2015-16,Kharif,Rice,97849.1,167146.51,1708.2,543.3,5,33.3,0,7599.59,3191.83,1367.93,51.3,44.2,124.27,2.38,-18.88,33.3,47.04
Uttar Pradesh,Jalaun,Bundelkhand,2015-16,Rabi,Wheat,83320.1,139901.95,1679.1,6.3,0,32.7,3,10323.04,4645.37,1548.46,51.3,44.2,198.23,2.22,-82.83,37.6,47.04
Uttar Pradesh,Jalaun,Bundelkhand,2016-17,Kharif,Rice,62038.0,110267.96,1777.4,564.5,4,31.4,0,4524.11,1900.12,814.34,53.9,45.6,116.68,2.38,-15.71,31.4,48.92
Uttar Pradesh,Jalaun,Bundelkhand,2016-17,Rabi,Wheat,99323.8,160319.33,1614.1,7.7,0,30.9,0,11741.56,5283.7,1761.23,53.9,45.6,189.14,2.22,-79.01,30.9,48.92
Uttar Pradesh,Jalaun,Bundelkhand,2017-18,Kharif,Rice,107579.7,215417.9,2002.4,897.1,6,33.4,0,8992.49,3776.84,1618.65,53.9,43.8,133.74,2.38,33.95,33.4,47.84
Uttar Pradesh,Jalaun,Bundelkhand,2017-18,Rabi,Wheat,66342.8,97312.78,1466.8,76.3,0,33.3,5,5991.47,2696.16,898.72,53.9,43.8,144.5,2.22,107.99,41.62,47.84
Uttar Pradesh,Jalaun,Bundelkhand,2018-19,Kharif,Rice,92462.9,172160.94,1861.9,641.8,3,34.9,0,8980.47,3771.8,1616.48,56.4,43.2,155.4,2.38,-4.17,34.9,48.48
Uttar Pradesh,Jalaun,Bundelkhand,2018-19,Rabi,Wheat,93666.3,181435.66,1937.0,32.8,0,31.6,1,10223.25,4600.46,1533.49,56.4,43.2,174.63,2.22,-10.59,33.18,48.48
Uttar Pradesh,Hamirpur,Bundelkhand,1997-98,Kharif,Rice,83750.4,121432.72,1449.9,837.9,5,32.7,0,5965.65,2505.57,1073.82,46.7,39.1,113.97,2.38,23.99,32.7,42.14
Uttar Pradesh,Hamirpur,Bundelkhand,1997-98,Rabi,Wheat,83180.4,104055.68,1251.0,39.6,0,31.4,0,6800.06,3060.03,1020.01,46.7,39.1,130.8,2.22,9.47,31.4,42.14
Uttar Pradesh,Hamirpur,Bundelkhand,1998-99,Kharif,Rice,83252.5,112463.58,1350.9,806.0,5,32.8,0,6316.05,2652.74,1136.89,43.0,37.2,121.39,2.38,19.27,32.8,39.52
Uttar Pradesh,Hamirpur,Bundelkhand,1998-99,Rabi,Wheat,87270.3,107356.66,1230.2,38.6,0,31.9,1,8936.19,4021.29,1340.43,43.0,37.2,163.83,2.22,6.71,33.49,39.52
Uttar Pradesh,Hamirpur,Bundelkhand,1999-00,Kharif,Rice,75339.4,94469.95,1253.9,593.5,4,33.7,0,4769.7,2003.27,858.55,45.4,36.4,101.3,2.38,-12.18,33.7,40.0
Uttar Pradesh,Hamirpur,Bundelkhand,1999-00,Rabi,Wheat,88848.2,110339.01,1241.9,35.6,0,30.6,0,7700.88,3465.4,1155.13,45.4,36.4,138.68,2.22,-1.59,30.6,40.0
Uttar Pradesh,Hamirpur,Bundelkhand,2000-01,Kharif,Rice,62031.5,94596.63,1525.0,875.2,3,33.4,0,4248.02,1784.17,764.64,37.3,34.6,109.57,2.38,29.51,33.4,35.68
Uttar Pradesh,Hamirpur,Bundelkhand,2000-01,Rabi,Wheat,78830.8,90788.67,1151.7,44.5,0,31.9,1,8554.14,3849.36,1283.12,37.3,34.6,173.62,2.22,23.02,33.49,35.68
Uttar Pradesh,Hamirpur,Bundelkhand,2001-02,Kharif,Rice,67888.8,106241.13,1564.9,761.9,3,32.8,0,5160.57,2167.44,928.9,46.4,41.2,121.62,2.38,12.74,32.8,43.28
Uttar Pradesh,Hamirpur,Bundelkhand,2001-02,Rabi,Wheat,77101.5,88141.46,1143.2,46.8,0,30.8,0,7461.22,3357.55,1119.18,46.4,41.2,154.83,2.22,29.37,30.8,43.28
Uttar Pradesh,Hamirpur,Bundelkhand,2002-03,Kharif,Rice,61592.7,79989.67,1298.7,338.1,1,33.3,0,4239.76,1780.7,763.16,47.9,41.7,110.14,2.38,-49.97,33.3,44.18
Uttar Pradesh,Hamirpur,Bundelkhand,2002-03,Rabi,Wheat,97179.4,130027.87,1338.0,8.9,0,30.6,0,9932.9,4469.8,1489.93,47.9,41.7,163.54,2.22,-75.4,30.6,44.18
Uttar Pradesh,Hamirpur,Bundelkhand,2003-04,Kharif,Rice,67147.3,100500.21,1496.7,744.1,5,32.5,0,5062.77,2126.36,911.3,47.6,41.7,120.64,2.38,10.11,32.5,44.06
Uttar Pradesh,Hamirpur,Bundelkhand,2003-04,Rabi,Wheat,60556.2,80143.78,1323.5,37.0,0,31.7,1,5726.95,2577.13,859.04,47.6,41.7,151.32,2.22,2.28,33.29,44.06
Uttar Pradesh,Hamirpur,Bundelkhand,2004-05,Kharif,Rice,53008.2,62749.8,1183.8,356.7,4,32.5,0,4480.76,1881.92,806.54,45.2,40.3,135.25,2.38,-47.22,32.5,42.26
Uttar Pradesh,Hamirpur,Bundelkhand,2004-05,Rabi,Wheat,112968.5,133339.75,1180.3,5.0,0,33.5,2,10796.12,4858.25,1619.42,45.2,40.3,152.91,2.22,-86.18,36.85,42.26
Uttar Pradesh,Hamirpur,Bundelkhand,2005-06,Kharif,Rice,85252.6,136191.64,1597.5,626.8,1,33.6,0,6030.38,2532.76,1085.47,53.8,39.4,113.18,2.38,-7.25,33.6,45.16
Uttar Pradesh,Hamirpur,Bundelkhand,2005-06,Rabi,Wheat,96316.9,124818.97,1295.9,37.5,0,30.8,0,7705.35,3467.41,1155.8,53.8,39.4,128.0,2.22,3.67,30.8,45.16
Uttar Pradesh,Hamirpur,Bundelkhand,2006-07,Kharif,Rice,92261.5,167660.66,1817.2,718.6,1,31.7,0,7587.89,3186.92,1365.82,50.3,40.4,131.59,2.38,6.33,31.7,44.36
Uttar Pradesh,Hamirpur,Bundelkhand,2006-07,Rabi,Wheat,80917.4,128840.07,1592.2,41.9,0,30.4,0,7852.4,3533.58,1177.86,50.3,40.4,155.27,2.22,15.83,30.4,44.36
Uttar Pradesh,Hamirpur,Bundelkhand,2007-08,Kharif,Rice,73354.6,112176.77,1529.2,492.1,2,33.5,0,5202.5,2185.05,936.45,48.3,41.0,113.48,2.38,-27.18,33.5,43.92
Uttar Pradesh,Hamirpur,Bundelkhand,2007-08,Rabi,Wheat,86714.4,125420.47,1446.4,37.6,0,30.7,0,9113.36,4101.01,1367.0,48.3,41.0,168.15,2.22,3.94,30.7,43.92
Uttar Pradesh,Hamirpur,Bundelkhand,2008-09,Kharif,Rice,88176.4,146403.34,1660.3,727.3,4,32.0,0,7217.24,3031.24,1299.1,51.7,41.2,130.96,2.38,7.62,32.0,45.4
Uttar Pradesh,Hamirpur,Bundelkhand,2008-09,Rabi,Wheat,83375.1,115552.01,1385.9,33.5,0,31.0,0,8653.15,3893.92,1297.97,51.7,41.2,166.06,2.22,-7.39,31.0,45.4
Uttar Pradesh,Hamirpur,Bundelkhand,2009-10,Kharif,Rice,56569.6,84150.36,1487.6,453.1,3,33.2,0,4970.28,2087.52,894.65,49.7,41.0,140.58,2.38,-32.95,33.2,44.48
Uttar Pradesh,Hamirpur,Bundelkhand,2009-10,Rabi,Wheat,72824.2,96261.74,1321.8,35.1,0,32.4,1,6925.45,3116.45,1038.82,49.7,41.0,152.16,2.22,-2.97,34.02,44.48
Uttar Pradesh,Hamirpur,Bundelkhand,2010-11,Kharif,Rice,61150.0,103806.74,1697.6,601.7,1,32.9,0,4820.8,2024.74,867.74,50.6,40.2,126.14,2.38,-10.96,32.9,44.36
Uttar Pradesh,Hamirpur,Bundelkhand,2010-11,Rabi,Wheat,90791.5,117851.61,1298.0,26.1,0,32.7,3,8532.59,3839.67,1279.89,50.6,40.2,150.37,2.22,-27.85,37.6,44.36
Uttar Pradesh,Hamirpur,Bundelkhand,2011-12,Kharif,Rice,83376.3,128301.23,1538.8,795.4,6,34.2,0,7453.86,3130.62,1341.69,43.0,43.0,143.04,2.38,17.7,34.2,43.0
Uttar Pradesh,Hamirpur,Bundelkhand,2011-12,Rabi,Wheat,95210.3,99657.51,1046.7,49.6,0,33.3,6,9234.24,4155.41,1385.14,43.0,43.0,155.18,2.22,37.11,43.29,43.0
Uttar Pradesh,Hamirpur,Bundelkhand,2012-13,Kharif,Rice,67455.0,118570.98,1757.8,784.6,6,33.7,0,4663.93,1958.85,839.51,52.3,41.4,110.63,2.38,16.1,33.7,45.76
Uttar Pradesh,Hamirpur,Bundelkhand,2012-13,Rabi,Wheat,71121.2,103009.62,1448.4,11.9,0,29.9,0,6873.12,3092.9,1030.97,52.3,41.4,154.62,2.22,-67.1,29.9,45.76
Uttar Pradesh,Hamirpur,Bundelkhand,2013-14,Kharif,Rice,74621.6,136202.83,1825.2,1002.8,7,32.0,0,6168.0,2590.56,1110.24,51.5,39.3,132.25,2.38,48.39,32.0,44.18
Uttar Pradesh,Hamirpur,Bundelkhand,2013-14,Rabi,Wheat,98901.5,142550.16,1441.3,43.1,0,30.5,0,10144.54,4565.05,1521.68,51.5,39.3,164.12,2.22,19.15,30.5,44.18
Uttar Pradesh,Hamirpur,Bundelkhand,2014-15,Kharif,Rice,61875.4,106075.46,1714.3,680.3,2,33.8,0,5930.46,2490.8,1067.48,56.2,38.6,153.35,2.38,0.67,33.8,45.64
Uttar Pradesh,Hamirpur,Bundelkhand,2014-15,Rabi,Wheat,80594.8,92827.4,1151.8,36.3,0,33.5,9,8845.73,3980.58,1326.86,56.2,38.6,175.61,2.22,0.35,48.57,45.64
Uttar Pradesh,Hamirpur,Bundelkhand,2015-16,Kharif,Rice,79271.4,117237.9,1478.9,368.1,2,33.5,0,6387.39,2682.71,1149.73,50.4,43.6,128.92,2.38,-45.53,33.5,46.32
Uttar Pradesh,Hamirpur,Bundelkhand,2015-16,Rabi,Wheat,98908.8,159821.61,1615.8,29.0,0,32.4,0,11458.72,5156.43,1718.81,50.4,43.6,185.36,2.22,-19.83,32.4,46.32
Uttar Pradesh,Hamirpur,Bundelkhand,2016-17,Kharif,Rice,97363.7,176102.98,1808.7,665.7,2,33.7,0,6911.08,2902.65,1243.99,53.5,41.1,113.57,2.38,-1.49,33.7,46.06
Uttar Pradesh,Hamirpur,Bundelkhand,2016-17,Rabi,Wheat,79413.1,124775.64,1571.2,67.0,0,30.6,0,9220.25,4149.11,1383.04,53.5,41.1,185.77,2.22,85.22,30.6,46.06
Uttar Pradesh,Hamirpur,Bundelkhand,2017-18,Kharif,Rice,94437.8,147884.75,1565.9,913.0,10,32.5,0,8923.6,3747.91,1606.25,49.4,45.5,151.19,2.38,35.1,32.5,47.06
Uttar Pradesh,Hamirpur,Bundelkhand,2017-18,Rabi,Wheat,78116.4,120751.07,1545.8,48.2,0,32.1,0,9705.87,4367.64,1455.88,49.4,45.5,198.8,2.22,33.24,32.1,47.06
Uttar Pradesh,Hamirpur,Bundelkhand,2018-19,Kharif,Rice,54558.7,97697.93,1790.7,662.2,4,32.9,0,5060.9,2125.58,910.96,55.6,41.2,148.42,2.38,-2.01,32.9,46.96
Uttar Pradesh,Hamirpur,Bundelkhand,2018-19,Rabi,Wheat,94252.1,150523.06,1597.0,20.3,0,30.4,0,10664.35,4798.96,1599.65,55.6,41.2,181.04,2.22,-43.88,30.4,46.96
Uttar Pradesh,Mahoba,Bundelkhand,1997-98,Kharif,Rice,111967.7,186020.02,1661.4,853.9,3,34.2,0,6718.06,2821.59,1209.25,46.1,38.1,96.0,2.38,24.81,34.2,41.3
Uttar Pradesh,Mahoba,Bundelkhand,1997-98,Rabi,Wheat,89103.9,102789.09,1153.6,15.3,0,33.0,3,8616.72,3877.52,1292.51,46.1,38.1,154.73,2.22,-57.16,37.95,41.3
Uttar Pradesh,Mahoba,Bundelkhand,1998-99,Kharif,Rice,89323.7,147269.67,1648.7,679.6,2,33.0,0,5442.65,2285.91,979.68,44.7,40.6,97.49,2.38,-0.67,33.0,42.24
Uttar Pradesh,Mahoba,Bundelkhand,1998-99,Rabi,Wheat,88657.8,110831.02,1250.1,67.4,0,32.8,4,7925.76,3566.59,1188.86,44.7,40.6,143.04,2.22,88.74,39.36,42.24
Uttar Pradesh,Mahoba,Bundelkhand,1999-00,Kharif,Rice,83740.0,131754.55,1573.4,654.3,4,33.7,0,5429.39,2280.34,977.29,45.9,41.2,103.74,2.38,-4.36,33.7,43.08
Uttar Pradesh,Mahoba,Bundelkhand,1999-00,Rabi,Wheat,87007.5,117612.55,1351.8,13.6,0,27.6,0,8876.54,3994.44,1331.48,45.9,41.2,163.23,2.22,-61.92,27.6,43.08
Uttar Pradesh,Mahoba,Bundelkhand,2000-01,Kharif,Rice,76410.1,140338.54,1836.6,783.5,0,33.5,0,4584.61,1925.53,825.23,44.8,41.3,96.0,2.38,14.52,33.5,42.7
Uttar Pradesh,Mahoba,Bundelkhand,2000-01,Rabi,Wheat,98944.3,130023.52,1314.1,36.1,0,32.6,3,8658.26,3896.22,1298.74,44.8,41.3,140.01,2.22,1.09,37.49,42.7
Uttar Pradesh,Mahoba,Bundelkhand,2001-02,Kharif,Rice,70972.6,115455.24,1626.8,757.7,4,33.8,0,4524.42,1900.26,814.4,49.6,40.8,102.0,2.38,10.75,33.8,44.32
Uttar Pradesh,Mahoba,Bundelkhand,2001-02,Rabi,Wheat,100685.7,164955.7,1638.3,69.6,0,31.2,0,10233.5,4605.08,1535.03,49.6,40.8,162.62,2.22,94.9,31.2,44.32
Uttar Pradesh,Mahoba,Bundelkhand,2002-03,Kharif,Rice,85434.3,141017.89,1650.6,346.6,1,34.1,0,5126.06,2152.94,922.69,45.8,41.7,96.0,2.38,-49.34,34.1,43.34
Uttar Pradesh,Mahoba,Bundelkhand,2002-03,Rabi,Wheat,112332.2,161452.3,1437.3,5.8,0,32.0,0,11635.77,5236.09,1745.36,45.8,41.7,165.73,2.22,-83.76,32.0,43.34
Uttar Pradesh,Mahoba,Bundelkhand,2003-04,Kharif,Rice,85093.6,148870.25,1749.5,697.7,4,33.3,0,6081.3,2554.14,1094.63,49.2,36.4,114.35,2.38,1.98,33.3,41.52
Uttar Pradesh,Mahoba,Bundelkhand,2003-04,Rabi,Wheat,91873.4,148343.28,1614.6,24.6,0,30.8,0,9106.21,4097.8,1365.93,49.2,36.4,158.59,2.22,-31.11,30.8,41.52
Uttar Pradesh,Mahoba,Bundelkhand,2004-05,Kharif,Rice,92604.7,134166.31,1448.8,542.9,6,34.7,0,7320.78,3074.73,1317.74,47.3,43.0,126.49,2.38,-20.65,34.7,44.72
Uttar Pradesh,Mahoba,Bundelkhand,2004-05,Rabi,Wheat,99635.9,160026.18,1606.1,45.2,0,30.5,0,9431.03,4243.96,1414.65,47.3,43.0,151.45,2.22,26.57,30.5,44.72
Uttar Pradesh,Mahoba,Bundelkhand,2005-06,Kharif,Rice,73919.1,144908.7,1960.4,643.7,2,31.9,0,6294.38,2643.64,1132.99,47.7,39.8,136.24,2.38,-5.91,31.9,42.96
Uttar Pradesh,Mahoba,Bundelkhand,2005-06,Rabi,Wheat,111327.7,184973.31,1661.5,42.3,0,30.6,0,10663.71,4798.67,1599.56,47.7,39.8,153.26,2.22,18.45,30.6,42.96
Uttar Pradesh,Mahoba,Bundelkhand,2006-07,Kharif,Rice,77853.2,144148.3,1851.5,679.7,3,32.2,0,5865.14,2463.36,1055.72,53.1,40.2,120.54,2.38,-0.65,32.2,45.36
Uttar Pradesh,Mahoba,Bundelkhand,2006-07,Rabi,Wheat,103315.9,171101.63,1656.1,38.5,0,29.9,0,10553.54,4749.09,1583.03,53.1,40.2,163.44,2.22,7.81,29.9,45.36
Uttar Pradesh,Mahoba,Bundelkhand,2007-08,Kharif,Rice,122364.4,256198.38,2093.7,757.4,1,33.6,0,8909.47,3741.98,1603.71,47.4,39.6,116.5,2.38,10.71,33.6,42.72
Uttar Pradesh,Mahoba,Bundelkhand,2007-08,Rabi,Wheat,75375.5,114829.55,1523.4,9.0,0,30.9,0,8024.7,3611.11,1203.7,47.4,39.6,170.34,2.22,-74.8,30.9,42.72
Uttar Pradesh,Mahoba,Bundelkhand,2008-09,Kharif,Rice,100061.1,175996.19,1758.9,1042.1,8,34.4,0,7857.9,3300.32,1414.42,48.5,38.9,125.65,2.38,52.32,34.4,42.74
Uttar Pradesh,Mahoba,Bundelkhand,2008-09,Rabi,Wheat,101426.9,152476.96,1503.3,30.1,0,32.1,1,10535.84,4741.13,1580.38,48.5,38.9,166.2,2.22,-15.71,33.71,42.74
Uttar Pradesh,Mahoba,Bundelkhand,2009-10,Kharif,Rice,90030.2,118307.01,1314.1,328.7,3,32.3,0,6299.9,2645.96,1133.98,45.8,41.9,111.96,2.38,-51.96,32.3,43.46
Uttar Pradesh,Mahoba,Bundelkhand,2009-10,Rabi,Wheat,80568.5,118889.74,1475.6,5.0,0,32.9,4,9229.48,4153.27,1384.42,45.8,41.9,183.29,2.22,-86.0,39.48,43.46
Uttar Pradesh,Mahoba,Bundelkhand,2010-11,Kharif,Rice,70080.6,140420.54,2003.7,644.1,3,33.5,0,5970.63,2507.66,1074.71,50.5,39.4,136.31,2.38,-5.85,33.5,43.84
Uttar Pradesh,Mahoba,Bundelkhand,2010-11,Rabi,Wheat,107003.5,172802.23,1614.9,50.3,0,30.6,0,11482.87,5167.29,1722.43,50.5,39.4,171.7,2.22,40.85,30.6,43.84
Uttar Pradesh,Mahoba,Bundelkhand,2011-12,Kharif,Rice,72953.1,140217.32,1922.0,725.1,5,33.1,0,5018.32,2107.69,903.3,57.6,41.9,110.06,2.38,5.98,33.1,48.18
Uttar Pradesh,Mahoba,Bundelkhand,2011-12,Rabi,Wheat,91444.3,165253.37,1807.1,26.6,0,30.8,0,8751.33,3938.1,1312.7,57.6,41.9,153.12,2.22,-25.51,30.8,48.18
Uttar Pradesh,Mahoba,Bundelkhand,2012-13,Kharif,Rice,88191.9,178850.29,2028.0,760.7,4,33.9,0,6226.19,2615.0,1120.71,52.6,43.2,112.96,2.38,11.19,33.9,46.96
Uttar Pradesh,Mahoba,Bundelkhand,2012-13,Rabi,Wheat,103035.0,176161.01,1709.7,32.2,0,31.0,0,8999.92,4049.96,1349.99,52.6,43.2,139.76,2.22,-9.83,31.0,46.96
Uttar Pradesh,Mahoba,Bundelkhand,2013-14,Kharif,Rice,106148.9,221612.01,2087.7,872.3,2,34.6,0,9743.98,4092.47,1753.92,53.7,45.0,146.87,2.38,27.5,34.6,48.48
Uttar Pradesh,Mahoba,Bundelkhand,2013-14,Rabi,Wheat,91005.8,164945.55,1812.5,74.2,0,31.4,2,11102.69,4996.21,1665.4,53.7,45.0,195.2,2.22,107.78,34.54,48.48
Uttar Pradesh,Mahoba,Bundelkhand,2014-15,Kharif,Rice,99939.9,187073.46,1871.9,652.1,4,33.4,0,7861.65,3301.89,1415.1,50.4,45.2,125.86,2.38,-4.69,33.4,47.28
Uttar Pradesh,Mahoba,Bundelkhand,2014-15,Rabi,Wheat,107038.8,165338.38,1544.7,12.3,0,32.7,4,12566.33,5654.85,1884.95,50.4,45.2,187.84,2.22,-65.56,39.24,47.28
Uttar Pradesh,Mahoba,Bundelkhand,2015-16,Kharif,Rice,107675.3,188546.5,1751.1,537.5,3,32.5,0,9667.27,4060.25,1740.11,52.7,39.7,143.65,2.38,-21.44,32.5,44.9
Uttar Pradesh,Mahoba,Bundelkhand,2015-16,Rabi,Wheat,111332.5,168471.5,1513.2,30.5,0,32.2,2,11750.03,5287.51,1762.5,52.7,39.7,168.86,2.22,-14.59,35.42,44.9
Uttar Pradesh,Mahoba,Bundelkhand,2016-17,Kharif,Rice,94623.9,172778.59,1826.0,514.4,5,34.0,0,9050.82,3801.34,1629.15,55.6,41.3,153.04,2.38,-24.81,34.0,47.02
Uttar Pradesh,Mahoba,Bundelkhand,2016-17,Rabi,Wheat,100463.5,135580.88,1349.6,54.4,0,33.6,9,10311.21,4640.04,1546.68,55.6,41.3,164.22,2.22,52.33,48.72,47.02
Uttar Pradesh,Mahoba,Bundelkhand,2017-18,Kharif,Rice,84949.7,179667.33,2115.0,822.5,7,34.1,0,7489.56,3145.61,1348.12,53.5,41.5,141.06,2.38,20.22,34.1,46.3
Uttar Pradesh,Mahoba,Bundelkhand,2017-18,Rabi,Wheat,115279.2,216705.76,1879.8,21.2,0,29.3,0,12044.96,5420.23,1806.74,53.5,41.5,167.18,2.22,-40.63,29.3,46.3
Uttar Pradesh,Mahoba,Bundelkhand,2018-19,Kharif,Rice,91011.5,208839.4,2294.6,697.7,3,32.3,0,8686.05,3648.14,1563.49,55.0,44.4,152.7,2.38,1.98,32.3,48.64
Uttar Pradesh,Mahoba,Bundelkhand,2018-19,Rabi,Wheat,133950.8,192521.51,1437.3,58.3,0,33.3,8,15001.97,6750.89,2250.3,55.0,44.4,179.19,2.22,63.25,46.62,48.64
Uttar Pradesh,Banda,Bundelkhand,1997-98,Kharif,Rice,54392.7,77853.07,1431.3,582.5,5,32.9,0,3263.56,1370.7,587.44,43.3,33.8,96.0,2.38,-8.4,32.9,37.6
Uttar Pradesh,Banda,Bundelkhand,1997-98,Rabi,Wheat,92147.7,95888.37,1040.6,47.5,0,27.7,0,7372.64,3317.69,1105.9,43.3,33.8,128.01,2.22,27.93,27.7,37.6
Uttar Pradesh,Banda,Bundelkhand,1998-99,Kharif,Rice,75100.0,93615.32,1246.5,564.3,1,33.5,0,5034.81,2114.62,906.27,41.4,34.9,107.27,2.38,-11.26,33.5,37.5
Uttar Pradesh,Banda,Bundelkhand,1998-99,Rabi,Wheat,93863.4,93605.26,997.2,56.5,0,31.2,1,8691.0,3910.95,1303.65,41.4,34.9,148.15,2.22,52.17,32.76,37.5
Uttar Pradesh,Banda,Bundelkhand,1999-00,Kharif,Rice,64052.6,89517.33,1397.6,524.4,4,34.7,0,4056.12,1703.57,730.1,48.1,40.7,101.32,2.38,-17.54,34.7,43.66
Uttar Pradesh,Banda,Bundelkhand,1999-00,Rabi,Wheat,93075.9,116753.75,1254.4,32.7,0,28.0,0,7446.08,3350.73,1116.91,48.1,40.7,128.0,2.22,-11.93,28.0,43.66
Uttar Pradesh,Banda,Bundelkhand,2000-01,Kharif,Rice,89346.2,143170.01,1602.4,802.3,5,32.6,0,6472.22,2718.33,1165.0,46.9,40.3,115.9,2.38,26.16,32.6,42.94
Uttar Pradesh,Banda,Bundelkhand,2000-01,Rabi,Wheat,73569.7,87165.05,1184.8,37.5,0,32.5,1,6668.22,3000.7,1000.23,46.9,40.3,145.02,2.22,1.0,34.12,42.94
Uttar Pradesh,Banda,Bundelkhand,2001-02,Kharif,Rice,105115.0,152204.95,1448.0,607.8,5,35.0,0,7414.92,3114.27,1334.69,46.0,35.9,112.87,2.38,-4.42,35.0,39.94
Uttar Pradesh,Banda,Bundelkhand,2001-02,Rabi,Wheat,85023.8,104776.58,1232.3,40.0,0,31.6,0,7975.66,3589.05,1196.35,46.0,35.9,150.09,2.22,7.73,31.6,39.94
Uttar Pradesh,Banda,Bundelkhand,2002-03,Kharif,Rice,91483.7,103748.56,1134.1,504.4,7,33.7,0,6274.37,2635.24,1129.39,46.8,42.2,109.74,2.38,-20.68,33.7,44.04
Uttar Pradesh,Banda,Bundelkhand,2002-03,Rabi,Wheat,73265.3,77100.17,1052.3,7.9,0,33.1,6,7048.99,3172.05,1057.35,46.8,42.2,153.94,2.22,-78.72,43.03,44.04
Uttar Pradesh,Banda,Bundelkhand,2003-04,Kharif,Rice,88131.1,103683.87,1176.5,765.2,7,34.4,0,7700.88,3234.37,1386.16,45.7,41.7,139.81,2.38,20.33,34.4,43.3
Uttar Pradesh,Banda,Bundelkhand,2003-04,Rabi,Wheat,97055.1,119259.48,1228.8,31.6,0,30.8,0,11516.52,5182.43,1727.48,45.7,41.7,189.86,2.22,-14.89,30.8,43.3
Uttar Pradesh,Banda,Bundelkhand,2004-05,Kharif,Rice,71145.7,100989.51,1419.5,408.7,1,32.3,0,5760.52,2419.42,1036.89,45.4,36.9,129.55,2.38,-35.73,32.3,40.3
Uttar Pradesh,Banda,Bundelkhand,2004-05,Rabi,Wheat,52571.5,68331.98,1299.8,30.7,0,30.7,0,5416.83,2437.58,812.53,45.4,36.9,164.86,2.22,-17.32,30.7,40.3
Uttar Pradesh,Banda,Bundelkhand,2005-06,Kharif,Rice,70349.4,108470.2,1541.9,889.6,2,33.2,0,4611.87,1936.99,830.14,43.3,41.4,104.89,2.38,39.89,33.2,42.16
Uttar Pradesh,Banda,Bundelkhand,2005-06,Rabi,Wheat,59670.2,69835.31,1170.4,60.5,0,32.2,1,6116.81,2752.57,917.52,43.3,41.4,164.02,2.22,62.94,33.81,42.16
Uttar Pradesh,Banda,Bundelkhand,2006-07,Kharif,Rice,66683.4,101354.77,1519.9,690.9,2,33.3,0,4955.15,2081.16,891.93,50.7,39.2,118.89,2.38,8.64,33.3,43.8
Uttar Pradesh,Banda,Bundelkhand,2006-07,Rabi,Wheat,81041.3,111194.39,1372.1,51.3,0,31.3,1,7582.79,3412.26,1137.42,50.7,39.2,149.71,2.22,38.16,32.87,43.8
Uttar Pradesh,Banda,Bundelkhand,2007-08,Kharif,Rice,81821.3,106311.53,1299.3,561.3,5,33.2,0,6916.31,2904.85,1244.94,49.8,40.9,135.25,2.38,-11.74,33.2,44.46
Uttar Pradesh,Banda,Bundelkhand,2007-08,Rabi,Wheat,96016.2,122712.05,1278.0,26.2,0,31.4,1,9301.66,4185.75,1395.25,49.8,40.9,155.0,2.22,-29.44,32.97,44.46
Uttar Pradesh,Banda,Bundelkhand,2008-09,Kharif,Rice,78523.4,121822.49,1551.4,771.1,2,31.4,0,7633.21,3205.95,1373.98,51.9,44.7,155.54,2.38,21.25,31.4,47.58
Uttar Pradesh,Banda,Bundelkhand,2008-09,Rabi,Wheat,78267.7,112865.24,1442.0,27.1,0,29.8,0,7794.1,3507.34,1169.11,51.9,44.7,159.33,2.22,-27.01,29.8,47.58
Uttar Pradesh,Banda,Bundelkhand,2009-10,Kharif,Rice,79514.3,97399.88,1224.9,275.1,2,34.0,0,6334.03,2660.29,1140.12,51.6,41.9,127.45,2.38,-56.74,34.0,45.78
Uttar Pradesh,Banda,Bundelkhand,2009-10,Rabi,Wheat,81653.2,92690.62,1135.2,21.0,0,32.2,3,8035.87,3616.14,1205.38,51.6,41.9,157.46,2.22,-43.44,37.03,45.78
Uttar Pradesh,Banda,Bundelkhand,2010-11,Kharif,Rice,62110.0,100086.74,1611.4,719.0,4,34.1,0,4698.42,1973.33,845.71,53.1,40.4,121.03,2.38,13.06,34.1,45.48
Uttar Pradesh,Banda,Bundelkhand,2010-11,Rabi,Wheat,102471.6,162591.72,1586.7,18.0,0,30.5,0,9921.83,4464.82,1488.27,53.1,40.4,154.92,2.22,-51.52,30.5,45.48
Uttar Pradesh,Banda,Bundelkhand,2011-12,Kharif,Rice,58895.9,97003.77,1647.0,751.5,4,33.4,0,4471.23,1877.92,804.82,52.6,43.6,121.47,2.38,18.17,33.4,47.2
Uttar Pradesh,Banda,Bundelkhand,2011-12,Rabi,Wheat,79803.4,116825.22,1463.9,28.8,0,31.2,0,8019.07,3608.58,1202.86,52.6,43.6,160.78,2.22,-22.43,31.2,47.2
Uttar Pradesh,Banda,Bundelkhand,2012-13,Kharif,Rice,64279.7,88254.15,1373.0,392.9,0,34.3,0,5356.92,2249.91,964.25,50.9,40.7,133.34,2.38,-38.22,34.3,44.78
Uttar Pradesh,Banda,Bundelkhand,2012-13,Rabi,Wheat,103913.3,134260.39,1292.0,43.5,0,30.0,0,10210.01,4594.5,1531.5,50.9,40.7,157.21,2.22,17.16,30.0,44.78
Uttar Pradesh,Banda,Bundelkhand,2013-14,Kharif,Rice,82362.9,133258.85,1617.9,767.6,4,33.8,0,7179.33,3015.32,1292.28,50.6,41.6,139.47,2.38,20.7,33.8,45.2
Uttar Pradesh,Banda,Bundelkhand,2013-14,Rabi,Wheat,89647.0,135264.26,1508.9,52.7,0,27.6,0,10698.77,4814.45,1604.82,50.6,41.6,190.95,2.22,41.94,27.6,45.2
Uttar Pradesh,Banda,Bundelkhand,2014-15,Kharif,Rice,96083.0,140007.72,1457.2,588.8,1,33.4,0,7973.01,3348.66,1435.14,50.4,42.8,132.77,2.38,-7.41,33.4,45.84
Uttar Pradesh,Banda,Bundelkhand,2014-15,Rabi,Wheat,84600.9,105749.31,1250.0,52.1,0,32.5,3,8935.58,4021.01,1340.34,50.4,42.8,168.99,2.22,40.32,37.38,45.84
Uttar Pradesh,Banda,Bundelkhand,2015-16,Kharif,Rice,51773.6,82896.49,1601.1,474.1,2,33.5,0,4309.89,1810.16,775.78,52.9,41.4,133.19,2.38,-25.45,33.5,46.0
Uttar Pradesh,Banda,Bundelkhand,2015-16,Rabi,Wheat,95335.6,149086.28,1563.8,5.0,0,32.4,2,9350.07,4207.53,1402.51,52.9,41.4,156.92,2.22,-86.53,35.64,46.0
Uttar Pradesh,Banda,Bundelkhand,2016-17,Kharif,Rice,68884.0,103593.59,1503.9,524.4,2,32.5,0,5412.74,2273.35,974.29,49.3,42.2,125.72,2.38,-17.54,32.5,45.04
Uttar Pradesh,Banda,Bundelkhand,2016-17,Rabi,Wheat,71554.2,103095.19,1440.8,55.1,0,31.3,1,6933.45,3120.05,1040.02,49.3,42.2,155.04,2.22,48.4,32.87,45.04
Uttar Pradesh,Banda,Bundelkhand,2017-18,Kharif,Rice,67865.6,122705.04,1808.1,1021.1,4,35.0,0,5708.47,2397.56,1027.52,51.2,44.9,134.58,2.38,60.57,35.0,47.42
Uttar Pradesh,Banda,Bundelkhand,2017-18,Rabi,Wheat,95710.8,148298.72,1549.4,37.8,0,31.1,0,10131.0,4558.95,1519.65,51.2,44.9,169.36,2.22,1.81,31.1,47.42
Uttar Pradesh,Banda,Bundelkhand,2018-19,Kharif,Rice,84999.3,139769.81,1644.4,819.8,6,34.8,0,7414.19,3113.96,1334.55,55.5,44.1,139.56,2.38,28.91,34.8,48.66
Uttar Pradesh,Banda,Bundelkhand,2018-19,Rabi,Wheat,90585.5,122356.8,1350.7,26.8,0,33.2,3,11067.78,4980.5,1660.17,55.5,44.1,195.49,2.22,-27.82,38.18,48.66
Uttar Pradesh,Chitrakoot,Bundelkhand,1997-98,Kharif,Rice,80162.5,99756.26,1244.4,722.8,6,33.3,0,4809.75,2020.1,865.76,41.8,37.9,96.0,2.38,8.31,33.3,39.46
Uttar Pradesh,Chitrakoot,Bundelkhand,1997-98,Rabi,Wheat,87628.4,106526.6,1215.7,35.8,0,32.4,2,7898.35,3554.26,1184.75,41.8,37.9,144.22,2.22,5.71,35.64,39.46
Uttar Pradesh,Chitrakoot,Bundelkhand,1998-99,Kharif,Rice,112778.3,198967.55,1764.2,759.4,2,32.9,0,6766.7,2842.01,1218.01,41.9,37.7,96.0,2.38,13.79,32.9,39.38
Uttar Pradesh,Chitrakoot,Bundelkhand,1998-99,Rabi,Wheat,78073.6,93822.65,1201.7,34.7,0,31.1,0,7384.99,3323.24,1107.75,41.9,37.7,151.34,2.22,2.46,31.1,39.38
Uttar Pradesh,Chitrakoot,Bundelkhand,1999-00,Kharif,Rice,75087.7,109751.18,1461.6,671.5,5,33.6,0,5007.41,2103.11,901.33,47.0,36.8,106.7,2.38,0.62,33.6,40.88
Uttar Pradesh,Chitrakoot,Bundelkhand,1999-00,Rabi,Wheat,86505.0,117827.32,1362.1,37.0,0,30.1,0,8229.13,3703.11,1234.37,47.0,36.8,152.21,2.22,9.25,30.1,40.88
Uttar Pradesh,Chitrakoot,Bundelkhand,2000-01,Kharif,Rice,77888.6,119518.03,1534.5,583.6,4,33.1,0,5982.68,2512.73,1076.88,47.7,39.3,122.9,2.38,-12.55,33.1,42.66
Uttar Pradesh,Chitrakoot,Bundelkhand,2000-01,Rabi,Wheat,94265.8,121302.45,1286.8,42.6,0,33.6,4,8467.54,3810.39,1270.13,47.7,39.3,143.72,2.22,25.79,40.32,42.66
Uttar Pradesh,Chitrakoot,Bundelkhand,2001-02,Kharif,Rice,75869.9,130674.6,1722.4,637.3,1,32.6,0,5167.68,2170.43,930.18,41.1,32.5,108.98,2.38,-4.5,32.6,35.94
Uttar Pradesh,Chitrakoot,Bundelkhand,2001-02,Rabi,Wheat,88777.7,99552.61,1121.4,56.6,0,34.1,7,8411.04,3784.97,1261.66,41.1,32.5,151.59,2.22,67.13,46.04,35.94
Uttar Pradesh,Chitrakoot,Bundelkhand,2002-03,Kharif,Rice,81560.5,92938.99,1139.5,434.8,4,33.2,0,5534.12,2324.33,996.14,42.7,39.4,108.56,2.38,-34.85,33.2,40.72
Uttar Pradesh,Chitrakoot,Bundelkhand,2002-03,Rabi,Wheat,101758.9,134813.72,1324.8,15.4,0,34.4,3,10063.54,4528.59,1509.53,42.7,39.4,158.23,2.22,-54.53,39.56,40.72
Uttar Pradesh,Chitrakoot,Bundelkhand,2003-04,Kharif,Rice,52076.5,80925.01,1554.0,598.1,2,34.1,0,3290.63,1382.06,592.31,42.9,41.0,101.1,2.38,-10.38,34.1,41.76
Uttar Pradesh,Chitrakoot,Bundelkhand,2003-04,Rabi,Wheat,90539.2,128342.67,1417.5,57.2,0,31.6,0,8784.01,3952.8,1317.6,42.9,41.0,155.23,2.22,68.9,31.6,41.76
Uttar Pradesh,Chitrakoot,Bundelkhand,2004-05,Kharif,Rice,92903.7,137231.4,1477.1,525.8,3,33.1,0,6964.87,2925.25,1253.68,49.1,41.8,119.95,2.38,-21.21,33.1,44.72
Uttar Pradesh,Chitrakoot,Bundelkhand,2004-05,Rabi,Wheat,87523.3,126241.89,1442.4,20.4,0,31.1,0,9406.06,4232.73,1410.91,49.1,41.8,171.95,2.22,-39.76,31.1,44.72
Uttar Pradesh,Chitrakoot,Bundelkhand,2005-06,Kharif,Rice,84657.0,133422.78,1576.0,559.1,2,34.6,0,5895.94,2476.29,1061.27,50.8,38.5,111.43,2.38,-16.22,34.6,43.42
Uttar Pradesh,Chitrakoot,Bundelkhand,2005-06,Rabi,Wheat,76188.9,106623.21,1399.5,25.6,0,29.9,0,7111.73,3200.28,1066.76,50.8,38.5,149.35,2.22,-24.41,29.9,43.42
Uttar Pradesh,Chitrakoot,Bundelkhand,2006-07,Kharif,Rice,101825.6,162899.76,1599.8,861.4,6,32.7,0,8088.48,3397.16,1455.93,49.8,42.6,127.1,2.38,29.08,32.7,45.48
Uttar Pradesh,Chitrakoot,Bundelkhand,2006-07,Rabi,Wheat,75120.8,111353.52,1482.3,16.9,0,31.3,0,7823.76,3520.69,1173.56,49.8,42.6,166.64,2.22,-50.1,31.3,45.48
Uttar Pradesh,Chitrakoot,Bundelkhand,2007-08,Kharif,Rice,73196.6,134058.47,1831.5,718.0,1,34.9,0,5286.24,2220.22,951.52,46.6,39.5,115.55,2.38,7.59,34.9,42.34
Uttar Pradesh,Chitrakoot,Bundelkhand,2007-08,Rabi,Wheat,88641.5,81577.31,920.3,33.9,0,34.6,8,9305.34,4187.4,1395.8,46.6,39.5,167.96,2.22,0.1,48.44,42.34
Uttar Pradesh,Chitrakoot,Bundelkhand,2008-09,Kharif,Rice,60373.2,97687.89,1618.1,785.2,4,33.0,0,5762.35,2420.19,1037.22,50.9,39.4,152.71,2.38,17.66,33.0,44.0
Uttar Pradesh,Chitrakoot,Bundelkhand,2008-09,Rabi,Wheat,93520.6,141964.95,1518.0,35.5,0,29.0,0,10492.1,4721.44,1573.81,50.9,39.4,179.5,2.22,4.82,29.0,44.0
Uttar Pradesh,Chitrakoot,Bundelkhand,2009-10,Kharif,Rice,78754.6,121979.05,1548.9,427.0,3,32.7,0,5329.06,2238.2,959.23,48.3,43.2,108.27,2.38,-36.02,32.7,45.24
Uttar Pradesh,Chitrakoot,Bundelkhand,2009-10,Rabi,Wheat,92679.7,107345.81,1158.2,5.0,0,33.8,7,10032.12,4514.45,1504.82,48.3,43.2,173.19,2.22,-85.24,45.63,45.24
Uttar Pradesh,Chitrakoot,Bundelkhand,2010-11,Kharif,Rice,100927.0,144834.67,1435.0,679.0,10,33.8,0,8239.04,3460.4,1483.03,51.2,42.0,130.61,2.38,1.75,33.8,45.68
Uttar Pradesh,Chitrakoot,Bundelkhand,2010-11,Rabi,Wheat,71942.5,99138.42,1378.0,5.9,0,30.3,0,8149.86,3667.44,1222.48,51.2,42.0,181.25,2.22,-82.58,30.3,45.68
Uttar Pradesh,Chitrakoot,Bundelkhand,2011-12,Kharif,Rice,79179.5,133481.04,1685.8,606.8,5,31.7,0,5325.12,2236.55,958.52,48.3,44.0,107.61,2.38,-9.07,31.7,45.72
Uttar Pradesh,Chitrakoot,Bundelkhand,2011-12,Rabi,Wheat,106611.4,167416.81,1570.3,15.0,0,30.8,0,11308.65,5088.89,1696.3,48.3,44.0,169.72,2.22,-55.71,30.8,45.72
Uttar Pradesh,Chitrakoot,Bundelkhand,2012-13,Kharif,Rice,67888.9,131340.3,1934.6,775.0,4,32.8,0,5523.95,2320.06,994.31,55.2,43.0,130.19,2.38,16.13,32.8,47.88
Uttar Pradesh,Chitrakoot,Bundelkhand,2012-13,Rabi,Wheat,96075.2,157831.83,1642.8,26.2,0,30.3,0,10798.62,4859.38,1619.79,55.2,43.0,179.84,2.22,-22.64,30.3,47.88
Uttar Pradesh,Chitrakoot,Bundelkhand,2013-14,Kharif,Rice,85940.5,170340.94,1982.1,781.2,5,33.2,0,7162.41,3008.21,1289.23,48.4,39.5,133.35,2.38,17.06,33.2,43.06
Uttar Pradesh,Chitrakoot,Bundelkhand,2013-14,Rabi,Wheat,70731.0,109106.7,1542.6,41.2,0,29.8,0,7999.88,3599.95,1199.98,48.4,39.5,180.96,2.22,21.65,29.8,43.06
Uttar Pradesh,Chitrakoot,Bundelkhand,2014-15,Kharif,Rice,94504.9,194890.32,2062.2,736.1,2,32.2,0,7890.47,3314.0,1420.28,52.8,43.2,133.59,2.38,10.3,32.2,47.04
Uttar Pradesh,Chitrakoot,Bundelkhand,2014-15,Rabi,Wheat,91607.8,132378.46,1445.1,46.7,0,32.9,4,8850.44,3982.7,1327.57,52.8,43.2,154.58,2.22,37.89,39.48,47.04
Uttar Pradesh,Chitrakoot,Bundelkhand,2015-16,Kharif,Rice,74267.9,121603.35,1637.4,376.2,1,32.9,0,6387.04,2682.56,1149.67,53.8,45.0,137.6,2.38,-43.63,32.9,48.52
Uttar Pradesh,Chitrakoot,Bundelkhand,2015-16,Rabi,Wheat,83898.5,126833.08,1511.7,5.0,0,33.9,5,9707.24,4368.26,1456.09,53.8,45.0,185.12,2.22,-85.24,42.38,48.52
Uttar Pradesh,Chitrakoot,Bundelkhand,2016-17,Kharif,Rice,60587.6,125915.52,2078.2,816.8,5,33.2,0,5098.3,2141.28,917.69,53.3,43.9,134.64,2.38,22.39,33.2,47.66
Uttar Pradesh,Chitrakoot,Bundelkhand,2016-17,Rabi,Wheat,81667.9,145019.74,1775.7,32.1,0,28.9,0,9562.25,4303.01,1434.34,53.3,43.9,187.34,2.22,-5.22,28.9,47.66
Uttar Pradesh,Chitrakoot,Bundelkhand,2017-18,Kharif,Rice,74284.6,150336.78,2023.8,838.1,3,32.7,0,5926.78,2489.25,1066.82,46.4,42.9,127.66,2.38,25.59,32.7,44.3
Uttar Pradesh,Chitrakoot,Bundelkhand,2017-18,Rabi,Wheat,95961.9,144866.23,1509.6,44.5,0,32.2,2,11612.53,5225.64,1741.88,46.4,42.9,193.62,2.22,31.4,35.42,44.3
Uttar Pradesh,Chitrakoot,Bundelkhand,2018-19,Kharif,Rice,92577.2,169642.77,1832.4,718.6,7,33.3,0,8189.22,3439.47,1474.06,60.2,44.8,141.53,2.38,7.68,33.3,50.96
Uttar Pradesh,Chitrakoot,Bundelkhand,2018-19,Rabi,Wheat,77195.1,124621.22,1614.4,33.3,0,29.4,0,9076.49,4084.42,1361.47,60.2,44.8,188.13,2.22,-1.67,29.4,50.96
Uttar Pradesh,Amethi,Central UP,1997-98,Kharif,Rice,24146.5,57503.5,2381.4,869.1,1,32.5,0,8018.76,3367.88,1443.38,74.5,73.2,531.34,2.38,2.9,32.5,73.72
Uttar Pradesh,Amethi,Central UP,1997-98,Rabi,Wheat,27567.2,59244.89,2149.1,58.4,0,29.7,0,12847.23,5781.25,1927.08,74.5,73.2,745.65,2.22,-3.27,29.7,73.72
Uttar Pradesh,Amethi,Central UP,1998-99,Kharif,Rice,24142.3,52943.08,2193.0,877.5,6,33.6,0,7342.82,3083.98,1321.71,82.9,73.1,486.64,2.38,3.89,33.6,77.02
Uttar Pradesh,Amethi,Central UP,1998-99,Rabi,Wheat,33181.4,67891.73,2046.1,80.5,0,34.9,5,16221.11,7299.5,2433.17,82.9,73.1,782.18,2.22,33.34,43.62,77.02
Uttar Pradesh,Amethi,Central UP,1999-00,Kharif,Rice,29285.3,66699.41,2277.6,878.4,5,32.2,0,11266.26,4731.83,2027.93,75.8,70.4,615.53,2.38,4.0,32.2,72.56
Uttar Pradesh,Amethi,Central UP,1999-00,Rabi,Wheat,31256.8,60783.0,1944.6,91.6,0,32.9,5,14879.77,6695.9,2231.97,75.8,70.4,761.68,2.22,51.72,41.12,72.56
Uttar Pradesh,Amethi,Central UP,2000-01,Kharif,Rice,16452.0,38330.34,2329.8,930.1,3,33.1,0,5378.59,2259.01,968.15,77.1,75.4,523.08,2.38,10.12,33.1,76.08
Uttar Pradesh,Amethi,Central UP,2000-01,Rabi,Wheat,25691.0,63016.37,2452.9,63.4,0,30.7,0,12506.82,5628.07,1876.02,77.1,75.4,778.91,2.22,5.01,30.7,76.08
Uttar Pradesh,Amethi,Central UP,2001-02,Kharif,Rice,21245.5,43183.36,2032.6,752.4,6,33.8,0,8473.84,3559.01,1525.29,76.1,75.8,638.17,2.38,-10.92,33.8,75.92
Uttar Pradesh,Amethi,Central UP,2001-02,Rabi,Wheat,20907.1,52400.65,2506.4,45.9,0,30.8,0,10505.49,4727.47,1575.82,76.1,75.8,803.97,2.22,-23.97,30.8,75.92
Uttar Pradesh,Amethi,Central UP,2002-03,Kharif,Rice,22555.4,38728.03,1717.0,376.5,6,33.3,0,9084.08,3815.32,1635.14,79.9,79.3,644.39,2.38,-55.42,33.3,79.54
Uttar Pradesh,Amethi,Central UP,2002-03,Rabi,Wheat,20326.9,48959.09,2408.6,46.5,0,30.2,0,9397.82,4229.02,1409.67,79.9,79.3,739.73,2.22,-22.98,30.2,79.54
Uttar Pradesh,Amethi,Central UP,2003-04,Kharif,Rice,21016.3,48378.65,2302.0,800.8,5,33.1,0,8277.13,3476.39,1489.88,78.8,72.9,630.15,2.38,-5.19,33.1,75.26
Uttar Pradesh,Amethi,Central UP,2003-04,Rabi,Wheat,23591.2,62347.85,2642.8,75.1,0,31.1,0,12934.26,5820.42,1940.14,78.8,72.9,877.23,2.22,24.39,31.1,75.26
Uttar Pradesh,Amethi,Central UP,2004-05,Kharif,Rice,26165.6,54408.9,2079.4,481.7,2,33.6,0,10475.72,4399.8,1885.63,78.6,78.7,640.58,2.38,-42.97,33.6,78.66
Uttar Pradesh,Amethi,Central UP,2004-05,Rabi,Wheat,23273.2,57384.89,2465.7,28.2,0,31.6,0,10103.03,4546.36,1515.45,78.6,78.7,694.57,2.22,-53.29,31.6,78.66
Uttar Pradesh,Amethi,Central UP,2005-06,Kharif,Rice,18053.3,34570.31,1914.9,878.0,9,32.6,0,6954.85,2921.04,1251.87,78.2,75.9,616.38,2.38,3.95,32.6,76.82
Uttar Pradesh,Amethi,Central UP,2005-06,Rabi,Wheat,25810.2,65382.02,2533.2,71.2,0,30.5,0,14287.5,6429.38,2143.13,78.2,75.9,885.7,2.22,17.93,30.5,76.82
Uttar Pradesh,Amethi,Central UP,2006-07,Kharif,Rice,19920.4,44387.06,2228.2,850.5,10,32.8,0,8868.6,3724.81,1596.35,80.2,76.7,712.32,2.38,0.7,32.8,78.1
Uttar Pradesh,Amethi,Central UP,2006-07,Rabi,Wheat,24825.2,63908.95,2574.4,25.0,0,31.8,1,12223.83,5500.72,1833.57,80.2,76.7,787.83,2.22,-58.59,33.39,78.1
Uttar Pradesh,Amethi,Central UP,2007-08,Kharif,Rice,22887.4,53879.16,2354.1,890.2,4,34.2,0,9942.25,4175.75,1789.61,82.7,74.8,695.04,2.38,5.4,34.2,77.96
Uttar Pradesh,Amethi,Central UP,2007-08,Rabi,Wheat,21380.7,58241.44,2724.0,82.7,0,30.0,0,11264.67,5069.1,1689.7,82.7,74.8,842.98,2.22,36.98,30.0,77.96
Uttar Pradesh,Amethi,Central UP,2008-09,Kharif,Rice,18163.5,39367.47,2167.4,1378.4,8,31.7,0,6669.41,2801.15,1200.49,81.0,75.1,587.5,2.38,63.2,31.7,77.46
Uttar Pradesh,Amethi,Central UP,2008-09,Rabi,Wheat,27834.3,71265.9,2560.4,90.5,0,32.2,2,14744.94,6635.22,2211.74,81.0,75.1,847.58,2.22,49.9,35.42,77.46
Uttar Pradesh,Amethi,Central UP,2009-10,Kharif,Rice,22264.3,41225.66,1851.6,293.1,2,33.3,0,8502.0,3570.84,1530.36,86.1,80.5,610.99,2.38,-65.3,33.3,82.74
Uttar Pradesh,Amethi,Central UP,2009-10,Rabi,Wheat,25813.5,72182.04,2796.3,33.0,0,31.7,1,13662.34,6148.06,2049.35,86.1,80.5,846.83,2.22,-45.34,33.29,82.74
Uttar Pradesh,Sambhal,Western UP,1997-98,Kharif,Rice,25295.2,51401.87,2032.1,562.5,5,33.7,0,8956.23,3761.61,1612.12,88.0,81.5,566.51,2.38,-26.07,33.7,84.1
Uttar Pradesh,Sambhal,Western UP,1997-98,Rabi,Wheat,25777.3,71464.38,2772.4,43.4,0,32.4,2,14469.41,6511.23,2170.41,88.0,81.5,898.12,2.22,-33.48,35.64,84.1
Uttar Pradesh,Sambhal,Western UP,1998-99,Kharif,Rice,18878.0,42805.12,2267.5,842.6,6,33.0,0,7312.71,3071.34,1316.29,85.2,82.9,619.79,2.38,10.74,33.0,83.82
Uttar Pradesh,Sambhal,Western UP,1998-99,Rabi,Wheat,20482.9,59988.27,2928.7,61.5,0,30.6,0,10714.58,4821.56,1607.19,85.2,82.9,836.96,2.22,-5.74,30.6,83.82
Uttar Pradesh,Sambhal,Western UP,1999-00,Kharif,Rice,24207.9,58392.09,2412.1,893.7,3,33.0,0,10911.27,4582.73,1964.03,86.4,83.9,721.17,2.38,17.46,33.0,84.9
Uttar Pradesh,Sambhal,Western UP,1999-00,Rabi,Wheat,23021.6,70766.72,3073.9,90.1,0,31.5,0,11776.02,5299.21,1766.4,86.4,83.9,818.43,2.22,38.09,31.5,84.9
Uttar Pradesh,Sambhal,Western UP,2000-01,Kharif,Rice,30266.3,82976.6,2741.6,852.9,5,34.8,0,11972.8,5028.58,2155.1,91.6,85.7,632.93,2.38,12.1,34.8,88.06
Uttar Pradesh,Sambhal,Western UP,2000-01,Rabi,Wheat,26876.8,84489.69,3143.6,77.3,0,30.7,0,14203.44,6391.55,2130.52,91.6,85.7,845.54,2.22,18.47,30.7,88.06
Uttar Pradesh,Sambhal,Western UP,2001-02,Kharif,Rice,21484.2,51409.02,2392.9,735.2,7,33.0,0,9628.49,4043.96,1733.13,86.0,78.4,717.07,2.38,-3.37,33.0,81.44
Uttar Pradesh,Sambhal,Western UP,2001-02,Rabi,Wheat,22260.4,69009.19,3100.1,89.9,0,31.0,0,11965.41,5384.43,1794.81,86.0,78.4,860.03,2.22,37.78,31.0,81.44
Uttar Pradesh,Sambhal,Western UP,2002-03,Kharif,Rice,18847.8,39316.81,2086.0,344.2,2,32.9,0,8205.57,3446.34,1477.0,95.4,84.6,696.58,2.38,-54.76,32.9,88.92
Uttar Pradesh,Sambhal,Western UP,2002-03,Rabi,Wheat,20064.0,70077.61,3492.7,27.0,0,28.9,0,12039.42,5417.74,1805.91,95.4,84.6,960.08,2.22,-58.62,28.9,88.92
Uttar Pradesh,Sambhal,Western UP,2003-04,Kharif,Rice,19827.2,48982.93,2470.5,790.9,4,34.6,0,8515.61,3576.55,1532.81,92.4,84.5,687.19,2.38,3.95,34.6,87.66
Uttar Pradesh,Sambhal,Western UP,2003-04,Rabi,Wheat,22165.1,66527.55,3001.5,85.2,0,32.2,3,12923.44,5815.55,1938.52,92.4,84.5,932.89,2.22,30.58,37.03,87.66
Uttar Pradesh,Sambhal,Western UP,2004-05,Kharif,Rice,24805.7,56624.08,2282.7,413.5,1,32.9,0,11458.42,4812.54,2062.52,94.2,82.4,739.08,2.38,-45.65,32.9,87.12
Uttar Pradesh,Sambhal,Western UP,2004-05,Rabi,Wheat,18703.6,59843.62,3199.6,38.9,0,30.0,0,11025.19,4961.33,1653.78,94.2,82.4,943.15,2.22,-40.38,30.0,87.12
Uttar Pradesh,Sambhal,Western UP,2005-06,Kharif,Rice,24935.4,62082.1,2489.7,808.6,6,33.3,0,11583.68,4865.15,2085.06,92.1,86.4,743.28,2.38,6.28,33.3,88.68
Uttar Pradesh,Sambhal,Western UP,2005-06,Rabi,Wheat,26328.3,81030.8,3077.7,31.5,0,31.9,0,15252.68,6863.71,2287.9,92.1,86.4,926.92,2.22,-51.72,31.9,88.68
Uttar Pradesh,Sambhal,Western UP,2006-07,Kharif,Rice,21170.3,59892.2,2829.1,836.3,3,33.1,0,8978.09,3770.8,1616.06,88.7,84.8,678.54,2.38,9.92,33.1,86.36
Uttar Pradesh,Sambhal,Western UP,2006-07,Rabi,Wheat,28738.6,85886.7,2988.5,78.4,0,32.3,1,16929.19,7618.13,2539.38,88.7,84.8,942.52,2.22,20.16,33.91,86.36
Uttar Pradesh,Sambhal,Western UP,2007-08,Kharif,Rice,23450.7,67989.24,2899.2,736.3,3,33.0,0,9901.38,4158.58,1782.25,90.4,85.9,675.55,2.38,-3.23,33.0,87.7
Uttar Pradesh,Sambhal,Western UP,2007-08,Rabi,Wheat,26049.7,88162.9,3384.4,48.0,0,31.0,0,14388.5,6474.82,2158.27,90.4,85.9,883.76,2.22,-26.43,31.0,87.7
Uttar Pradesh,Sambhal,Western UP,2008-09,Kharif,Rice,24341.3,62175.37,2554.3,1032.7,7,33.0,0,11354.35,4768.83,2043.78,96.3,86.5,746.34,2.38,35.73,33.0,90.42
Uttar Pradesh,Sambhal,Western UP,2008-09,Rabi,Wheat,28044.9,94770.52,3379.2,81.0,0,31.7,1,16938.0,7622.1,2540.7,96.3,86.5,966.34,2.22,24.14,33.29,90.42
Uttar Pradesh,Sambhal,Western UP,2009-10,Kharif,Rice,23233.0,54565.4,2348.6,372.2,1,34.3,0,10649.91,4472.96,1916.98,90.8,86.7,733.43,2.38,-51.08,34.3,88.34
Uttar Pradesh,Sambhal,Western UP,2009-10,Rabi,Wheat,17028.9,58950.82,3461.8,38.8,0,30.3,0,10763.44,4843.55,1614.52,90.8,86.7,1011.31,2.22,-40.53,30.3,88.34
Uttar Pradesh,Sambhal,Western UP,2010-11,Kharif,Rice,23567.7,64663.66,2743.7,737.5,1,32.5,0,12116.63,5088.99,2180.99,90.9,85.3,822.59,2.38,-3.07,32.5,87.54
Uttar Pradesh,Sambhal,Western UP,2010-11,Rabi,Wheat,22370.2,67777.15,3029.8,45.4,0,32.4,3,14523.44,6535.55,2178.52,90.9,85.3,1038.77,2.22,-30.42,37.26,87.54
Uttar Pradesh,Hapur,Western UP,1997-98,Kharif,Rice,23908.4,64205.23,2685.5,875.5,5,33.3,0,10529.0,4422.18,1895.22,86.3,79.4,704.62,2.38,10.65,33.3,82.16
Uttar Pradesh,Hapur,Western UP,1997-98,Rabi,Wheat,23123.2,63927.79,2764.7,70.3,0,33.6,2,12495.63,5623.03,1874.34,86.3,79.4,864.63,2.22,17.14,36.96,82.16
Uttar Pradesh,Hapur,Western UP,1998-99,Kharif,Rice,24326.9,59835.06,2459.6,749.2,6,31.9,0,9647.99,4052.15,1736.64,88.1,83.0,634.56,2.38,-5.32,31.9,85.04
Uttar Pradesh,Hapur,Western UP,1998-99,Rabi,Wheat,25031.7,79604.15,3180.1,54.7,0,29.7,0,14980.13,6741.06,2247.02,88.1,83.0,957.51,2.22,-8.85,29.7,85.04
Uttar Pradesh,Hapur,Western UP,1999-00,Kharif,Rice,30947.5,89150.05,2880.7,784.8,1,32.7,0,11820.34,4964.54,2127.66,89.8,84.2,611.12,2.38,-0.82,32.7,86.44
Uttar Pradesh,Hapur,Western UP,1999-00,Rabi,Wheat,25444.2,78826.81,3098.0,54.1,0,30.5,0,13613.87,6126.24,2042.08,89.8,84.2,856.08,2.22,-9.85,30.5,86.44
Uttar Pradesh,Hapur,Western UP,2000-01,Kharif,Rice,25388.8,59508.01,2343.9,723.0,6,32.2,0,11837.57,4971.78,2130.76,88.3,81.9,746.0,2.38,-8.63,32.2,84.46
Uttar Pradesh,Hapur,Western UP,2000-01,Rabi,Wheat,19270.9,59642.42,3095.0,47.7,0,30.2,0,9761.88,4392.85,1464.28,88.3,81.9,810.5,2.22,-20.51,30.2,84.46
Uttar Pradesh,Hapur,Western UP,2001-02,Kharif,Rice,28576.7,71080.99,2487.4,816.4,3,33.5,0,11298.94,4745.55,2033.81,84.8,84.6,632.62,2.38,3.18,33.5,84.68
Uttar Pradesh,Hapur,Western UP,2001-02,Rabi,Wheat,19134.1,57283.37,2993.8,40.9,0,31.4,1,11753.93,5289.27,1763.09,84.8,84.6,982.87,2.22,-31.85,32.97,84.68
Uttar Pradesh,Hapur,Western UP,2002-03,Kharif,Rice,18849.2,40782.5,2163.6,380.7,3,33.3,0,7353.08,3088.29,1323.55,89.8,83.7,624.16,2.38,-51.89,33.3,86.14
Uttar Pradesh,Hapur,Western UP,2002-03,Rabi,Wheat,29109.6,96050.05,3299.6,27.4,0,29.6,0,16214.7,7296.61,2432.2,89.8,83.7,891.24,2.22,-54.34,29.6,86.14
Uttar Pradesh,Hapur,Western UP,2003-04,Kharif,Rice,24626.6,68241.68,2771.1,808.7,4,32.5,0,10678.49,4484.96,1922.13,84.4,80.2,693.79,2.38,2.2,32.5,81.88
Uttar Pradesh,Hapur,Western UP,2003-04,Rabi,Wheat,27176.7,79390.56,2921.3,76.4,0,32.1,2,14379.88,6470.95,2156.98,84.4,80.2,846.6,2.22,27.31,35.31,81.88
Uttar Pradesh,Hapur,Western UP,2004-05,Kharif,Rice,33119.0,83504.26,2521.3,544.6,1,32.6,0,13819.97,5804.39,2487.59,93.5,83.2,667.65,2.38,-31.17,32.6,87.32
Uttar Pradesh,Hapur,Western UP,2004-05,Rabi,Wheat,23153.8,74038.55,3197.7,45.0,0,31.5,1,14658.32,6596.25,2198.75,93.5,83.2,1012.94,2.22,-25.01,33.08,87.32
Uttar Pradesh,Hapur,Western UP,2005-06,Kharif,Rice,23430.3,0.0,2892.9,793.0,7,34.1,0,9619.09,4040.02,1731.44,92.8,84.0,656.87,2.38,0.22,34.1,87.52
Uttar Pradesh,Hapur,Western UP,2005-06,Rabi,Wheat,23872.1,79920.68,3347.9,75.7,0,33.7,0,14197.65,6388.94,2129.65,92.8,84.0,951.58,2.22,26.14,33.7,87.52
Uttar Pradesh,Hapur,Western UP,2006-07,Kharif,Rice,19391.1,53203.96,2743.7,681.9,2,32.2,0,8533.78,3584.19,1536.08,96.4,84.3,704.14,2.38,-13.82,32.2,89.14
Uttar Pradesh,Hapur,Western UP,2006-07,Rabi,Wheat,23321.5,74497.84,3194.4,52.0,0,33.8,3,11003.08,4951.39,1650.46,96.4,84.3,754.88,2.22,-13.35,38.87,89.14
Uttar Pradesh,Hapur,Western UP,2007-08,Kharif,Rice,25777.4,62785.41,2435.7,767.1,5,33.0,0,11383.76,4781.18,2049.08,91.4,85.6,706.59,2.38,-3.05,33.0,87.92
Uttar Pradesh,Hapur,Western UP,2007-08,Rabi,Wheat,24290.8,83438.63,3435.0,69.1,0,30.7,0,13035.18,5865.83,1955.28,91.4,85.6,858.61,2.22,15.15,30.7,87.92
Uttar Pradesh,Hapur,Western UP,2008-09,Kharif,Rice,30585.9,74717.87,2442.9,1037.9,8,32.7,0,12562.72,5276.34,2261.29,92.2,87.3,657.18,2.38,31.17,32.7,89.26
Uttar Pradesh,Hapur,Western UP,2008-09,Rabi,Wheat,21458.0,73823.08,3440.4,74.4,0,31.4,1,12639.57,5687.81,1895.94,92.2,87.3,942.46,2.22,23.98,32.97,89.26
Uttar Pradesh,Hapur,Western UP,2009-10,Kharif,Rice,27387.6,69639.81,2542.8,484.9,5,32.1,0,13148.68,5522.45,2366.76,97.8,88.8,768.15,2.38,-38.72,32.1,92.4
Uttar Pradesh,Hapur,Western UP,2009-10,Rabi,Wheat,29933.3,93335.14,3118.1,27.8,0,32.6,4,17159.08,7721.59,2573.86,97.8,88.8,917.19,2.22,-53.68,39.12,92.4
Uttar Pradesh,Hapur,Western UP,2010-11,Kharif,Rice,21703.5,60006.81,2764.8,785.2,5,32.4,0,10594.11,4449.53,1906.94,96.1,89.4,781.01,2.38,-0.77,32.4,92.08
Uttar Pradesh,Hapur,Western UP,2010-11,Rabi,Wheat,26624.2,95661.82,3593.0,85.6,0,31.6,2,15896.23,7153.3,2384.43,96.1,89.4,955.29,2.22,42.64,34.76,92.08
Uttar Pradesh,Shamli,Western UP,1997-98,Kharif,Rice,25799.2,58978.43,2286.1,805.6,10,32.7,0,11087.18,4656.61,1995.69,84.6,80.5,687.6,2.38,2.48,32.7,82.14
Uttar Pradesh,Shamli,Western UP,1997-98,Rabi,Wheat,21394.1,71980.71,3364.5,62.9,0,30.7,0,11891.12,5351.0,1783.67,84.6,80.5,889.3,2.22,-0.03,30.7,82.14
Uttar Pradesh,Shamli,Western UP,1998-99,Kharif,Rice,25428.5,63116.79,2482.1,870.8,8,34.5,0,10182.83,4276.79,1832.91,88.7,84.2,640.72,2.38,10.77,34.5,86.0
Uttar Pradesh,Shamli,Western UP,1998-99,Rabi,Wheat,32921.9,103151.31,3133.2,88.0,0,32.2,2,18079.65,8135.84,2711.95,88.7,84.2,878.67,2.22,39.86,35.42,86.0
Uttar Pradesh,Shamli,Western UP,1999-00,Kharif,Rice,24649.4,70341.84,2853.7,751.3,3,32.0,0,8863.93,3722.85,1595.51,88.6,83.8,575.36,2.38,-4.43,32.0,85.72
Uttar Pradesh,Shamli,Western UP,1999-00,Rabi,Wheat,27596.4,92561.49,3354.1,68.1,0,28.6,0,14589.9,6565.46,2188.49,88.6,83.8,845.9,2.22,8.24,28.6,85.72
Uttar Pradesh,Shamli,Western UP,2000-01,Kharif,Rice,22254.7,62510.44,2808.9,667.2,2,31.6,0,9463.05,3974.48,1703.35,91.6,77.0,680.35,2.38,-15.13,31.6,82.84
Uttar Pradesh,Shamli,Western UP,2000-01,Rabi,Wheat,27213.3,79262.61,2912.6,50.6,0,33.3,5,13838.59,6227.36,2075.79,91.6,77.0,813.64,2.22,-19.58,41.62,82.84
Uttar Pradesh,Shamli,Western UP,2001-02,Kharif,Rice,23328.2,71464.45,3063.4,776.7,1,32.8,0,8904.39,3739.85,1602.79,89.1,83.1,610.72,2.38,-1.2,32.8,85.5
Uttar Pradesh,Shamli,Western UP,2001-02,Rabi,Wheat,25831.7,89719.41,3473.2,57.0,0,31.0,0,12919.15,5813.62,1937.87,89.1,83.1,800.2,2.22,-9.41,31.0,85.5
Uttar Pradesh,Shamli,Western UP,2002-03,Kharif,Rice,23491.8,67300.12,2864.8,493.0,4,33.3,0,10013.37,4205.62,1802.41,93.2,84.9,682.0,2.38,-37.29,33.3,88.22
Uttar Pradesh,Shamli,Western UP,2002-03,Rabi,Wheat,33853.1,120302.69,3553.7,34.9,0,32.0,2,19443.93,8749.77,2916.59,93.2,84.9,918.98,2.22,-44.53,35.2,88.22
Uttar Pradesh,Shamli,Western UP,2003-04,Kharif,Rice,33178.6,97642.96,2943.0,775.9,6,33.0,0,14955.0,6281.1,2691.9,87.2,82.7,721.19,2.38,-1.3,33.0,84.5
Uttar Pradesh,Shamli,Western UP,2003-04,Rabi,Wheat,29238.6,84206.86,2880.0,85.5,0,32.9,5,17068.63,7680.88,2560.29,87.2,82.7,934.03,2.22,35.89,41.12,84.5
Uttar Pradesh,Shamli,Western UP,2004-05,Kharif,Rice,23309.2,68079.06,2920.7,590.5,4,33.7,0,9421.54,3957.05,1695.88,90.0,83.2,646.72,2.38,-24.88,33.7,85.92
Uttar Pradesh,Shamli,Western UP,2004-05,Rabi,Wheat,31792.6,94303.0,2966.2,51.2,0,33.4,6,18540.25,8343.11,2781.04,90.0,83.2,933.06,2.22,-18.62,43.42,85.92
Uttar Pradesh,Shamli,Western UP,2005-06,Kharif,Rice,29112.6,86015.69,2954.6,830.3,5,33.0,0,12817.48,5383.34,2307.15,89.5,84.9,704.44,2.38,5.62,33.0,86.74
Uttar Pradesh,Shamli,Western UP,2005-06,Rabi,Wheat,31028.1,98033.46,3159.5,28.7,0,32.1,4,19256.97,8665.63,2888.54,89.5,84.9,993.01,2.22,-54.39,38.52,86.74
Uttar Pradesh,Shamli,Western UP,2006-07,Kharif,Rice,28196.2,80105.04,2841.0,836.5,9,33.4,0,12968.93,5446.95,2334.41,96.4,88.4,735.93,2.38,6.41,33.4,91.6
Uttar Pradesh,Shamli,Western UP,2006-07,Rabi,Wheat,29562.6,115257.27,3898.7,83.9,0,28.3,0,16305.82,7337.62,2445.87,96.4,88.4,882.51,2.22,33.35,28.3,91.6
Uttar Pradesh,Shamli,Western UP,2007-08,Kharif,Rice,22715.4,73602.09,3240.2,796.7,5,32.3,0,11178.57,4695.0,2012.14,94.8,85.6,787.38,2.38,1.35,32.3,89.28
Uttar Pradesh,Shamli,Western UP,2007-08,Rabi,Wheat,27128.2,105829.4,3901.1,75.4,0,31.0,0,16136.92,7261.61,2420.54,94.8,85.6,951.74,2.22,19.84,31.0,89.28
Uttar Pradesh,Shamli,Western UP,2008-09,Kharif,Rice,22803.0,57866.88,2537.7,1027.4,12,32.8,0,10586.2,4446.21,1905.52,96.9,87.2,742.79,2.38,30.69,32.8,91.08
Uttar Pradesh,Shamli,Western UP,2008-09,Rabi,Wheat,24892.6,93788.16,3767.7,71.8,0,32.9,3,15547.11,6996.2,2332.07,96.9,87.2,999.31,2.22,14.12,37.83,91.08
Uttar Pradesh,Shamli,Western UP,2009-10,Kharif,Rice,25976.9,76396.49,2940.9,571.3,2,33.1,0,11560.24,4855.3,2080.84,97.0,84.0,712.03,2.38,-27.33,33.1,89.2
Uttar Pradesh,Shamli,Western UP,2009-10,Rabi,Wheat,25224.5,93480.72,3706.0,49.4,0,31.7,2,16650.91,7492.91,2497.64,97.0,84.0,1056.17,2.22,-21.49,34.87,89.2
Uttar Pradesh,Shamli,Western UP,2010-11,Kharif,Rice,25871.9,65603.57,2535.7,546.1,4,32.6,0,12496.52,5248.54,2249.37,91.0,89.9,772.82,2.38,-30.53,32.6,90.34
Uttar Pradesh,Shamli,Western UP,2010-11,Rabi,Wheat,28227.2,110271.47,3906.6,53.4,0,30.1,0,17224.19,7750.89,2583.63,91.0,89.9,976.32,2.22,-15.13,30.1,90.34
